1 ,2 ,3 ,4 ,5 ,6 ,7 ,8 ,9  ,10  ,11 ,12 ,13 ,14 ,15 ,16 ,17 ,18 ,19 ,20 ,21 ,22 ,23 ,24 ,25 ,26 ,27  ,28  ,29  ,30  ,31  
Image set,IMAGE,Binary,ID,ID,Date/Time,Date/Time,ID,Width [pixel],Height [pixel],Longitude,Latitude,Longitude,Latitude,Longitude,Latitude,Longitude,Latitude,Longitude,Latitude,Longitude,Latitude,Longitude,Latitude,Longitude,Latitude,Pos X [pixel],Pos Y [pixel],Pos X [pixel],Pos Y [pixel],Size [pixel]
(subset; oc : oil/coast; ow : ...),(jpg_file),(xml_file),(tag),(patch_name),(start_time),(end_time),(Sentinel_ID),(patch_width),(patch_height),(patch_ul_lon),(patch_ul_lat),(patch_ur_lon),(patch_ur_lat),(patch_br_lon),(patch_br_lat),(patch_bl_lon),(patch_bl_lat),(obj_ul_lon),(obj_ul_lat),(obj_ur_lon),(obj_ur_lat),(obj_br_lon),(obj_br_lat),(obj_bl_lon),(obj_bl_lat),(obj_patchloc_xmin),(obj_patchloc_ymin),(obj_patchloc_xmax),(obj_patchloc_ymax),(label_size)
ow,ow-0001.jpg,ow-0001.xml,ow-0001-01-000001,S1_20190101_034235_034350_VV_1,2019-01-01T03:42:35,2019-01-01T03:43:50,S1B_IW_GRDH_1SDV_20190101T034300_20190101T034325_014295_01A97E_39B8.SAFE,640,640,33.14452564,33.30630759,33.00894514,33.32522602,32.98649421,33.21004467,33.1220747,33.19112624,33.06102064,33.26305446,33.05614822,33.26373434,33.05453455,33.25545568,33.05940698,33.2547758,345,297,368,343,1058
ow,ow-0002.jpg,ow-0002.xml,ow-0002-01-000002,S1_20190104_155638_155818_VV_2,2019-01-04T15:56:38,2019-01-04T15:58:18,S1A_IW_GRDH_1SDV_20190104T155703_20190104T155728_025330_02CD9D_BBAA.SAFE,640,640,31.97281581,31.61930822,32.10612707,31.63879275,32.08264054,31.75419203,31.94932927,31.7347075,32.0268314,31.67956341,32.03328866,31.68050719,32.0310868,31.69132587,32.02462954,31.69038209,309,282,340,342,1860
ow,ow-0003.jpg,ow-0003.xml,ow-0003-01-000003,S1_20190110_155611_155635_VV_9,2019-01-10T15:56:11,2019-01-10T15:56:35,S1B_IW_GRDH_1SDV_20190110T155611_20190110T155635_014434_01ADED_1E1A.SAFE,640,640,30.57330865,31.50539385,30.70549939,31.52585268,30.68102785,31.64083705,30.54883711,31.62037822,30.62283825,31.57040392,30.63254601,31.57190636,30.6317048,31.57585895,30.62199704,31.57435651,297,309,344,331,1034
ow,ow-0004.jpg,ow-0004.xml,ow-0004-01-000004,S1_20190110_155611_155635_VV_10,2019-01-10T15:56:11,2019-01-10T15:56:35,S1B_IW_GRDH_1SDV_20190110T155611_20190110T155635_014434_01ADED_1E1A.SAFE,640,640,31.12836228,31.64493587,31.26135747,31.66521933,31.23701977,31.78014611,31.10402458,31.75986266,31.18936654,31.70836865,31.192068,31.70878066,31.19134547,31.71219255,31.18864401,31.71178054,347,292,360,311,247
ow,ow-0004.jpg,ow-0004.xml,ow-0004-02-000005,S1_20190110_155611_155635_VV_10,2019-01-10T15:56:11,2019-01-10T15:56:35,S1B_IW_GRDH_1SDV_20190110T155611_20190110T155635_014434_01ADED_1E1A.SAFE,640,640,31.12836228,31.64493587,31.26135747,31.66521933,31.23701977,31.78014611,31.10402458,31.75986266,31.23682663,31.75472058,31.24139834,31.75541783,31.23755755,31.77355471,31.23298584,31.77285747,614,503,636,604,2222
ow,ow-0004.jpg,ow-0004.xml,ow-0004-03-000006,S1_20190110_155611_155635_VV_10,2019-01-10T15:56:11,2019-01-10T15:56:35,S1B_IW_GRDH_1SDV_20190110T155611_20190110T155635_014434_01ADED_1E1A.SAFE,640,640,31.12836228,31.64493587,31.26135747,31.66521933,31.23701977,31.78014611,31.10402458,31.75986266,31.18163433,31.71145297,31.18412799,31.71183328,31.18370969,31.71380859,31.18121603,31.71342827,314,315,326,326,132
ow,ow-0005.jpg,ow-0005.xml,ow-0005-01-000007,S1_20190110_155611_155635_VV_11,2019-01-10T15:56:11,2019-01-10T15:56:35,S1B_IW_GRDH_1SDV_20190110T155611_20190110T155635_014434_01ADED_1E1A.SAFE,640,640,32.09281401,31.85618071,32.22500475,31.87663953,32.20053321,31.9916239,32.06834248,31.97116508,32.15234941,31.9182854,32.15957859,31.91940424,32.15866091,31.92371616,32.15143173,31.92259732,341,285,376,309,840
ow,ow-0005.jpg,ow-0005.xml,ow-0005-02-000008,S1_20190110_155611_155635_VV_11,2019-01-10T15:56:11,2019-01-10T15:56:35,S1B_IW_GRDH_1SDV_20190110T155611_20190110T155635_014434_01ADED_1E1A.SAFE,640,640,32.09281401,31.85618071,32.22500475,31.87663953,32.20053321,31.9916239,32.06834248,31.97116508,32.13187112,31.92328159,32.13992649,31.9245283,32.13854997,31.93099617,32.1304946,31.92974946,250,329,289,365,1404
ow,ow-0005.jpg,ow-0005.xml,ow-0005-03-000009,S1_20190110_155611_155635_VV_11,2019-01-10T15:56:11,2019-01-10T15:56:35,S1B_IW_GRDH_1SDV_20190110T155611_20190110T155635_014434_01ADED_1E1A.SAFE,640,640,32.09281401,31.85618071,32.22500475,31.87663953,32.20053321,31.9916239,32.06834248,31.97116508,32.14207596,31.92244841,32.14579382,31.92302382,32.14502908,31.92661708,32.14131122,31.92604168,297,316,315,336,360
ow,ow-0006.jpg,ow-0006.xml,ow-0006-01-000010,S1_20190111_154836_155016_VV_6,2019-01-11T15:48:36,2019-01-11T15:50:16,S1A_IW_GRDH_1SDV_20190111T154901_20190111T154926_025432_02D14A_4A63.SAFE,640,640,32.41712534,32.30666154,32.55081887,32.32771583,32.52529856,32.44292573,32.39160503,32.42187144,32.46270664,32.39562333,32.49592112,32.400854,32.49169432,32.41993564,32.45847983,32.41470497,302,439,461,545,16854
ow,ow-0006.jpg,ow-0006.xml,ow-0006-02-000011,S1_20190111_154836_155016_VV_6,2019-01-11T15:48:36,2019-01-11T15:50:16,S1A_IW_GRDH_1SDV_20190111T154901_20190111T154926_025432_02D14A_4A63.SAFE,640,640,32.41712534,32.30666154,32.55081887,32.32771583,32.52529856,32.44292573,32.39160503,32.42187144,32.4394587,32.32880815,32.47538884,32.33446649,32.46482184,32.38217059,32.4288917,32.37651225,126,100,298,365,45580
ow,ow-0006.jpg,ow-0006.xml,ow-0006-03-000012,S1_20190111_154836_155016_VV_6,2019-01-11T15:48:36,2019-01-11T15:50:16,S1A_IW_GRDH_1SDV_20190111T154901_20190111T154926_025432_02D14A_4A63.SAFE,640,640,32.41712534,32.30666154,32.55081887,32.32771583,32.52529856,32.44292573,32.39160503,32.42187144,32.46282034,32.38632648,32.4759808,32.38839901,32.47374777,32.39847987,32.46058732,32.39640734,293,389,356,445,3528
ow,ow-0006.jpg,ow-0006.xml,ow-0006-04-000013,S1_20190111_154836_155016_VV_6,2019-01-11T15:48:36,2019-01-11T15:50:16,S1A_IW_GRDH_1SDV_20190111T154901_20190111T154926_025432_02D14A_4A63.SAFE,640,640,32.41712534,32.30666154,32.55081887,32.32771583,32.52529856,32.44292573,32.39160503,32.42187144,32.50075969,32.39267382,32.51016002,32.3941542,32.50896375,32.39955466,32.49956343,32.39807428,475,391,520,421,1350
ow,ow-0007.jpg,ow-0007.xml,ow-0007-01-000014,S1_20190112_035117_035259_VV_0,2019-01-12T03:51:17,2019-01-12T03:52:59,S1A_IW_GRDH_1SDV_20190112T035232_20190112T035259_025439_02D183_0BB2.SAFE;S1A_IW_GRDH_1SDV_20190112T035207_20190112T035232_025439_02D183_4040.SAFE,640,640,31.25966962,31.71133327,31.12682976,31.7310458,31.10312946,31.61580647,31.23596932,31.59609394,31.18331926,31.66458389,31.17958314,31.66513831,31.17910173,31.66279751,31.18283785,31.6622431,312,313,330,326,234
ow,ow-0008.jpg,ow-0008.xml,ow-0008-01-000015,S1_20190112_153943_154058_VV_2,2019-01-12T15:39:43,2019-01-12T15:40:58,S1B_IW_GRDH_1SDV_20190112T154033_20190112T154058_014463_01AEE6_B38F.SAFE,640,640,35.2080835,34.00754649,35.3444096,34.02733089,35.32002668,34.14244577,35.18370057,34.12266137,35.25432932,34.06079235,35.28052949,34.06459466,35.27504333,34.09049551,35.24884316,34.0866932,262,251,385,395,17712
ow,ow-0009.jpg,ow-0009.xml,ow-0009-01-000016,S1_20190119_034258_034438_VV_0,2019-01-19T03:42:58,2019-01-19T03:44:38,S1A_IW_GRDH_1SDV_20190119T034323_20190119T034348_025541_02D53C_8F34.SAFE,640,640,34.97099274,34.65356641,34.83328311,34.67402688,34.807723,34.55878392,34.94543263,34.53832344,34.90595877,34.63793283,34.88551749,34.64096993,34.87249781,34.58226804,34.89293908,34.57923094,277,136,372,462,30970
ow,ow-0010.jpg,ow-0010.xml,ow-0010-01-000017,S1_20190119_034258_034438_VV_3,2019-01-19T03:42:58,2019-01-19T03:44:38,S1A_IW_GRDH_1SDV_20190119T034323_20190119T034348_025541_02D53C_8F34.SAFE,640,640,33.42849831,34.1626332,33.29219679,34.18162739,33.2686475,34.06647599,33.40494902,34.0474818,33.37749455,34.14994025,33.29337095,34.16166323,33.27648169,34.07907808,33.36060529,34.06735511,221,107,616,566,181305
ow,ow-0010.jpg,ow-0010.xml,ow-0010-02-000018,S1_20190119_034258_034438_VV_3,2019-01-19T03:42:58,2019-01-19T03:44:38,S1A_IW_GRDH_1SDV_20190119T034323_20190119T034348_025541_02D53C_8F34.SAFE,640,640,33.42849831,34.1626332,33.29219679,34.18162739,33.2686475,34.06647599,33.40494902,34.0474818,33.39838913,34.15035944,33.38539789,34.15216982,33.38403644,34.14551263,33.39702768,34.14370225,126,89,187,126,2257
ow,ow-0011.jpg,ow-0011.xml,ow-0011-01-000019,S1_20190122_155610_155635_VV_0,2019-01-22T15:56:10,2019-01-22T15:56:35,S1B_IW_GRDH_1SDV_20190122T155610_20190122T155635_014609_01B38B_28CE.SAFE,640,640,32.27111489,31.31226065,32.40364798,31.33148336,32.38064195,31.44638622,32.24810886,31.42716351,32.32507206,31.34077859,32.34329536,31.34342171,32.34146207,31.35257803,32.32323877,31.34993491,280,112,368,163,4488
ow,ow-0011.jpg,ow-0011.xml,ow-0011-02-000020,S1_20190122_155610_155635_VV_0,2019-01-22T15:56:10,2019-01-22T15:56:35,S1B_IW_GRDH_1SDV_20190122T155610_20190122T155635_014609_01B38B_28CE.SAFE,640,640,32.27111489,31.31226065,32.40364798,31.33148336,32.38064195,31.44638622,32.24810886,31.42716351,32.32218448,31.39670836,32.33688737,31.39884088,32.33289727,31.41876935,32.31819438,31.41663683,319,417,390,528,7881
ow,ow-0011.jpg,ow-0011.xml,ow-0011-03-000021,S1_20190122_155610_155635_VV_0,2019-01-22T15:56:10,2019-01-22T15:56:35,S1B_IW_GRDH_1SDV_20190122T155610_20190122T155635_014609_01B38B_28CE.SAFE,640,640,32.27111489,31.31226065,32.40364798,31.33148336,32.38064195,31.44638622,32.24810886,31.42716351,32.31080042,31.38545024,32.31452791,31.38599087,32.31334166,31.39191555,32.30961417,31.39137491,255,365,273,398,594
ow,ow-0012.jpg,ow-0012.xml,ow-0012-01-000022,S1_20190122_155610_155635_VV_7,2019-01-22T15:56:10,2019-01-22T15:56:35,S1B_IW_GRDH_1SDV_20190122T155610_20190122T155635_014609_01B38B_28CE.SAFE,640,640,30.01712272,31.43854209,30.14931381,31.45899953,30.1248439,31.57398413,29.99265281,31.55352669,30.02992209,31.45258561,30.03302032,31.45306508,30.03217917,31.45701768,30.02908094,31.4565382,74,65,89,87,330
ow,ow-0012.jpg,ow-0012.xml,ow-0012-02-000023,S1_20190122_155610_155635_VV_7,2019-01-22T15:56:10,2019-01-22T15:56:35,S1B_IW_GRDH_1SDV_20190122T155610_20190122T155635_014609_01B38B_28CE.SAFE,640,640,30.01712272,31.43854209,30.14931381,31.45899953,30.1248439,31.57398413,29.99265281,31.55352669,30.09968859,31.54281086,30.11703867,31.5454959,30.11397993,31.55986897,30.09662985,31.55718393,491,493,575,573,6720
ow,ow-0012.jpg,ow-0012.xml,ow-0012-03-000024,S1_20190122_155610_155635_VV_7,2019-01-22T15:56:10,2019-01-22T15:56:35,S1B_IW_GRDH_1SDV_20190122T155610_20190122T155635_014609_01B38B_28CE.SAFE,640,640,30.01712272,31.43854209,30.14931381,31.45899953,30.1248439,31.57398413,29.99265281,31.55352669,30.02631892,31.45147125,30.02983025,31.45201465,30.02906556,31.45560792,30.02555424,31.45506452,56,62,73,82,340
ow,ow-0012.jpg,ow-0012.xml,ow-0012-04-000025,S1_20190122_155610_155635_VV_7,2019-01-22T15:56:10,2019-01-22T15:56:35,S1B_IW_GRDH_1SDV_20190122T155610_20190122T155635_014609_01B38B_28CE.SAFE,640,640,30.01712272,31.43854209,30.14931381,31.45899953,30.1248439,31.57398413,29.99265281,31.55352669,30.11832535,31.56351074,30.12679384,31.56482129,30.12514977,31.57254682,30.11668128,31.57123627,599,589,640,632,1763
ow,ow-0013.jpg,ow-0013.xml,ow-0013-01-000026,S1_20190122_155610_155635_VV_9,2019-01-22T15:56:10,2019-01-22T15:56:35,S1B_IW_GRDH_1SDV_20190122T155610_20190122T155635_014609_01B38B_28CE.SAFE,640,640,31.60944969,31.66269551,31.74164077,31.68315295,31.71717086,31.79813755,31.58497977,31.77768011,31.6607548,31.72538154,31.66860365,31.7265962,31.66673017,31.73539971,31.65888133,31.73418505,303,295,341,344,1862
ow,ow-0014.jpg,ow-0014.xml,ow-0014-01-000027,S1_20190122_155610_155635_VV_10,2019-01-22T15:56:10,2019-01-22T15:56:35,S1B_IW_GRDH_1SDV_20190122T155610_20190122T155635_014609_01B38B_28CE.SAFE,640,640,30.29585487,31.55739454,30.42804595,31.57785198,30.40357604,31.69283657,30.27138495,31.67237913,30.39301957,31.60509357,30.39487851,31.60538126,30.3944197,31.60753722,30.39256076,31.60724953,503,176,512,188,108
ow,ow-0014.jpg,ow-0014.xml,ow-0014-02-000028,S1_20190122_155610_155635_VV_10,2019-01-22T15:56:10,2019-01-22T15:56:35,S1B_IW_GRDH_1SDV_20190122T155610_20190122T155635_014609_01B38B_28CE.SAFE,640,640,30.29585487,31.55739454,30.42804595,31.57785198,30.40357604,31.69283657,30.27138495,31.67237913,30.34182089,31.62612079,30.34409293,31.6264724,30.34325177,31.630425,30.34097974,31.63007338,284,332,295,354,242
ow,ow-0014.jpg,ow-0014.xml,ow-0014-03-000029,S1_20190122_155610_155635_VV_10,2019-01-22T15:56:10,2019-01-22T15:56:35,S1B_IW_GRDH_1SDV_20190122T155610_20190122T155635_014609_01B38B_28CE.SAFE,640,640,30.29585487,31.55739454,30.42804595,31.57785198,30.40357604,31.69283657,30.27138495,31.67237913,30.36724797,31.6139103,30.36828071,31.61407012,30.3679366,31.61568709,30.36690386,31.61552727,391,245,396,254,45
ow,ow-0014.jpg,ow-0014.xml,ow-0014-04-000030,S1_20190122_155610_155635_VV_10,2019-01-22T15:56:10,2019-01-22T15:56:35,S1B_IW_GRDH_1SDV_20190122T155610_20190122T155635_014609_01B38B_28CE.SAFE,640,640,30.29585487,31.55739454,30.42804595,31.57785198,30.40357604,31.69283657,30.27138495,31.67237913,30.35692886,31.62029331,30.35858125,31.62054902,30.35781656,31.62414229,30.35616417,31.62388657,349,288,357,308,160
ow,ow-0014.jpg,ow-0014.xml,ow-0014-05-000031,S1_20190122_155610_155635_VV_10,2019-01-22T15:56:10,2019-01-22T15:56:35,S1B_IW_GRDH_1SDV_20190122T155610_20190122T155635_014609_01B38B_28CE.SAFE,640,640,30.29585487,31.55739454,30.42804595,31.57785198,30.40357604,31.69283657,30.27138495,31.67237913,30.36950876,31.57120551,30.37487902,31.57203659,30.37315848,31.58012145,30.36778822,31.57929037,359,13,385,58,1170
ow,ow-0015.jpg,ow-0015.xml,ow-0015-01-000032,S1_20190122_155641_155735_VV_0,2019-01-22T15:56:41,2019-01-22T15:57:35,S1B_IW_GRDH_1SDV_20190122T155641_20190122T155710_014609_01B38C_DBD6.SAFE,1502,1502,31.217285,32.72000079,31.5334956,32.76658814,31.47669336,33.03723005,31.16048276,32.9906427,31.2492838,32.73195979,31.33138908,32.74405637,31.32223719,32.7876618,31.24013191,32.77556521,159,39,549,281,94380
ow,ow-0015.jpg,ow-0015.xml,ow-0015-02-000033,S1_20190122_155641_155735_VV_0,2019-01-22T15:56:41,2019-01-22T15:57:35,S1B_IW_GRDH_1SDV_20190122T155641_20190122T155710_014609_01B38C_DBD6.SAFE,1502,1502,31.217285,32.72000079,31.5334956,32.76658814,31.47669336,33.03723005,31.16048276,32.9906427,31.24936087,32.75537683,31.41146618,32.77925982,31.37013139,32.97620497,31.20802609,32.95232198,182,165,952,1258,841610
ow,ow-0016.jpg,ow-0016.xml,ow-0016-01-000034,S1_20190122_155641_155735_VV_2,2019-01-22T15:56:41,2019-01-22T15:57:35,S1B_IW_GRDH_1SDV_20190122T155641_20190122T155710_014609_01B38C_DBD6.SAFE,657,657,30.2215581,33.56352385,30.3610448,33.58474477,30.3348757,33.70313989,30.195389,33.68191897,30.248843,33.64758272,30.25924611,33.64916541,30.25721472,33.65835589,30.24681161,33.65677321,209,429,258,480,2499
ow,ow-0016.jpg,ow-0016.xml,ow-0016-02-000035,S1_20190122_155641_155735_VV_2,2019-01-22T15:56:41,2019-01-22T15:57:35,S1B_IW_GRDH_1SDV_20190122T155641_20190122T155710_014609_01B38C_DBD6.SAFE,657,657,30.2215581,33.56352385,30.3610448,33.58474477,30.3348757,33.70313989,30.195389,33.68191897,30.21738076,33.64894294,30.22290078,33.64978274,30.22051091,33.66059508,30.21499088,33.65975528,67,462,93,522,1560
ow,ow-0016.jpg,ow-0016.xml,ow-0016-03-000036,S1_20190122_155641_155735_VV_2,2019-01-22T15:56:41,2019-01-22T15:57:35,S1B_IW_GRDH_1SDV_20190122T155641_20190122T155710_014609_01B38C_DBD6.SAFE,657,657,30.2215581,33.56352385,30.3610448,33.58474477,30.3348757,33.70313989,30.195389,33.68191897,30.22822127,33.65450375,30.23798746,33.65598954,30.2353586,33.66788311,30.22559241,33.66639732,122,483,168,549,3036
ow,ow-0016.jpg,ow-0016.xml,ow-0016-04-000037,S1_20190122_155641_155735_VV_2,2019-01-22T15:56:41,2019-01-22T15:57:35,S1B_IW_GRDH_1SDV_20190122T155641_20190122T155710_014609_01B38C_DBD6.SAFE,657,657,30.2215581,33.56352385,30.3610448,33.58474477,30.3348757,33.70313989,30.195389,33.68191897,30.20424319,33.6547674,30.24160949,33.66045215,30.23671025,33.68261745,30.19934395,33.67693269,13,504,189,627,21648
ow,ow-0016.jpg,ow-0016.xml,ow-0016-05-000038,S1_20190122_155641_155735_VV_2,2019-01-22T15:56:41,2019-01-22T15:57:35,S1B_IW_GRDH_1SDV_20190122T155641_20190122T155710_014609_01B38C_DBD6.SAFE,657,657,30.2215581,33.56352385,30.3610448,33.58474477,30.3348757,33.70313989,30.195389,33.68191897,30.22226423,33.64670565,30.2316058,33.64812684,30.2303312,33.65389342,30.22098963,33.65247223,87,446,131,478,1408
ow,ow-0016.jpg,ow-0016.xml,ow-0016-06-000039,S1_20190122_155641_155735_VV_2,2019-01-22T15:56:41,2019-01-22T15:57:35,S1B_IW_GRDH_1SDV_20190122T155641_20190122T155710_014609_01B38C_DBD6.SAFE,657,657,30.2215581,33.56352385,30.3610448,33.58474477,30.3348757,33.70313989,30.195389,33.68191897,30.22945185,33.57645949,30.32307991,33.59070367,30.3083822,33.65719956,30.21475414,33.64295538,49,63,490,432,162729
ow,ow-0016.jpg,ow-0016.xml,ow-0016-07-000040,S1_20190122_155641_155735_VV_2,2019-01-22T15:56:41,2019-01-22T15:57:35,S1B_IW_GRDH_1SDV_20190122T155641_20190122T155710_014609_01B38C_DBD6.SAFE,657,657,30.2215581,33.56352385,30.3610448,33.58474477,30.3348757,33.70313989,30.195389,33.68191897,30.20743872,33.67406636,30.2218757,33.67626274,30.22020279,33.68383138,30.20576581,33.681635,47,605,115,647,2856
ow,ow-0016.jpg,ow-0016.xml,ow-0016-08-000041,S1_20190122_155641_155735_VV_2,2019-01-22T15:56:41,2019-01-22T15:57:35,S1B_IW_GRDH_1SDV_20190122T155641_20190122T155710_014609_01B38C_DBD6.SAFE,657,657,30.2215581,33.56352385,30.3610448,33.58474477,30.3348757,33.70313989,30.195389,33.68191897,30.23438308,33.61669797,30.35009122,33.63430133,30.33527401,33.70133783,30.21956587,33.68373448,112,275,657,647,202740
ow,ow-0017.jpg,ow-0017.xml,ow-0017-01-000042,S1_20190122_155641_155735_VV_3,2019-01-22T15:56:41,2019-01-22T15:57:35,S1B_IW_GRDH_1SDV_20190122T155641_20190122T155710_014609_01B38C_DBD6.SAFE,640,640,29.97767764,33.53455684,30.11342265,33.55552748,30.08756101,33.67086925,29.951816,33.64989861,30.08424047,33.61814633,30.08699779,33.61857229,30.08635125,33.62145584,30.08359393,33.62102987,571,360,584,376,208
ow,ow-0017.jpg,ow-0017.xml,ow-0017-02-000043,S1_20190122_155641_155735_VV_3,2019-01-22T15:56:41,2019-01-22T15:57:35,S1B_IW_GRDH_1SDV_20190122T155641_20190122T155710_014609_01B38C_DBD6.SAFE,640,640,29.97767764,33.53455684,30.11342265,33.55552748,30.08756101,33.67086925,29.951816,33.64989861,30.07510951,33.62755064,30.09653177,33.63086007,30.09051085,33.65771308,30.06908859,33.65440365,539,418,640,567,15049
ow,ow-0017.jpg,ow-0017.xml,ow-0017-03-000044,S1_20190122_155641_155735_VV_3,2019-01-22T15:56:41,2019-01-22T15:57:35,S1B_IW_GRDH_1SDV_20190122T155641_20190122T155710_014609_01B38C_DBD6.SAFE,640,640,29.97767764,33.53455684,30.11342265,33.55552748,30.08756101,33.67086925,29.951816,33.64989861,30.00176563,33.55338168,30.07960691,33.56540703,30.07698034,33.57712143,29.99913906,33.56509607,129,81,496,146,23855
ow,ow-0017.jpg,ow-0017.xml,ow-0017-04-000045,S1_20190122_155641_155735_VV_3,2019-01-22T15:56:41,2019-01-22T15:57:35,S1B_IW_GRDH_1SDV_20190122T155641_20190122T155710_014609_01B38C_DBD6.SAFE,640,640,29.97767764,33.53455684,30.11342265,33.55552748,30.08756101,33.67086925,29.951816,33.64989861,30.02038587,33.6504226,30.03417247,33.65255243,30.03287939,33.65831952,30.01909279,33.65618969,313,586,378,618,2080
ow,ow-0017.jpg,ow-0017.xml,ow-0017-05-000046,S1_20190122_155641_155735_VV_3,2019-01-22T15:56:41,2019-01-22T15:57:35,S1B_IW_GRDH_1SDV_20190122T155641_20190122T155710_014609_01B38C_DBD6.SAFE,640,640,29.97767764,33.53455684,30.11342265,33.55552748,30.08756101,33.67086925,29.951816,33.64989861,30.01015524,33.63243328,30.02775967,33.63515291,30.02202162,33.66074436,30.00441719,33.65802473,248,498,331,640,11786
ow,ow-0017.jpg,ow-0017.xml,ow-0017-06-000047,S1_20190122_155641_155735_VV_3,2019-01-22T15:56:41,2019-01-22T15:57:35,S1B_IW_GRDH_1SDV_20190122T155641_20190122T155710_014609_01B38C_DBD6.SAFE,640,640,29.97767764,33.53455684,30.11342265,33.55552748,30.08756101,33.67086925,29.951816,33.64989861,30.00361277,33.57939908,30.00976371,33.58034931,30.00911717,33.58323285,30.00296623,33.58228262,164,219,193,235,464
ow,ow-0017.jpg,ow-0017.xml,ow-0017-07-000048,S1_20190122_155641_155735_VV_3,2019-01-22T15:56:41,2019-01-22T15:57:35,S1B_IW_GRDH_1SDV_20190122T155641_20190122T155710_014609_01B38C_DBD6.SAFE,640,640,29.97767764,33.53455684,30.11342265,33.55552748,30.08756101,33.67086925,29.951816,33.64989861,29.98965358,33.59663485,29.9924109,33.59706081,29.99164313,33.60048502,29.98888581,33.60005906,118,323,131,342,247
ow,ow-0017.jpg,ow-0017.xml,ow-0017-08-000049,S1_20190122_155641_155735_VV_3,2019-01-22T15:56:41,2019-01-22T15:57:35,S1B_IW_GRDH_1SDV_20190122T155641_20190122T155710_014609_01B38C_DBD6.SAFE,640,640,29.97767764,33.53455684,30.11342265,33.55552748,30.08756101,33.67086925,29.951816,33.64989861,29.972677,33.55783818,29.9996139,33.56199954,29.99331013,33.5901141,29.96637323,33.58595274,1,129,128,285,19812
ow,ow-0017.jpg,ow-0017.xml,ow-0017-09-000050,S1_20190122_155641_155735_VV_3,2019-01-22T15:56:41,2019-01-22T15:57:35,S1B_IW_GRDH_1SDV_20190122T155641_20190122T155710_014609_01B38C_DBD6.SAFE,640,640,29.97767764,33.53455684,30.11342265,33.55552748,30.08756101,33.67086925,29.951816,33.64989861,29.97891686,33.60243474,29.9852799,33.60341774,29.98447173,33.60702217,29.97810868,33.60603917,75,363,105,383,600
ow,ow-0017.jpg,ow-0017.xml,ow-0017-10-000051,S1_20190122_155641_155735_VV_3,2019-01-22T15:56:41,2019-01-22T15:57:35,S1B_IW_GRDH_1SDV_20190122T155641_20190122T155710_014609_01B38C_DBD6.SAFE,640,640,29.97767764,33.53455684,30.11342265,33.55552748,30.08756101,33.67086925,29.951816,33.64989861,30.03054734,33.63446478,30.04603076,33.63685674,30.04465686,33.64298427,30.02917344,33.64059231,343,492,416,526,2482
ow,ow-0018.jpg,ow-0018.xml,ow-0018-01-000052,S1_20190122_155641_155735_VV_4,2019-01-22T15:56:41,2019-01-22T15:57:35,S1B_IW_GRDH_1SDV_20190122T155641_20190122T155710_014609_01B38C_DBD6.SAFE,640,640,30.09216762,33.650324,30.22791263,33.67129464,30.20205099,33.78663641,30.06630597,33.76566576,30.21281301,33.66914843,30.2242665,33.67091783,30.22378159,33.67308049,30.2123281,33.67131109,569,1,623,13,648
ow,ow-0018.jpg,ow-0018.xml,ow-0018-02-000053,S1_20190122_155641_155735_VV_4,2019-01-22T15:56:41,2019-01-22T15:57:35,S1B_IW_GRDH_1SDV_20190122T155641_20190122T155710_014609_01B38C_DBD6.SAFE,640,640,30.09216762,33.650324,30.22791263,33.67129464,30.20205099,33.78663641,30.06630597,33.76566576,30.16572646,33.66187424,30.1852398,33.66488877,30.18289609,33.67534162,30.16338275,33.67232709,347,1,439,59,5336
ow,ow-0018.jpg,ow-0018.xml,ow-0018-03-000054,S1_20190122_155641_155735_VV_4,2019-01-22T15:56:41,2019-01-22T15:57:35,S1B_IW_GRDH_1SDV_20190122T155641_20190122T155710_014609_01B38C_DBD6.SAFE,640,640,30.09216762,33.650324,30.22791263,33.67129464,30.20205099,33.78663641,30.06630597,33.76566576,30.13532463,33.67023008,30.13999087,33.67095095,30.13914228,33.6747356,30.13447605,33.67401473,217,71,239,92,462
ow,ow-0018.jpg,ow-0018.xml,ow-0018-04-000055,S1_20190122_155641_155735_VV_4,2019-01-22T15:56:41,2019-01-22T15:57:35,S1B_IW_GRDH_1SDV_20190122T155641_20190122T155710_014609_01B38C_DBD6.SAFE,640,640,30.09216762,33.650324,30.22791263,33.67129464,30.20205099,33.78663641,30.06630597,33.76566576,30.17810809,33.68690857,30.18574375,33.68808817,30.18517803,33.69061127,30.17754237,33.68943167,429,125,465,139,504
ow,ow-0018.jpg,ow-0018.xml,ow-0018-05-000056,S1_20190122_155641_155735_VV_4,2019-01-22T15:56:41,2019-01-22T15:57:35,S1B_IW_GRDH_1SDV_20190122T155641_20190122T155710_014609_01B38C_DBD6.SAFE,640,640,30.09216762,33.650324,30.22791263,33.67129464,30.20205099,33.78663641,30.06630597,33.76566576,30.15058589,33.67165541,30.17009924,33.67466994,30.16888697,33.68007658,30.14937363,33.67706205,288,66,380,96,2760
ow,ow-0018.jpg,ow-0018.xml,ow-0018-06-000057,S1_20190122_155641_155735_VV_4,2019-01-22T15:56:41,2019-01-22T15:57:35,S1B_IW_GRDH_1SDV_20190122T155641_20190122T155710_014609_01B38C_DBD6.SAFE,640,640,30.09216762,33.650324,30.22791263,33.67129464,30.20205099,33.78663641,30.06630597,33.76566576,30.15181827,33.66811651,30.15775711,33.66903397,30.15682771,33.67317907,30.15088887,33.6722616,290,46,318,69,644
ow,ow-0018.jpg,ow-0018.xml,ow-0018-07-000058,S1_20190122_155641_155735_VV_4,2019-01-22T15:56:41,2019-01-22T15:57:35,S1B_IW_GRDH_1SDV_20190122T155641_20190122T155710_014609_01B38C_DBD6.SAFE,640,640,30.09216762,33.650324,30.22791263,33.67129464,30.20205099,33.78663641,30.06630597,33.76566576,30.18480465,33.68346795,30.1913798,33.68448372,30.19061203,33.68790793,30.18403688,33.68689216,456,101,487,120,589
ow,ow-0018.jpg,ow-0018.xml,ow-0018-08-000059,S1_20190122_155641_155735_VV_4,2019-01-22T15:56:41,2019-01-22T15:57:35,S1B_IW_GRDH_1SDV_20190122T155641_20190122T155710_014609_01B38C_DBD6.SAFE,640,640,30.09216762,33.650324,30.22791263,33.67129464,30.20205099,33.78663641,30.06630597,33.76566576,30.20238968,33.66865696,30.21320686,33.67032806,30.21142887,33.67825781,30.20061169,33.67658671,521,7,572,51,2244
ow,ow-0018.jpg,ow-0018.xml,ow-0018-09-000060,S1_20190122_155641_155735_VV_4,2019-01-22T15:56:41,2019-01-22T15:57:35,S1B_IW_GRDH_1SDV_20190122T155641_20190122T155710_014609_01B38C_DBD6.SAFE,640,640,30.09216762,33.650324,30.22791263,33.67129464,30.20205099,33.78663641,30.06630597,33.76566576,30.20673247,33.67473532,30.22115537,33.67696345,30.21974107,33.6832712,30.20531816,33.68104307,547,36,615,71,2380
ow,ow-0018.jpg,ow-0018.xml,ow-0018-10-000061,S1_20190122_155641_155735_VV_4,2019-01-22T15:56:41,2019-01-22T15:57:35,S1B_IW_GRDH_1SDV_20190122T155641_20190122T155710_014609_01B38C_DBD6.SAFE,640,640,30.09216762,33.650324,30.22791263,33.67129464,30.20205099,33.78663641,30.06630597,33.76566576,30.22178162,33.67612787,30.22665996,33.67688151,30.22516483,33.6835497,30.2202865,33.68279607,617,31,640,68,851
ow,ow-0019.jpg,ow-0019.xml,ow-0019-01-000062,S1_20190122_155641_155735_VV_5,2019-01-22T15:56:41,2019-01-22T15:57:35,S1B_IW_GRDH_1SDV_20190122T155710_20190122T155735_014609_01B38C_4548.SAFE,640,640,30.63026815,34.27528501,30.7674634,34.29529982,30.74257549,34.41058883,30.60538024,34.39057401,30.66073075,34.32673954,30.71839563,34.33515202,30.71318472,34.35929066,30.65551984,34.35087818,188,253,457,387,36046
ow,ow-0020.jpg,ow-0020.xml,ow-0020-01-000063,S1_20190122_155641_155735_VV_6,2019-01-22T15:56:41,2019-01-22T15:57:35,S1B_IW_GRDH_1SDV_20190122T155710_20190122T155735_014609_01B38C_4548.SAFE,640,640,30.76857509,34.29732013,30.90577034,34.31733494,30.88088243,34.43262395,30.74368719,34.41260913,30.81921208,34.36082261,30.82950172,34.36232373,30.82747958,34.37169096,30.81718993,34.37018985,291,302,339,354,2496
ow,ow-0021.jpg,ow-0021.xml,ow-0021-01-000064,S1_20190123_035850_040029_VV_0,2019-01-23T03:58:50,2019-01-23T04:00:29,S1B_IW_GRDH_1SDV_20190123T035915_20190123T035940_014616_01B3CB_38CE.SAFE,640,640,30.38264423,33.12752683,30.24745098,33.1479461,30.22245215,33.03274708,30.3576454,33.01232781,30.34253247,33.10755948,30.27007734,33.11850294,30.25578113,33.0526235,30.32823626,33.04168004,164,140,507,506,125538
ow,ow-0022.jpg,ow-0022.xml,ow-0022-01-000065,S1_20190123_035850_040029_VV_1,2019-01-23T03:58:50,2019-01-23T04:00:29,S1B_IW_GRDH_1SDV_20190123T035940_20190123T040005_014616_01B3CB_32E6.SAFE,640,640,31.0021669,32.23862036,30.86919848,32.26010138,30.84326667,32.1448198,30.9762351,32.12333878,30.94783799,32.16843441,30.94513707,32.16887075,30.94477241,32.1672496,30.94747333,32.16681327,179,423,192,432,117
ow,ow-0022.jpg,ow-0022.xml,ow-0022-02-000066,S1_20190123_035850_040029_VV_1,2019-01-23T03:58:50,2019-01-23T04:00:29,S1B_IW_GRDH_1SDV_20190123T035940_20190123T040005_014616_01B3CB_32E6.SAFE,640,640,31.0021669,32.23862036,30.86919848,32.26010138,30.84326667,32.1448198,30.9762351,32.12333878,30.87970889,32.16133335,30.87700797,32.16176969,30.8766433,32.16014854,30.87934422,32.15971221,488,520,501,529,117
ow,ow-0022.jpg,ow-0022.xml,ow-0022-03-000067,S1_20190123_035850_040029_VV_1,2019-01-23T03:58:50,2019-01-23T04:00:29,S1B_IW_GRDH_1SDV_20190123T035940_20190123T040005_014616_01B3CB_32E6.SAFE,640,640,31.0021669,32.23862036,30.86919848,32.26010138,30.84326667,32.1448198,30.9762351,32.12333878,30.96825319,32.22281837,30.9107028,32.23211562,30.91066228,32.23193549,30.96821267,32.22263824,141,114,418,115,277
ow,ow-0022.jpg,ow-0022.xml,ow-0022-04-000068,S1_20190123_035850_040029_VV_1,2019-01-23T03:58:50,2019-01-23T04:00:29,S1B_IW_GRDH_1SDV_20190123T035940_20190123T040005_014616_01B3CB_32E6.SAFE,640,640,31.0021669,32.23862036,30.86919848,32.26010138,30.84326667,32.1448198,30.9762351,32.12333878,30.96513667,32.1783336,30.96305904,32.17866924,30.96261333,32.17668784,30.96469097,32.17635219,109,355,119,366,110
ow,ow-0022.jpg,ow-0022.xml,ow-0022-05-000069,S1_20190123_035850_040029_VV_1,2019-01-23T03:58:50,2019-01-23T04:00:29,S1B_IW_GRDH_1SDV_20190123T035940_20190123T040005_014616_01B3CB_32E6.SAFE,640,640,31.0021669,32.23862036,30.86919848,32.26010138,30.84326667,32.1448198,30.9762351,32.12333878,30.93510926,32.16545056,30.88399952,32.17370733,30.88002871,32.15605483,30.93113845,32.14779807,235,450,481,548,24108
ow,ow-0023.jpg,ow-0023.xml,ow-0023-01-000070,S1_20190123_035850_040029_VV_2,2019-01-23T03:58:50,2019-01-23T04:00:29,S1B_IW_GRDH_1SDV_20190123T035940_20190123T040005_014616_01B3CB_32E6.SAFE,640,640,30.26821861,32.1837363,30.13488573,32.20437896,30.10996117,32.08913203,30.24329405,32.06848937,30.2081964,32.14613107,30.17340485,32.15151752,30.16799155,32.12648732,30.2027831,32.12110088,241,252,408,391,23213
ow,ow-0024.jpg,ow-0024.xml,ow-0024-01-000071,S1_20190123_035850_040029_VV_3,2019-01-23T03:58:50,2019-01-23T04:00:29,S1B_IW_GRDH_1SDV_20190123T035940_20190123T040005_014616_01B3CB_32E6.SAFE,640,640,30.9777894,31.95711315,30.84475865,31.97845452,30.8189937,31.86317662,30.95202445,31.84183525,30.91215718,31.90719022,30.88077023,31.91222545,30.8764224,31.89277231,30.90780934,31.88773708,253,324,404,432,16308
ow,ow-0024.jpg,ow-0024.xml,ow-0024-02-000072,S1_20190123_035850_040029_VV_3,2019-01-23T03:58:50,2019-01-23T04:00:29,S1B_IW_GRDH_1SDV_20190123T035940_20190123T040005_014616_01B3CB_32E6.SAFE,640,640,30.9777894,31.95711315,30.84475865,31.97845452,30.8189937,31.86317662,30.95202445,31.84183525,30.84327478,31.87066273,30.83308961,31.87229667,30.83168059,31.86599241,30.84186576,31.86435847,535,579,584,614,1715
ow,ow-0024.jpg,ow-0024.xml,ow-0024-03-000073,S1_20190123_035850_040029_VV_3,2019-01-23T03:58:50,2019-01-23T04:00:29,S1B_IW_GRDH_1SDV_20190123T035940_20190123T040005_014616_01B3CB_32E6.SAFE,640,640,30.9777894,31.95711315,30.84475865,31.97845452,30.8189937,31.86317662,30.95202445,31.84183525,30.96368117,31.95564485,30.92605841,31.96168046,30.91716145,31.92187356,30.95478421,31.91583795,64,20,245,241,40001
ow,ow-0025.jpg,ow-0025.xml,ow-0025-01-000074,S1_20190123_035850_040029_VV_4,2019-01-23T03:58:50,2019-01-23T04:00:29,S1B_IW_GRDH_1SDV_20190123T035940_20190123T040005_014616_01B3CB_32E6.SAFE,640,640,30.72748652,31.83853932,30.59439462,31.85974175,30.56879714,31.74446914,30.70188903,31.7232667,30.68695783,31.79371241,30.6516053,31.79934431,30.64992546,31.79177954,30.685278,31.78614764,142,275,312,317,7140
ow,ow-0025.jpg,ow-0025.xml,ow-0025-02-000075,S1_20190123_035850_040029_VV_4,2019-01-23T03:58:50,2019-01-23T04:00:29,S1B_IW_GRDH_1SDV_20190123T035940_20190123T040005_014616_01B3CB_32E6.SAFE,640,640,30.72748652,31.83853932,30.59439462,31.85974175,30.56879714,31.74446914,30.70188903,31.7232667,30.64014343,31.7894217,30.62101147,31.79246955,30.62049153,31.79012807,30.63962349,31.78708022,355,338,447,351,1196
ow,ow-0026.jpg,ow-0026.xml,ow-0026-01-000076,S1_20190123_035850_040029_VV_6,2019-01-23T03:58:50,2019-01-23T04:00:29,S1B_IW_GRDH_1SDV_20190123T035940_20190123T040005_014616_01B3CB_32E6.SAFE,640,640,30.33331992,31.68285077,30.20090627,31.70367114,30.17592071,31.58840043,30.30833435,31.56758006,30.29416075,31.61767468,30.28919524,31.61845544,30.28814116,31.61359246,30.29310667,31.61281169,117,383,141,410,648
ow,ow-0026.jpg,ow-0026.xml,ow-0026-02-000077,S1_20190123_035850_040029_VV_6,2019-01-23T03:58:50,2019-01-23T04:00:29,S1B_IW_GRDH_1SDV_20190123T035940_20190123T040005_014616_01B3CB_32E6.SAFE,640,640,30.33331992,31.68285077,30.20090627,31.70367114,30.17592071,31.58840043,30.30833435,31.56758006,30.31292937,31.58976618,30.31086041,31.5900915,30.31019673,31.58702962,30.31226569,31.5867043,1,517,11,534,170
ow,ow-0026.jpg,ow-0026.xml,ow-0026-03-000078,S1_20190123_035850_040029_VV_6,2019-01-23T03:58:50,2019-01-23T04:00:29,S1B_IW_GRDH_1SDV_20190123T035940_20190123T040005_014616_01B3CB_32E6.SAFE,640,640,30.33331992,31.68285077,30.20090627,31.70367114,30.17592071,31.58840043,30.30833435,31.56758006,30.30865473,31.58485084,30.30120646,31.58602199,30.29757575,31.56927171,30.30502401,31.56810057,16,547,52,640,3348
ow,ow-0027.jpg,ow-0027.xml,ow-0027-01-000079,S1_20190123_035850_040029_VV_8,2019-01-23T03:58:50,2019-01-23T04:00:29,S1B_IW_GRDH_1SDV_20190123T035940_20190123T040005_014616_01B3CB_32E6.SAFE,640,640,30.22641814,31.5232819,30.09400449,31.54410227,30.06901893,31.42883156,30.20143257,31.40801119,30.15377321,31.4773397,30.14404908,31.47886869,30.14330733,31.47544659,30.15303145,31.4739176,293,308,340,327,893
ow,ow-0028.jpg,ow-0028.xml,ow-0028-01-000080,S1_20190129_154746_154926_VV_0,2019-01-29T15:47:46,2019-01-29T15:49:26,S1B_IW_GRDH_1SDV_20190129T154811_20190129T154836_014711_01B6D1_C6CA.SAFE,640,640,32.38209851,31.31652881,32.51411623,31.33777365,32.4885945,31.45303194,32.35657679,31.4317871,32.43157985,31.38249565,32.44065607,31.38395624,32.43985852,31.38755806,32.4307823,31.38609747,300,311,344,331,880
ow,ow-0029.jpg,ow-0029.xml,ow-0029-01-000081,S1_20190129_154746_154926_VV_1,2019-01-29T15:47:46,2019-01-29T15:49:26,S1B_IW_GRDH_1SDV_20190129T154811_20190129T154836_014711_01B6D1_C6CA.SAFE,640,640,32.09837788,31.76685226,32.23118962,31.78820697,32.20545308,31.90346599,32.07264134,31.88211128,32.15086649,31.82734158,32.15771459,31.82844268,32.15498008,31.84068895,32.14813198,31.83958785,307,279,340,347,2244
ow,ow-0030.jpg,ow-0030.xml,ow-0030-01-000082,S1_20190130_035040_035219_VV_0,2019-01-30T03:50:40,2019-01-30T03:52:19,S1B_IW_GRDH_1SDV_20190130T035130_20190130T035155_014718_01B710_492E.SAFE,1912,1912,32.97899123,31.79601094,32.58235217,31.85938449,32.50604989,31.51500229,32.90268894,31.45162874,32.83785812,31.52352967,32.79325697,31.53065588,32.78806905,31.50724077,32.8326702,31.50011456,376,1582,591,1712,27950
ow,ow-0030.jpg,ow-0030.xml,ow-0030-02-000083,S1_20190130_035040_035219_VV_0,2019-01-30T03:50:40,2019-01-30T03:52:19,S1B_IW_GRDH_1SDV_20190130T035130_20190130T035155_014718_01B710_492E.SAFE,1912,1912,32.97899123,31.79601094,32.58235217,31.85938449,32.50604989,31.51500229,32.90268894,31.45162874,32.83255944,31.51318673,32.82654347,31.51414794,32.82494718,31.50694329,32.83096315,31.50598208,390,1642,419,1682,1160
ow,ow-0030.jpg,ow-0030.xml,ow-0030-03-000084,S1_20190130_035040_035219_VV_0,2019-01-30T03:50:40,2019-01-30T03:52:19,S1B_IW_GRDH_1SDV_20190130T035130_20190130T035155_014718_01B710_492E.SAFE,1912,1912,32.97899123,31.79601094,32.58235217,31.85938449,32.50604989,31.51500229,32.90268894,31.45162874,32.88221269,31.6384089,32.8739148,31.63973471,32.87203917,31.63126925,32.88033705,31.62994344,288,928,328,975,1880
ow,ow-0030.jpg,ow-0030.xml,ow-0030-04-000085,S1_20190130_035040_035219_VV_0,2019-01-30T03:50:40,2019-01-30T03:52:19,S1B_IW_GRDH_1SDV_20190130T035130_20190130T035155_014718_01B710_492E.SAFE,1912,1912,32.97899123,31.79601094,32.58235217,31.85938449,32.50604989,31.51500229,32.90268894,31.45162874,32.91927808,31.80182184,32.80601191,31.8199191,32.74623114,31.55010501,32.85949731,31.53200775,284,20,830,1518,817908
ow,ow-0030.jpg,ow-0030.xml,ow-0030-05-000086,S1_20190130_035040_035219_VV_0,2019-01-30T03:50:40,2019-01-30T03:52:19,S1B_IW_GRDH_1SDV_20190130T035130_20190130T035155_014718_01B710_492E.SAFE,1912,1912,32.97899123,31.79601094,32.58235217,31.85938449,32.50604989,31.51500229,32.90268894,31.45162874,32.82523688,31.54121161,32.81569431,31.54273629,32.81202286,31.5261656,32.82156543,31.52464092,453,1498,499,1590,4232
ow,ow-0030.jpg,ow-0030.xml,ow-0030-06-000087,S1_20190130_035040_035219_VV_0,2019-01-30T03:50:40,2019-01-30T03:52:19,S1B_IW_GRDH_1SDV_20190130T035130_20190130T035155_014718_01B710_492E.SAFE,1912,1912,32.97899123,31.79601094,32.58235217,31.85938449,32.50604989,31.51500229,32.90268894,31.45162874,32.88221269,31.6384089,32.8739148,31.63973471,32.87203917,31.63126925,32.88033705,31.62994344,288,928,328,975,1880
ow,ow-0030.jpg,ow-0030.xml,ow-0030-07-000088,S1_20190130_035040_035219_VV_0,2019-01-30T03:50:40,2019-01-30T03:52:19,S1B_IW_GRDH_1SDV_20190130T035130_20190130T035155_014718_01B710_492E.SAFE,1912,1912,32.97899123,31.79601094,32.58235217,31.85938449,32.50604989,31.51500229,32.90268894,31.45162874,32.84929006,31.49951052,32.83518365,31.50176439,32.83366718,31.49491997,32.84777359,31.4926661,298,1701,366,1739,2584
ow,ow-0031.jpg,ow-0031.xml,ow-0031-01-000089,S1_20190202_160449_160629_VV_0,2019-02-02T16:04:49,2019-02-02T16:06:29,S1A_IW_GRDH_1SDV_20190202T160514_20190202T160539_025753_02DD0D_CACF.SAFE,640,640,30.21576292,31.44873561,30.34888817,31.46794208,30.32571183,31.58334977,30.19258658,31.5641433,30.23409578,31.5354343,30.23763192,31.53594448,30.23723358,31.53792805,30.23369744,31.53741787,167,453,184,464,187
ow,ow-0031.jpg,ow-0031.xml,ow-0031-02-000090,S1_20190202_160449_160629_VV_0,2019-02-02T16:04:49,2019-02-02T16:06:29,S1A_IW_GRDH_1SDV_20190202T160514_20190202T160539_025753_02DD0D_CACF.SAFE,640,640,30.21576292,31.44873561,30.34888817,31.46794208,30.32571183,31.58334977,30.19258658,31.5641433,30.20365649,31.56444156,30.20532056,31.56468164,30.20506707,31.56594391,30.203403,31.56570383,52,633,60,640,56
ow,ow-0031.jpg,ow-0031.xml,ow-0031-03-000091,S1_20190202_160449_160629_VV_0,2019-02-02T16:04:49,2019-02-02T16:06:29,S1A_IW_GRDH_1SDV_20190202T160514_20190202T160539_025753_02DD0D_CACF.SAFE,640,640,30.21576292,31.44873561,30.34888817,31.46794208,30.32571183,31.58334977,30.19258658,31.5641433,30.24536617,31.52833952,30.24931833,31.52890971,30.24830437,31.5339588,30.24435221,31.5333886,213,406,232,434,532
ow,ow-0031.jpg,ow-0031.xml,ow-0031-04-000092,S1_20190202_160449_160629_VV_0,2019-02-02T16:04:49,2019-02-02T16:06:29,S1A_IW_GRDH_1SDV_20190202T160514_20190202T160539_025753_02DD0D_CACF.SAFE,640,640,30.21576292,31.44873561,30.34888817,31.46794208,30.32571183,31.58334977,30.19258658,31.5641433,30.2520149,31.52187679,30.25409498,31.52217689,30.25340694,31.52560306,30.25132685,31.52530295,238,366,248,385,190
ow,ow-0031.jpg,ow-0031.xml,ow-0031-05-000093,S1_20190202_160449_160629_VV_0,2019-02-02T16:04:49,2019-02-02T16:06:29,S1A_IW_GRDH_1SDV_20190202T160514_20190202T160539_025753_02DD0D_CACF.SAFE,640,640,30.21576292,31.44873561,30.34888817,31.46794208,30.32571183,31.58334977,30.19258658,31.5641433,30.22089857,31.54466324,30.22381068,31.54508338,30.22344855,31.54688663,30.22053644,31.54646649,114,513,128,523,140
ow,ow-0031.jpg,ow-0031.xml,ow-0031-06-000094,S1_20190202_160449_160629_VV_0,2019-02-02T16:04:49,2019-02-02T16:06:29,S1A_IW_GRDH_1SDV_20190202T160514_20190202T160539_025753_02DD0D_CACF.SAFE,640,640,30.21576292,31.44873561,30.34888817,31.46794208,30.32571183,31.58334977,30.19258658,31.5641433,30.27508961,31.5060943,30.2798738,31.50678453,30.27893226,31.51147297,30.27414807,31.51078274,331,263,354,289,598
ow,ow-0031.jpg,ow-0031.xml,ow-0031-07-000095,S1_20190202_160449_160629_VV_0,2019-02-02T16:04:49,2019-02-02T16:06:29,S1A_IW_GRDH_1SDV_20190202T160514_20190202T160539_025753_02DD0D_CACF.SAFE,640,640,30.21576292,31.44873561,30.34888817,31.46794208,30.32571183,31.58334977,30.19258658,31.5641433,30.34217716,31.46938599,30.3484174,31.47028629,30.34791042,31.47281084,30.34167017,31.47191053,610,13,640,27,420
ow,ow-0031.jpg,ow-0031.xml,ow-0031-08-000096,S1_20190202_160449_160629_VV_0,2019-02-02T16:04:49,2019-02-02T16:06:29,S1A_IW_GRDH_1SDV_20190202T160514_20190202T160539_025753_02DD0D_CACF.SAFE,640,640,30.21576292,31.44873561,30.34888817,31.46794208,30.32571183,31.58334977,30.19258658,31.5641433,30.23943157,31.53657522,30.24192767,31.53693534,30.24160175,31.53855826,30.23910565,31.53819814,193,455,205,464,108
ow,ow-0031.jpg,ow-0031.xml,ow-0031-09-000097,S1_20190202_160449_160629_VV_0,2019-02-02T16:04:49,2019-02-02T16:06:29,S1A_IW_GRDH_1SDV_20190202T160514_20190202T160539_025753_02DD0D_CACF.SAFE,640,640,30.21576292,31.44873561,30.34888817,31.46794208,30.32571183,31.58334977,30.19258658,31.5641433,30.25184658,31.50459644,30.26557512,31.5065771,30.26448873,31.51198684,30.25076018,31.51000617,221,273,287,303,1980
ow,ow-0031.jpg,ow-0031.xml,ow-0031-10-000098,S1_20190202_160449_160629_VV_0,2019-02-02T16:04:49,2019-02-02T16:06:29,S1A_IW_GRDH_1SDV_20190202T160514_20190202T160539_025753_02DD0D_CACF.SAFE,640,640,30.21576292,31.44873561,30.34888817,31.46794208,30.32571183,31.58334977,30.19258658,31.5641433,30.22767361,31.53970313,30.23328983,31.5405134,30.23252935,31.54430022,30.22691313,31.54348994,141,481,168,502,567
ow,ow-0032.jpg,ow-0032.xml,ow-0032-01-000099,S1_20190202_160449_160629_VV_1,2019-02-02T16:04:49,2019-02-02T16:06:29,S1A_IW_GRDH_1SDV_20190202T160514_20190202T160539_025753_02DD0D_CACF.SAFE,640,640,30.34137555,31.50385982,30.4744826,31.52291263,30.45148004,31.63830557,30.31837299,31.61925276,30.37476859,31.61749653,30.37955212,31.61818124,30.37833011,31.62431149,30.37354657,31.62362678,262,587,285,621,782
ow,ow-0032.jpg,ow-0032.xml,ow-0032-02-000100,S1_20190202_160449_160629_VV_1,2019-02-02T16:04:49,2019-02-02T16:06:29,S1A_IW_GRDH_1SDV_20190202T160514_20190202T160539_025753_02DD0D_CACF.SAFE,640,640,30.34137555,31.50385982,30.4744826,31.52291263,30.45148004,31.63830557,30.31837299,31.61925276,30.3797252,31.56795012,30.40010722,31.57086758,30.39899303,31.57645693,30.37861101,31.57353946,239,316,337,347,3038
ow,ow-0033.jpg,ow-0033.xml,ow-0033-01-000101,S1_20190202_160449_160629_VV_2,2019-02-02T16:04:49,2019-02-02T16:06:29,S1A_IW_GRDH_1SDV_20190202T160514_20190202T160539_025753_02DD0D_CACF.SAFE,640,640,29.9966418,31.4993476,30.12972788,31.51885148,30.10620433,31.63428771,29.97311825,31.61478383,30.02790389,31.55296858,30.03185489,31.5535476,30.03134031,31.55607277,30.02738932,31.55549375,197,264,216,278,266
ow,ow-0033.jpg,ow-0033.xml,ow-0033-02-000102,S1_20190202_160449_160629_VV_2,2019-02-02T16:04:49,2019-02-02T16:06:29,S1A_IW_GRDH_1SDV_20190202T160514_20190202T160539_025753_02DD0D_CACF.SAFE,640,640,29.9966418,31.4993476,30.12972788,31.51885148,30.10620433,31.63428771,29.97311825,31.61478383,30.05870221,31.56472657,30.06473268,31.56561034,30.06440188,31.56723367,30.05837141,31.5663499,352,303,381,312,261
ow,ow-0033.jpg,ow-0033.xml,ow-0033-03-000103,S1_20190202_160449_160629_VV_2,2019-02-02T16:04:49,2019-02-02T16:06:29,S1A_IW_GRDH_1SDV_20190202T160514_20190202T160539_025753_02DD0D_CACF.SAFE,640,640,29.9966418,31.4993476,30.12972788,31.51885148,30.10620433,31.63428771,29.97311825,31.61478383,30.06802107,31.57259371,30.07425948,31.57350795,30.07271574,31.58108346,30.06647733,31.58016921,403,338,433,380,1260
ow,ow-0034.jpg,ow-0034.xml,ow-0034-01-000104,S1_20190203_155641_155735_VV_0,2019-02-03T15:56:41,2019-02-03T15:57:35,S1B_IW_GRDH_1SDV_20190203T155710_20190203T155735_014784_01B937_1B6C.SAFE,640,640,31.74035495,34.55819839,31.87790535,34.5769421,31.85456909,34.69213895,31.71701869,34.67339523,31.85052683,34.62814553,31.8558999,34.62887771,31.85418614,34.63733748,31.84881308,34.6366053,563,297,588,344,1175
ow,ow-0035.jpg,ow-0035.xml,ow-0035-01-000105,S1_20190208_160405_160545_VV_1,2019-02-08T16:04:05,2019-02-08T16:05:45,S1B_IW_GRDH_1SDV_20190208T160430_20190208T160455_014857_01BBA6_8575.SAFE,640,640,29.96442858,31.49155131,30.09737486,31.51097435,30.07392126,31.6261331,29.94097497,31.60671006,29.99991352,31.49692084,30.05683115,31.50523633,30.04224594,31.57685068,29.98532831,31.56853519,171,1,445,399,109052
ow,ow-0036.jpg,ow-0036.xml,ow-0036-01-000106,S1_20190211_035040_035219_VV_1,2019-02-11T03:50:40,2019-02-11T03:52:19,S1B_IW_GRDH_1SDV_20190211T035130_20190211T035155_014893_01BCCD_79F7.SAFE,640,640,31.77382716,31.96259137,31.64064518,31.98283285,31.61627055,31.86761169,31.74945253,31.84737021,31.70332401,31.93391256,31.69500014,31.93517765,31.68662136,31.89557038,31.69494523,31.89430528,300,212,340,432,8800
ow,ow-0037.jpg,ow-0037.xml,ow-0037-01-000107,S1_20190212_034257_034437_VV_0,2019-02-12T03:42:57,2019-02-12T03:44:37,S1A_IW_GRDH_1SDV_20190212T034322_20190212T034347_025891_02E1DC_948A.SAFE,1056,1056,33.51837274,34.37468068,33.29185173,34.40591115,33.25210939,34.21603109,33.47863039,34.18480061,33.51503455,34.35978597,33.32219138,34.38637328,33.31195471,34.33746477,33.50479788,34.31087747,1,83,900,355,244528
ow,ow-0038.jpg,ow-0038.xml,ow-0038-01-000108,S1_20190212_034257_034437_VV_4,2019-02-12T03:42:57,2019-02-12T03:44:37,S1A_IW_GRDH_1SDV_20190212T034322_20190212T034347_025891_02E1DC_948A.SAFE,640,640,33.49296091,33.72780185,33.35664156,33.74696167,33.33290037,33.63179651,33.46921972,33.61263669,33.38099393,33.6652165,33.36693599,33.66719235,33.36496993,33.65765524,33.37902786,33.65567938,452,423,518,476,3498
ow,ow-0038.jpg,ow-0038.xml,ow-0038-02-000109,S1_20190212_034257_034437_VV_4,2019-02-12T03:42:57,2019-02-12T03:44:37,S1A_IW_GRDH_1SDV_20190212T034322_20190212T034347_025891_02E1DC_948A.SAFE,640,640,33.49296091,33.72780185,33.35664156,33.74696167,33.33290037,33.63179651,33.46921972,33.61263669,33.43239496,33.70298576,33.37595023,33.71091913,33.36637956,33.66449317,33.42282429,33.65655981,253,180,518,438,68370
ow,ow-0038.jpg,ow-0038.xml,ow-0038-03-000110,S1_20190212_034257_034437_VV_4,2019-02-12T03:42:57,2019-02-12T03:44:37,S1A_IW_GRDH_1SDV_20190212T034322_20190212T034347_025891_02E1DC_948A.SAFE,640,640,33.49296091,33.72780185,33.35664156,33.74696167,33.33290037,33.63179651,33.46921972,33.61263669,33.3489555,33.65120359,33.33724056,33.65285014,33.33590512,33.6463721,33.34762006,33.64472555,585,523,640,559,1980
ow,ow-0039.jpg,ow-0039.xml,ow-0039-01-000111,S1_20190212_034257_034437_VV_5,2019-02-12T03:42:57,2019-02-12T03:44:37,S1A_IW_GRDH_1SDV_20190212T034322_20190212T034347_025891_02E1DC_948A.SAFE,640,640,33.3433939,33.68157559,33.20709238,33.70057166,33.18353968,33.58542026,33.3198412,33.56642419,33.29272765,33.63626686,33.27505104,33.63873041,33.27269577,33.62721527,33.29037238,33.62475172,189,283,272,347,5312
ow,ow-0039.jpg,ow-0039.xml,ow-0039-02-000112,S1_20190212_034257_034437_VV_5,2019-02-12T03:42:57,2019-02-12T03:44:37,S1A_IW_GRDH_1SDV_20190212T034322_20190212T034347_025891_02E1DC_948A.SAFE,640,640,33.3433939,33.68157559,33.20709238,33.70057166,33.18353968,33.58542026,33.3198412,33.56642419,33.26992715,33.62760113,33.23862039,33.63196428,33.23482988,33.61343211,33.26613663,33.60906895,285,347,432,450,15141
ow,ow-0039.jpg,ow-0039.xml,ow-0039-03-000113,S1_20190212_034257_034437_VV_5,2019-02-12T03:42:57,2019-02-12T03:44:37,S1A_IW_GRDH_1SDV_20190212T034322_20190212T034347_025891_02E1DC_948A.SAFE,640,640,33.3433939,33.68157559,33.20709238,33.70057166,33.18353968,33.58542026,33.3198412,33.56642419,33.23465371,33.61364171,33.23060726,33.61420566,33.22976083,33.6100674,33.23380728,33.60950346,433,449,452,472,437
ow,ow-0039.jpg,ow-0039.xml,ow-0039-04-000114,S1_20190212_034257_034437_VV_5,2019-02-12T03:42:57,2019-02-12T03:44:37,S1A_IW_GRDH_1SDV_20190212T034322_20190212T034347_025891_02E1DC_948A.SAFE,640,640,33.3433939,33.68157559,33.20709238,33.70057166,33.18353968,33.58542026,33.3198412,33.56642419,33.33648313,33.64885909,33.30560231,33.65316289,33.30247422,33.63786934,33.33335503,33.63356555,1,182,146,267,12325
ow,ow-0040.jpg,ow-0040.xml,ow-0040-01-000115,S1_20190212_034257_034437_VV_7,2019-02-12T03:42:57,2019-02-12T03:44:37,S1A_IW_GRDH_1SDV_20190212T034347_20190212T034412_025891_02E1DC_27C4.SAFE,640,640,33.99330316,32.96830346,33.85824177,32.98827736,33.83443409,32.87291725,33.96949548,32.85294335,33.94729067,32.95188919,33.92471009,32.95522858,33.91801418,32.92278355,33.94059476,32.91944416,196,125,303,305,19260
ow,ow-0040.jpg,ow-0040.xml,ow-0040-02-000116,S1_20190212_034257_034437_VV_7,2019-02-12T03:42:57,2019-02-12T03:44:37,S1A_IW_GRDH_1SDV_20190212T034347_20190212T034412_025891_02E1DC_27C4.SAFE,640,640,33.99330316,32.96830346,33.85824177,32.98827736,33.83443409,32.87291725,33.96949548,32.85294335,33.92938495,32.92203071,33.8886555,32.92805409,33.88102961,32.89110281,33.92175906,32.88507943,250,300,443,505,39565
ow,ow-0041.jpg,ow-0041.xml,ow-0041-01-000117,S1_20190217_035116_035258_VV_0,2019-02-17T03:51:16,2019-02-17T03:52:58,S1A_IW_GRDH_1SDV_20190217T035116_20190217T035141_025964_02E473_BCD6.SAFE,640,640,33.56444435,34.70886868,33.4271072,34.72996133,33.4009007,34.61471389,33.53823785,34.59362124,33.516505,34.67970421,33.50749225,34.68108841,33.50593624,34.67424559,33.51494899,34.67286139,186,196,228,234,1596
ow,ow-0041.jpg,ow-0041.xml,ow-0041-02-000118,S1_20190217_035116_035258_VV_0,2019-02-17T03:51:16,2019-02-17T03:52:58,S1A_IW_GRDH_1SDV_20190217T035116_20190217T035141_025964_02E473_BCD6.SAFE,640,640,33.56444435,34.70886868,33.4271072,34.72996133,33.4009007,34.61471389,33.53823785,34.59362124,33.4712568,34.65944456,33.45172918,34.66244367,33.44747062,34.64371596,33.46699825,34.64071685,369,342,460,446,9464
ow,ow-0042.jpg,ow-0042.xml,ow-0042-01-000119,S1_20190217_035116_035258_VV_3,2019-02-17T03:51:16,2019-02-17T03:52:58,S1A_IW_GRDH_1SDV_20190217T035206_20190217T035231_025964_02E473_9766.SAFE,640,640,31.16951058,32.81557329,31.0347452,32.83486369,31.01128144,32.71966889,31.14604682,32.70037849,31.10452684,32.78486333,31.0744152,32.78917353,31.06876924,32.76145478,31.09888088,32.75714458,271,216,414,370,22022
ow,ow-0043.jpg,ow-0043.xml,ow-0043-01-000120,S1_20190218_034234_034349_VV_8,2019-02-18T03:42:34,2019-02-18T03:43:49,S1B_IW_GRDH_1SDV_20190218T034259_20190218T034324_014995_01C035_58C9.SAFE,640,640,33.80638561,33.6937149,33.67017334,33.71319714,33.64616514,33.59807418,33.78237741,33.57859194,33.78321378,33.68980458,33.70595588,33.70085466,33.68457358,33.59832327,33.76183148,33.58727319,102,39,465,609,206910
ow,ow-0044.jpg,ow-0044.xml,ow-0044-01-000121,S1_20190218_034234_034349_VV_9,2019-02-18T03:42:34,2019-02-18T03:43:49,S1B_IW_GRDH_1SDV_20190218T034259_20190218T034324_014995_01C035_58C9.SAFE,640,640,33.76847665,33.55321551,33.63297775,33.57274524,33.60974186,33.45751522,33.74524076,33.43798549,33.69818372,33.51795343,33.68061121,33.52048619,33.67538313,33.49455943,33.69295565,33.49202667,290,245,373,389,11952
ow,ow-0045.jpg,ow-0045.xml,ow-0045-01-000122,S1_20190219_033454_033634_VV_1,2019-02-19T03:34:54,2019-02-19T03:36:34,S1A_IW_GRDH_1SDV_20190219T033454_20190219T033519_025993_02E57A_9BA8.SAFE,640,640,35.51488828,34.66614098,35.37765703,34.68504943,35.35364568,34.56998812,35.49087693,34.55107968,35.44564734,34.62186013,35.42356169,34.62490321,35.42146069,34.61483535,35.44354635,34.61179227,272,291,375,347,5768
ow,ow-0046.jpg,ow-0046.xml,ow-0046-01-000123,S1_20190221_155637_155817_VV_1,2019-02-21T15:56:37,2019-02-21T15:58:17,S1A_IW_GRDH_1SDV_20190221T155702_20190221T155727_026030_02E6CF_D766.SAFE;S1A_IW_GRDH_1SDV_20190221T155637_20190221T155702_026030_02E6CF_CB00.SAFE,640,640,32.39796063,31.2803348,32.53042224,31.29944397,32.507477,31.41480948,32.37501539,31.39570031,32.44228694,31.31973606,32.47353961,31.32424463,32.46920152,31.34605592,32.43794886,31.34154735,245,178,396,299,18271
ow,ow-0047.jpg,ow-0047.xml,ow-0047-01-000124,S1_20190221_155637_155817_VV_3,2019-02-21T15:56:37,2019-02-21T15:58:17,S1A_IW_GRDH_1SDV_20190221T155702_20190221T155727_026030_02E6CF_D766.SAFE,640,640,31.7980693,31.54478362,31.93126345,31.56455831,31.90742726,31.67998429,31.77423312,31.6602096,31.83933023,31.6150389,31.84161951,31.61537878,31.84132155,31.61682161,31.83903228,31.61648173,260,345,271,353,88
ow,ow-0047.jpg,ow-0047.xml,ow-0047-02-000125,S1_20190221_155637_155817_VV_3,2019-02-21T15:56:37,2019-02-21T15:58:17,S1A_IW_GRDH_1SDV_20190221T155702_20190221T155727_026030_02E6CF_D766.SAFE,640,640,31.7980693,31.54478362,31.93126345,31.56455831,31.90742726,31.67998429,31.77423312,31.6602096,31.86476212,31.60821935,31.86663516,31.60849743,31.86629996,31.61012061,31.86442692,31.60984253,372,288,381,297,81
ow,ow-0048.jpg,ow-0048.xml,ow-0048-01-000126,S1_20190221_155637_155817_VV_4,2019-02-21T15:56:37,2019-02-21T15:58:17,S1A_IW_GRDH_1SDV_20190221T155702_20190221T155727_026030_02E6CF_D766.SAFE,640,640,32.13399348,31.74066305,32.26736066,31.76000217,32.2440495,31.87538871,32.11068231,31.85604959,32.17900704,31.80026423,32.19442762,31.80250031,32.19184153,31.81530101,32.17642095,31.81306492,266,286,340,357,5254
ow,ow-0048.jpg,ow-0048.xml,ow-0048-02-000127,S1_20190221_155637_155817_VV_4,2019-02-21T15:56:37,2019-02-21T15:58:17,S1A_IW_GRDH_1SDV_20190221T155702_20190221T155727_026030_02E6CF_D766.SAFE,640,640,32.13399348,31.74066305,32.26736066,31.76000217,32.2440495,31.87538871,32.11068231,31.85604959,32.16028206,31.8133227,32.173202,31.81519618,32.1691954,31.83502824,32.15627545,31.83315476,191,371,253,481,6820
ow,ow-0049.jpg,ow-0049.xml,ow-0049-01-000128,S1_20190221_155637_155817_VV_5,2019-02-21T15:56:37,2019-02-21T15:58:17,S1A_IW_GRDH_1SDV_20190221T155702_20190221T155727_026030_02E6CF_D766.SAFE,640,640,31.86602152,31.84101079,31.99927579,31.86064182,31.97561425,31.9760558,31.84235997,31.95642477,31.92143475,31.91494072,31.92872209,31.9160143,31.92776084,31.92070299,31.9204735,31.91962942,329,354,364,380,910
ow,ow-0049.jpg,ow-0049.xml,ow-0049-02-000129,S1_20190221_155637_155817_VV_5,2019-02-21T15:56:37,2019-02-21T15:58:17,S1A_IW_GRDH_1SDV_20190221T155702_20190221T155727_026030_02E6CF_D766.SAFE,640,640,31.86602152,31.84101079,31.99927579,31.86064182,31.97561425,31.9760558,31.84235997,31.95642477,31.91549001,31.897902,31.91673927,31.89808604,31.91633259,31.90006972,31.91508333,31.89988568,285,267,291,278,66
ow,ow-0050.jpg,ow-0050.xml,ow-0050-01-000130,S1_20190221_155637_155817_VV_6,2019-02-21T15:56:37,2019-02-21T15:58:17,S1A_IW_GRDH_1SDV_20190221T155702_20190221T155727_026030_02E6CF_D766.SAFE,640,640,31.48917162,31.88591173,31.62230564,31.90583008,31.59829481,32.02126819,31.46516079,32.00134984,31.54161212,31.95141277,31.54702069,31.95222195,31.54619532,31.95619014,31.54078675,31.95538096,308,310,334,332,572
ow,ow-0051.jpg,ow-0051.xml,ow-0051-01-000131,S1_20190222_035926_040106_VV_0,2019-02-22T03:59:26,2019-02-22T04:01:06,S1A_IW_GRDH_1SDV_20190222T040016_20190222T040041_026037_02E70F_FF4E.SAFE,640,640,30.71377504,32.89743094,30.57928807,32.91830231,30.55382863,32.8030162,30.68831561,32.78214483,30.63855633,32.8560065,30.63036103,32.85727834,30.62733772,32.84358812,30.63553302,32.84231627,304,285,343,361,2964
ow,ow-0052.jpg,ow-0052.xml,ow-0052-01-000132,S1_20190222_035926_040106_VV_3,2019-02-22T03:59:26,2019-02-22T04:01:06,S1A_IW_GRDH_1SDV_20190222T040016_20190222T040041_026037_02E70F_FF4E.SAFE,640,640,31.24048285,32.26338611,31.10721096,32.28499978,31.08103457,32.16967387,31.21430645,32.1480602,31.22476546,32.21791983,31.16062836,32.22832141,31.14831728,32.17408219,31.21245437,32.16368061,25,257,333,558,92708
ow,ow-0052.jpg,ow-0052.xml,ow-0052-02-000133,S1_20190222_035926_040106_VV_3,2019-02-22T03:59:26,2019-02-22T04:01:06,S1A_IW_GRDH_1SDV_20190222T040016_20190222T040041_026037_02E70F_FF4E.SAFE,640,640,31.24048285,32.26338611,31.10721096,32.28499978,31.08103457,32.16967387,31.21430645,32.1480602,31.15151002,32.2604403,31.14047345,32.26223018,31.13855112,32.25376094,31.1495877,32.25197105,409,93,462,140,2491
ow,ow-0053.jpg,ow-0053.xml,ow-0053-01-000134,S1_20190222_035926_040106_VV_4,2019-02-22T03:59:26,2019-02-22T04:01:06,S1A_IW_GRDH_1SDV_20190222T040041_20190222T040106_026037_02E70F_5AD5.SAFE,640,640,30.20808549,31.60834682,30.07531586,31.62914556,30.05028594,31.51383315,30.18305556,31.49303442,30.13933551,31.58017954,30.126266,31.58222691,30.11777929,31.5431288,30.1308488,31.54108142,292,209,355,426,13671
ow,ow-0054.jpg,ow-0054.xml,ow-0054-01-000135,S1_20190222_154745_154925_VV_1,2019-02-22T15:47:45,2019-02-22T15:49:25,S1B_IW_GRDH_1SDV_20190222T154810_20190222T154835_015061_01C24C_9BBE.SAFE,640,640,32.15339879,31.39503011,32.28572627,31.41653433,32.25985452,31.5317998,32.12752704,31.51029559,32.20507528,31.4588694,32.21107137,31.45984381,32.20957566,31.4665076,32.20357957,31.46553319,308,297,337,334,1073
ow,ow-0054.jpg,ow-0054.xml,ow-0054-02-000136,S1_20190222_154745_154925_VV_1,2019-02-22T15:47:45,2019-02-22T15:49:25,S1B_IW_GRDH_1SDV_20190222T154810_20190222T154835_015061_01C24C_9BBE.SAFE,640,640,32.15339879,31.39503011,32.28572627,31.41653433,32.25985452,31.5317998,32.12752704,31.51029559,32.17037577,31.42728312,32.17389072,31.42785432,32.17348647,31.42965534,32.16997153,31.42908414,113,158,130,168,170
ow,ow-0054.jpg,ow-0054.xml,ow-0054-03-000137,S1_20190222_154745_154925_VV_1,2019-02-22T15:47:45,2019-02-22T15:49:25,S1B_IW_GRDH_1SDV_20190222T154810_20190222T154835_015061_01C24C_9BBE.SAFE,640,640,32.15339879,31.39503011,32.28572627,31.41653433,32.25985452,31.5317998,32.12752704,31.51029559,32.24838058,31.50940132,32.25127524,31.50987173,32.25062845,31.51275336,32.24773378,31.51228296,563,530,577,546,224
ow,ow-0054.jpg,ow-0054.xml,ow-0054-04-000138,S1_20190222_154745_154925_VV_1,2019-02-22T15:47:45,2019-02-22T15:49:25,S1B_IW_GRDH_1SDV_20190222T154810_20190222T154835_015061_01C24C_9BBE.SAFE,640,640,32.15339879,31.39503011,32.28572627,31.41653433,32.25985452,31.5317998,32.12752704,31.51029559,32.25690419,31.52012005,32.25979886,31.52059046,32.25919249,31.52329199,32.25629782,31.52282159,614,580,628,595,210
ow,ow-0054.jpg,ow-0054.xml,ow-0054-05-000139,S1_20190222_154745_154925_VV_1,2019-02-22T15:47:45,2019-02-22T15:49:25,S1B_IW_GRDH_1SDV_20190222T154810_20190222T154835_015061_01C24C_9BBE.SAFE,640,640,32.15339879,31.39503011,32.28572627,31.41653433,32.25985452,31.5317998,32.12752704,31.51029559,32.20090161,31.44213739,32.20317599,31.44250699,32.2026909,31.44466822,32.20041652,31.44429862,271,211,282,223,132
ow,ow-0055.jpg,ow-0055.xml,ow-0055-01-000140,S1_20190222_154745_154925_VV_2,2019-02-22T15:47:45,2019-02-22T15:49:25,S1B_IW_GRDH_1SDV_20190222T154810_20190222T154835_015061_01C24C_9BBE.SAFE,640,640,32.36839998,31.5790741,32.50127342,31.60028927,32.47570571,31.71554258,32.34283227,31.69432741,32.3936642,31.59019345,32.41380283,31.59340887,32.41244454,31.5995317,32.39230591,31.59631628,129,38,226,72,3298
ow,ow-0055.jpg,ow-0055.xml,ow-0055-02-000141,S1_20190222_154745_154925_VV_2,2019-02-22T15:47:45,2019-02-22T15:49:25,S1B_IW_GRDH_1SDV_20190222T154810_20190222T154835_015061_01C24C_9BBE.SAFE,640,640,32.36839998,31.5790741,32.50127342,31.60028927,32.47570571,31.71554258,32.34283227,31.69432741,32.41946031,31.68903477,32.43606949,31.69168667,32.43359262,31.70285184,32.41698344,31.70019994,351,546,431,608,4960
ow,ow-0055.jpg,ow-0055.xml,ow-0055-03-000142,S1_20190222_154745_154925_VV_2,2019-02-22T15:47:45,2019-02-22T15:49:25,S1B_IW_GRDH_1SDV_20190222T154810_20190222T154835_015061_01C24C_9BBE.SAFE,640,640,32.36839998,31.5790741,32.50127342,31.60028927,32.47570571,31.71554258,32.34283227,31.69432741,32.43880117,31.68615605,32.45520274,31.6887748,32.45400425,31.69417729,32.43760269,31.69155855,438,514,517,544,2370
ow,ow-0056.jpg,ow-0056.xml,ow-0056-01-000143,S1_20190222_154745_154925_VV_3,2019-02-22T15:47:45,2019-02-22T15:49:25,S1B_IW_GRDH_1SDV_20190222T154810_20190222T154835_015061_01C24C_9BBE.SAFE,640,640,32.14432471,31.7886492,32.27713835,31.81000391,32.25140327,31.92526294,32.11858963,31.90390822,32.25322531,31.81119606,32.25447044,31.81139626,32.25406833,31.81319718,32.2528232,31.81299698,530,27,536,37,60
ow,ow-0056.jpg,ow-0056.xml,ow-0056-02-000144,S1_20190222_154745_154925_VV_3,2019-02-22T15:47:45,2019-02-22T15:49:25,S1B_IW_GRDH_1SDV_20190222T154810_20190222T154835_015061_01C24C_9BBE.SAFE,640,640,32.14432471,31.7886492,32.27713835,31.81000391,32.25140327,31.92526294,32.11858963,31.90390822,32.25607746,31.80997563,32.27330173,31.81274507,32.27201498,31.81850802,32.25479071,31.81573858,542,18,625,50,2656
ow,ow-0056.jpg,ow-0056.xml,ow-0056-03-000145,S1_20190222_154745_154925_VV_3,2019-02-22T15:47:45,2019-02-22T15:49:25,S1B_IW_GRDH_1SDV_20190222T154810_20190222T154835_015061_01C24C_9BBE.SAFE,640,640,32.14432471,31.7886492,32.27713835,31.81000391,32.25140327,31.92526294,32.11858963,31.90390822,32.27440036,31.80975023,32.27709814,31.810184,32.27653518,31.81270529,32.27383741,31.81227153,627,1,640,15,182
ow,ow-0056.jpg,ow-0056.xml,ow-0056-04-000146,S1_20190222_154745_154925_VV_3,2019-02-22T15:47:45,2019-02-22T15:49:25,S1B_IW_GRDH_1SDV_20190222T154810_20190222T154835_015061_01C24C_9BBE.SAFE,640,640,32.14432471,31.7886492,32.27713835,31.81000391,32.25140327,31.92526294,32.11858963,31.90390822,32.21022172,31.80353541,32.25110342,31.81010866,32.24555429,31.83496138,32.20467259,31.82838814,322,23,519,161,27186
ow,ow-0056.jpg,ow-0056.xml,ow-0056-05-000147,S1_20190222_154745_154925_VV_3,2019-02-22T15:47:45,2019-02-22T15:49:25,S1B_IW_GRDH_1SDV_20190222T154810_20190222T154835_015061_01C24C_9BBE.SAFE,640,640,32.14432471,31.7886492,32.27713835,31.81000391,32.25140327,31.92526294,32.11858963,31.90390822,32.18477783,31.82313718,32.20552996,31.82647385,32.20420299,31.8324169,32.18345086,31.82908022,224,150,324,183,3300
ow,ow-0056.jpg,ow-0056.xml,ow-0056-06-000148,S1_20190222_154745_154925_VV_3,2019-02-22T15:47:45,2019-02-22T15:49:25,S1B_IW_GRDH_1SDV_20190222T154810_20190222T154835_015061_01C24C_9BBE.SAFE,640,640,32.14432471,31.7886492,32.27713835,31.81000391,32.25140327,31.92526294,32.11858963,31.90390822,32.1582941,31.82428911,32.18174401,31.82805956,32.17961283,31.83760444,32.15616292,31.833834,102,179,215,232,5989
ow,ow-0057.jpg,ow-0057.xml,ow-0057-01-000149,S1_20190222_154745_154925_VV_5,2019-02-22T15:47:45,2019-02-22T15:49:25,S1B_IW_GRDH_1SDV_20190222T154810_20190222T154835_015061_01C24C_9BBE.SAFE,640,640,31.9140547,31.80652055,32.04674446,31.82815291,32.02067749,31.94342014,31.88798772,31.92178778,31.97434875,31.86975939,31.9799466,31.870672,31.9792542,31.87373379,31.97365635,31.87282118,347,286,374,303,459
ow,ow-0057.jpg,ow-0057.xml,ow-0057-02-000150,S1_20190222_154745_154925_VV_5,2019-02-22T15:47:45,2019-02-22T15:49:25,S1B_IW_GRDH_1SDV_20190222T154810_20190222T154835_015061_01C24C_9BBE.SAFE,640,640,31.9140547,31.80652055,32.04674446,31.82815291,32.02067749,31.94342014,31.88798772,31.92178778,31.94935827,31.86904661,31.96449319,31.87151406,31.96233452,31.88105962,31.9471996,31.87859218,230,304,303,357,3869
ow,ow-0057.jpg,ow-0057.xml,ow-0057-03-000151,S1_20190222_154745_154925_VV_5,2019-02-22T15:47:45,2019-02-22T15:49:25,S1B_IW_GRDH_1SDV_20190222T154810_20190222T154835_015061_01C24C_9BBE.SAFE,640,640,31.9140547,31.80652055,32.04674446,31.82815291,32.02067749,31.94342014,31.88798772,31.92178778,31.98334898,31.87178693,31.9864589,31.87229394,31.9853592,31.87715677,31.98224928,31.87664977,391,289,406,316,405
ow,ow-0057.jpg,ow-0057.xml,ow-0057-04-000152,S1_20190222_154745_154925_VV_5,2019-02-22T15:47:45,2019-02-22T15:49:25,S1B_IW_GRDH_1SDV_20190222T154810_20190222T154835_015061_01C24C_9BBE.SAFE,640,640,31.9140547,31.80652055,32.04674446,31.82815291,32.02067749,31.94342014,31.88798772,31.92178778,31.96631106,31.87012971,31.97128692,31.87094093,31.97051306,31.87436292,31.96553719,31.87355171,310,295,334,314,456
ow,ow-0058.jpg,ow-0058.xml,ow-0058-01-000153,S1_20190223_035040_035219_VV_0,2019-02-23T03:50:40,2019-02-23T03:52:19,S1B_IW_GRDH_1SDV_20190223T035130_20190223T035155_015068_01C287_0DC8.SAFE,882,882,32.47740267,31.49130325,32.29543573,31.52020152,32.26060346,31.36137153,32.4425704,31.33247326,32.32431661,31.49418455,32.3135884,31.4958883,32.31208769,31.48904528,32.3228159,31.48734153,720,115,772,153,1976
ow,ow-0058.jpg,ow-0058.xml,ow-0058-02-000154,S1_20190223_035040_035219_VV_0,2019-02-23T03:50:40,2019-02-23T03:52:19,S1B_IW_GRDH_1SDV_20190223T035130_20190223T035155_015068_01C287_0DC8.SAFE,882,882,32.47740267,31.49130325,32.29543573,31.52020152,32.26060346,31.36137153,32.4425704,31.33247326,32.4703717,31.47676634,32.33585646,31.49812878,32.30963352,31.37855609,32.44414877,31.35719365,18,84,670,748,432928
ow,ow-0059.jpg,ow-0059.xml,ow-0059-01-000155,S1_20190223_035040_035219_VV_4,2019-02-23T03:50:40,2019-02-23T03:52:19,S1B_IW_GRDH_1SDV_20190223T035130_20190223T035155_015068_01C287_0DC8.SAFE,640,640,32.55366577,31.32680269,32.42168479,31.34790734,32.39624748,31.23264973,32.52822846,31.21154509,32.48005387,31.30669153,32.47675434,31.30721914,32.47587994,31.30325716,32.47917946,31.30272955,324,171,340,193,352
ow,ow-0059.jpg,ow-0059.xml,ow-0059-02-000156,S1_20190223_035040_035219_VV_4,2019-02-23T03:50:40,2019-02-23T03:52:19,S1B_IW_GRDH_1SDV_20190223T035130_20190223T035155_015068_01C287_0DC8.SAFE,640,640,32.55366577,31.32680269,32.42168479,31.34790734,32.39624748,31.23264973,32.52822846,31.21154509,32.44979962,31.23732402,32.44670632,31.23781866,32.44630886,31.23601776,32.44940217,31.23552312,394,569,409,579,150
ow,ow-0059.jpg,ow-0059.xml,ow-0059-03-000157,S1_20190223_035040_035219_VV_4,2019-02-23T03:50:40,2019-02-23T03:52:19,S1B_IW_GRDH_1SDV_20190223T035130_20190223T035155_015068_01C287_0DC8.SAFE,640,640,32.55366577,31.32680269,32.42168479,31.34790734,32.39624748,31.23264973,32.52822846,31.21154509,32.43896151,31.24819295,32.42246389,31.25083103,32.42011889,31.24020572,32.43661651,31.23756764,456,520,536,579,4720
ow,ow-0059.jpg,ow-0059.xml,ow-0059-04-000158,S1_20190223_035040_035219_VV_4,2019-02-23T03:50:40,2019-02-23T03:52:19,S1B_IW_GRDH_1SDV_20190223T035130_20190223T035155_015068_01C287_0DC8.SAFE,640,640,32.55366577,31.32680269,32.42168479,31.34790734,32.39624748,31.23264973,32.52822846,31.21154509,32.5402217,31.32876604,32.52991069,31.33041484,32.52851959,31.32411169,32.5388306,31.32246289,65,1,115,36,1750
ow,ow-0059.jpg,ow-0059.xml,ow-0059-05-000159,S1_20190223_035040_035219_VV_4,2019-02-23T03:50:40,2019-02-23T03:52:19,S1B_IW_GRDH_1SDV_20190223T035130_20190223T035155_015068_01C287_0DC8.SAFE,640,640,32.55366577,31.32680269,32.42168479,31.34790734,32.39624748,31.23264973,32.52822846,31.21154509,32.41192356,31.27078817,32.40491207,31.27190935,32.40197088,31.25858269,32.40898237,31.25746151,606,422,640,496,2516
ow,ow-0059.jpg,ow-0059.xml,ow-0059-06-000160,S1_20190223_035040_035219_VV_4,2019-02-23T03:50:40,2019-02-23T03:52:19,S1B_IW_GRDH_1SDV_20190223T035130_20190223T035155_015068_01C287_0DC8.SAFE,640,640,32.55366577,31.32680269,32.42168479,31.34790734,32.39624748,31.23264973,32.52822846,31.21154509,32.43913027,31.2528271,32.43644941,31.25325579,32.43621094,31.25217525,32.4388918,31.25174656,460,495,473,501,78
ow,ow-0060.jpg,ow-0060.xml,ow-0060-01-000161,S1_20190224_034257_034437_VV_1,2019-02-24T03:42:57,2019-02-24T03:44:37,S1A_IW_GRDH_1SDV_20190224T034322_20190224T034347_026066_02E816_1321.SAFE,640,640,34.65917199,34.10048788,34.52239094,34.1208273,34.49656538,34.00566104,34.63334643,33.98532162,34.58119702,34.0629926,34.57905982,34.06331041,34.57821242,34.05953151,34.58034962,34.05921371,315,264,325,285,210
ow,ow-0060.jpg,ow-0060.xml,ow-0060-02-000162,S1_20190224_034257_034437_VV_1,2019-02-24T03:42:57,2019-02-24T03:44:37,S1A_IW_GRDH_1SDV_20190224T034322_20190224T034347_026066_02E816_1321.SAFE,640,640,34.65917199,34.10048788,34.52239094,34.1208273,34.49656538,34.00566104,34.63334643,33.98532162,34.58011499,34.05422801,34.57690918,34.05470472,34.57642495,34.05254535,34.57963076,34.05206865,311,312,326,324,180
ow,ow-0060.jpg,ow-0060.xml,ow-0060-03-000163,S1_20190224_034257_034437_VV_1,2019-02-24T03:42:57,2019-02-24T03:44:37,S1A_IW_GRDH_1SDV_20190224T034322_20190224T034347_026066_02E816_1321.SAFE,640,640,34.65917199,34.10048788,34.52239094,34.1208273,34.49656538,34.00566104,34.63334643,33.98532162,34.57971146,34.05242854,34.57671938,34.05287346,34.5761948,34.05053415,34.57918688,34.05008923,311,322,325,335,182
ow,ow-0060.jpg,ow-0060.xml,ow-0060-04-000164,S1_20190224_034257_034437_VV_1,2019-02-24T03:42:57,2019-02-24T03:44:37,S1A_IW_GRDH_1SDV_20190224T034322_20190224T034347_026066_02E816_1321.SAFE,640,640,34.65917199,34.10048788,34.52239094,34.1208273,34.49656538,34.00566104,34.63334643,33.98532162,34.57818255,34.04856504,34.57497674,34.04904175,34.57388723,34.04418317,34.57709303,34.04370646,314,344,329,371,405
ow,ow-0061.jpg,ow-0061.xml,ow-0061-01-000165,S1_20190224_034257_034437_VV_2,2019-02-24T03:42:57,2019-02-24T03:44:37,S1A_IW_GRDH_1SDV_20190224T034322_20190224T034347_026066_02E816_1321.SAFE,640,640,34.61338981,33.96673918,34.47751246,33.98696318,34.452464,33.87172411,34.58834136,33.85150011,34.56329619,33.93794728,34.51680066,33.94486768,34.50862077,33.90723492,34.5551163,33.90031452,200,195,419,404,45771
ow,ow-0062.jpg,ow-0062.xml,ow-0062-01-000166,S1_20190224_034257_034437_VV_3,2019-02-24T03:42:57,2019-02-24T03:44:37,S1A_IW_GRDH_1SDV_20190224T034347_20190224T034412_026066_02E816_11C9.SAFE,640,640,34.19667136,32.88421133,34.0617343,32.90448084,34.03757181,32.78909954,34.17250886,32.76883004,34.10862236,32.82826251,34.09744789,32.82994108,34.09669281,32.82633541,34.10786729,32.82465685,351,372,404,392,1060
ow,ow-0062.jpg,ow-0062.xml,ow-0062-02-000167,S1_20190224_034257_034437_VV_3,2019-02-24T03:42:57,2019-02-24T03:44:37,S1A_IW_GRDH_1SDV_20190224T034347_20190224T034412_026066_02E816_11C9.SAFE,640,640,34.19667136,32.88421133,34.0617343,32.90448084,34.03757181,32.78909954,34.17250886,32.76883004,34.13823631,32.8481741,34.11188141,32.85213299,34.10912538,32.83897231,34.13548027,32.83501342,234,241,359,314,9125
ow,ow-0062.jpg,ow-0062.xml,ow-0062-03-000168,S1_20190224_034257_034437_VV_3,2019-02-24T03:42:57,2019-02-24T03:44:37,S1A_IW_GRDH_1SDV_20190224T034347_20190224T034412_026066_02E816_11C9.SAFE,640,640,34.19667136,32.88421133,34.0617343,32.90448084,34.03757181,32.78909954,34.17250886,32.76883004,34.12240186,32.83902349,34.10932983,32.8409871,34.1080462,32.83485747,34.12111823,32.83289386,298,303,360,337,2108
ow,ow-0063.jpg,ow-0063.xml,ow-0063-01-000169,S1_20190304_160404_160544_VV_1,2019-03-04T16:04:04,2019-03-04T16:05:44,S1B_IW_GRDH_1SDV_20190304T160429_20190304T160454_015207_01C72A_60D4.SAFE,640,640,30.06015131,31.38737685,30.19309702,31.40679904,30.16964542,31.52195834,30.03669971,31.50253615,30.11269853,31.44971398,30.11809945,31.45050301,30.11417863,31.4697562,30.10877771,31.46896718,305,295,331,402,2782
ow,ow-0064.jpg,ow-0064.xml,ow-0064-01-000170,S1_20190305_155637_155817_VV_0,2019-03-05T15:56:37,2019-03-05T15:58:17,S1A_IW_GRDH_1SDV_20190305T155727_20190305T155752_026205_02ED1B_9DEA.SAFE,783,783,30.19059139,32.82283084,30.35504989,32.8485311,30.32364781,32.98980873,30.15918931,32.96410847,30.3077002,32.93933506,30.3146314,32.94041821,30.31314752,32.94709417,30.30621632,32.94601101,658,526,691,563,1221
ow,ow-0064.jpg,ow-0064.xml,ow-0064-02-000171,S1_20190305_155637_155817_VV_0,2019-03-05T15:56:37,2019-03-05T15:58:17,S1A_IW_GRDH_1SDV_20190305T155727_20190305T155752_026205_02ED1B_9DEA.SAFE,783,783,30.19059139,32.82283084,30.35504989,32.8485311,30.32364781,32.98980873,30.15918931,32.96410847,30.32444193,32.9441917,30.32696236,32.94458558,30.32620037,32.94801377,30.32367993,32.9476199,740,538,752,557,228
ow,ow-0064.jpg,ow-0064.xml,ow-0064-03-000172,S1_20190305_155637_155817_VV_0,2019-03-05T15:56:37,2019-03-05T15:58:17,S1A_IW_GRDH_1SDV_20190305T155727_20190305T155752_026205_02ED1B_9DEA.SAFE,783,783,30.19059139,32.82283084,30.35504989,32.8485311,30.32364781,32.98980873,30.15918931,32.96410847,30.23623204,32.9391818,30.3047039,32.94988203,30.30225751,32.96088834,30.23378564,32.9501881,329,585,655,646,19886
ow,ow-0064.jpg,ow-0064.xml,ow-0064-04-000173,S1_20190305_155637_155817_VV_0,2019-03-05T15:56:37,2019-03-05T15:58:17,S1A_IW_GRDH_1SDV_20190305T155727_20190305T155752_026205_02ED1B_9DEA.SAFE,783,783,30.19059139,32.82283084,30.35504989,32.8485311,30.32364781,32.98980873,30.15918931,32.96410847,30.18243854,32.86244375,30.19651098,32.86464287,30.19274113,32.88160341,30.17866869,32.87940428,3,219,70,313,6298
ow,ow-0064.jpg,ow-0064.xml,ow-0064-05-000174,S1_20190305_155637_155817_VV_0,2019-03-05T15:56:37,2019-03-05T15:58:17,S1A_IW_GRDH_1SDV_20190305T155727_20190305T155752_026205_02ED1B_9DEA.SAFE,783,783,30.19059139,32.82283084,30.35504989,32.8485311,30.32364781,32.98980873,30.15918931,32.96410847,30.19076133,32.8230441,30.29346912,32.83909445,30.2683635,32.95204438,30.1656557,32.93599403,1,1,490,627,306114
ow,ow-0064.jpg,ow-0064.xml,ow-0064-06-000175,S1_20190305_155637_155817_VV_0,2019-03-05T15:56:37,2019-03-05T15:58:17,S1A_IW_GRDH_1SDV_20190305T155727_20190305T155752_026205_02ED1B_9DEA.SAFE,783,783,30.19059139,32.82283084,30.35504989,32.8485311,30.32364781,32.98980873,30.15918931,32.96410847,30.31577876,32.94601177,30.33279171,32.94867042,30.33046563,32.95913542,30.31345268,32.95647678,702,555,783,613,4698
ow,ow-0064.jpg,ow-0064.xml,ow-0064-07-000176,S1_20190305_155637_155817_VV_0,2019-03-05T15:56:37,2019-03-05T15:58:17,S1A_IW_GRDH_1SDV_20190305T155727_20190305T155752_026205_02ED1B_9DEA.SAFE,783,783,30.19059139,32.82283084,30.35504989,32.8485311,30.32364781,32.98980873,30.15918931,32.96410847,30.20263751,32.83610192,30.22196086,32.83912162,30.21369926,32.87629045,30.19437591,32.87327075,69,61,161,267,18952
ow,ow-0064.jpg,ow-0064.xml,ow-0064-08-000177,S1_20190305_155637_155817_VV_0,2019-03-05T15:56:37,2019-03-05T15:58:17,S1A_IW_GRDH_1SDV_20190305T155727_20190305T155752_026205_02ED1B_9DEA.SAFE,783,783,30.19059139,32.82283084,30.35504989,32.8485311,30.32364781,32.98980873,30.15918931,32.96410847,30.31374909,32.9443877,30.32173048,32.94563497,30.32056744,32.95086747,30.31258605,32.9496202,691,548,729,577,1102
ow,ow-0065.jpg,ow-0065.xml,ow-0065-01-000178,S1_20190305_155637_155817_VV_2,2019-03-05T15:56:37,2019-03-05T15:58:17,S1A_IW_GRDH_1SDV_20190305T155702_20190305T155727_026205_02ED1B_0DF1.SAFE,640,640,31.37288263,31.52314283,31.50595767,31.54320576,31.48177427,31.65865478,31.34869923,31.63859185,31.42558924,31.58896182,31.42933197,31.58952609,31.42823616,31.59475737,31.42449343,31.5941931,310,311,328,340,522
ow,ow-0066.jpg,ow-0066.xml,ow-0066-01-000179,S1_20190305_155637_155817_VV_3,2019-03-05T15:56:37,2019-03-05T15:58:17,S1A_IW_GRDH_1SDV_20190305T155702_20190305T155727_026205_02ED1B_0DF1.SAFE,640,640,32.13536043,31.74891561,32.26872899,31.76825564,32.24541874,31.88364219,32.11205018,31.86430215,32.1840591,31.8125773,32.1948953,31.81414868,32.19311061,31.82298296,32.18227441,31.82141159,287,305,339,354,2548
ow,ow-0067.jpg,ow-0067.xml,ow-0067-01-000180,S1_20190305_155637_155817_VV_4,2019-03-05T15:56:37,2019-03-05T15:58:17,S1A_IW_GRDH_1SDV_20190305T155702_20190305T155727_026205_02ED1B_0DF1.SAFE,640,640,30.11960241,31.48873428,30.25212691,31.51008695,30.22639123,31.62560827,30.09386674,31.6042556,30.16513649,31.54431197,30.1684496,31.54484579,30.16756494,31.54881683,30.16425182,31.54828302,270,258,286,280,352
ow,ow-0067.jpg,ow-0067.xml,ow-0067-02-000181,S1_20190305_155637_155817_VV_4,2019-03-05T15:56:37,2019-03-05T15:58:17,S1A_IW_GRDH_1SDV_20190305T155702_20190305T155727_026205_02ED1B_0DF1.SAFE,640,640,30.11960241,31.48873428,30.25212691,31.51008695,30.22639123,31.62560827,30.09386674,31.6042556,30.18085344,31.55656734,30.18354535,31.55700107,30.18073051,31.56963621,30.1780386,31.56920249,356,310,369,380,910
ow,ow-0068.jpg,ow-0068.xml,ow-0068-01-000182,S1_20190305_155637_155817_VV_5,2019-03-05T15:56:37,2019-03-05T15:58:17,S1A_IW_GRDH_1SDV_20190305T155727_20190305T155752_026205_02ED1B_9DEA.SAFE,640,640,29.95261682,32.88892478,30.0869738,32.91008192,30.06112529,33.02556276,29.92676832,33.00440562,30.00884965,32.95325896,30.02501448,32.95580443,30.01927934,32.98142675,30.00311452,32.97888128,325,297,402,439,10934
ow,ow-0068.jpg,ow-0068.xml,ow-0068-02-000183,S1_20190305_155637_155817_VV_5,2019-03-05T15:56:37,2019-03-05T15:58:17,S1A_IW_GRDH_1SDV_20190305T155727_20190305T155752_026205_02ED1B_9DEA.SAFE,640,640,29.95261682,32.88892478,30.0869738,32.91008192,30.06112529,33.02556276,29.92676832,33.00440562,29.95125161,32.89599495,30.01633077,32.90624294,29.99302673,33.01035614,29.92794757,33.00010815,1,39,311,616,178870
ow,ow-0069.jpg,ow-0069.xml,ow-0069-01-000184,S1_20190305_155637_155817_VV_6,2019-03-05T15:56:37,2019-03-05T15:58:17,S1A_IW_GRDH_1SDV_20190305T155752_20190305T155817_026205_02ED1B_206C.SAFE;S1A_IW_GRDH_1SDV_20190305T155727_20190305T155752_026205_02ED1B_9DEA.SAFE,640,640,31.45808335,34.1711128,31.59506133,34.19049001,31.57103642,34.30583541,31.43405844,34.28645819,31.50970839,34.23426259,31.52126591,34.23589754,31.51980189,34.2429264,31.50824437,34.24129145,294,301,348,340,2106
ow,ow-0070.jpg,ow-0070.xml,ow-0070-01-000185,S1_20190306_035926_040106_VV_0,2019-03-06T03:59:26,2019-03-06T04:01:06,S1A_IW_GRDH_1SDV_20190306T035951_20190306T040016_026212_02ED51_0951.SAFE;S1A_IW_GRDH_1SDV_20190306T035926_20190306T035951_026212_02ED51_1D32.SAFE,640,640,31.76555582,34.54591492,31.62855285,34.56747744,31.60167843,34.45223989,31.7386814,34.43067738,31.72415246,34.50445772,31.69439713,34.50914083,31.68986207,34.48969449,31.7196174,34.48501138,143,257,282,365,15012
ow,ow-0070.jpg,ow-0070.xml,ow-0070-02-000186,S1_20190306_035926_040106_VV_0,2019-03-06T03:59:26,2019-03-06T04:01:06,S1A_IW_GRDH_1SDV_20190306T035951_20190306T040016_026212_02ED51_0951.SAFE;S1A_IW_GRDH_1SDV_20190306T035926_20190306T035951_026212_02ED51_1D32.SAFE,640,640,31.76555582,34.54591492,31.62855285,34.56747744,31.60167843,34.45223989,31.7386814,34.43067738,31.74702798,34.49787072,31.72562127,34.50123987,31.72083426,34.48071318,31.74224098,34.47734404,33,273,133,387,11400
ow,ow-0071.jpg,ow-0071.xml,ow-0071-01-000187,S1_20190306_035926_040106_VV_2,2019-03-06T03:59:26,2019-03-06T04:01:06,S1A_IW_GRDH_1SDV_20190306T040041_20190306T040106_026212_02ED51_8E68.SAFE;S1A_IW_GRDH_1SDV_20190306T040016_20190306T040041_026212_02ED51_9536.SAFE,640,640,30.27036803,31.65836687,30.13759899,31.67916391,30.11257034,31.56385096,30.24533938,31.54305391,30.14249074,31.57816704,30.13709699,31.57901192,30.13381198,31.56387709,30.13920573,31.56303221,515,538,541,622,2184
ow,ow-0071.jpg,ow-0071.xml,ow-0071-02-000188,S1_20190306_035926_040106_VV_2,2019-03-06T03:59:26,2019-03-06T04:01:06,S1A_IW_GRDH_1SDV_20190306T040041_20190306T040106_026212_02ED51_8E68.SAFE;S1A_IW_GRDH_1SDV_20190306T040016_20190306T040041_026212_02ED51_9536.SAFE,640,640,30.27036803,31.65836687,30.13759899,31.67916391,30.11257034,31.56385096,30.24533938,31.54305391,30.13432527,31.58205431,30.12789427,31.58306167,30.12730766,31.58035902,30.13373866,31.57935167,557,524,588,539,465
ow,ow-0071.jpg,ow-0071.xml,ow-0071-03-000189,S1_20190306_035926_040106_VV_2,2019-03-06T03:59:26,2019-03-06T04:01:06,S1A_IW_GRDH_1SDV_20190306T040041_20190306T040106_026212_02ED51_8E68.SAFE;S1A_IW_GRDH_1SDV_20190306T040016_20190306T040041_026212_02ED51_9536.SAFE,640,640,30.27036803,31.65836687,30.13759899,31.67916391,30.11257034,31.56385096,30.24533938,31.54305391,30.26052614,31.64761256,30.25824417,31.64797001,30.25757935,31.644907,30.25986132,31.64454956,35,66,46,83,187
ow,ow-0071.jpg,ow-0071.xml,ow-0071-04-000190,S1_20190306_035926_040106_VV_2,2019-03-06T03:59:26,2019-03-06T04:01:06,S1A_IW_GRDH_1SDV_20190306T040041_20190306T040106_026212_02ED51_8E68.SAFE;S1A_IW_GRDH_1SDV_20190306T040016_20190306T040041_026212_02ED51_9536.SAFE,640,640,30.27036803,31.65836687,30.13759899,31.67916391,30.11257034,31.56385096,30.24533938,31.54305391,30.26860301,31.65715292,30.26590614,31.65757536,30.26528042,31.65469254,30.26797729,31.6542701,7,8,20,24,208
ow,ow-0071.jpg,ow-0071.xml,ow-0071-05-000191,S1_20190306_035926_040106_VV_2,2019-03-06T03:59:26,2019-03-06T04:01:06,S1A_IW_GRDH_1SDV_20190306T040041_20190306T040106_026212_02ED51_8E68.SAFE;S1A_IW_GRDH_1SDV_20190306T040016_20190306T040041_026212_02ED51_9536.SAFE,640,640,30.27036803,31.65836687,30.13759899,31.67916391,30.11257034,31.56385096,30.24533938,31.54305391,30.25460903,31.62133928,30.2512898,31.62185921,30.25039034,31.61771515,30.25370956,31.61719523,36,212,52,235,368
ow,ow-0072.jpg,ow-0072.xml,ow-0072-01-000192,S1_20190306_154745_154925_VV_1,2019-03-06T15:47:45,2019-03-06T15:49:25,S1B_IW_GRDH_1SDV_20190306T154810_20190306T154835_015236_01C814_5AC6.SAFE;S1B_IW_GRDH_1SDV_20190306T154745_20190306T154810_015236_01C814_B914.SAFE,640,640,33.23245488,31.22158638,33.36476353,31.24214754,33.34005899,31.35737153,33.20775034,31.33681037,33.27516558,31.32626481,33.2772329,31.32658608,33.27684689,31.32838645,33.27477957,31.32806519,305,527,315,537,100
ow,ow-0072.jpg,ow-0072.xml,ow-0072-02-000193,S1_20190306_154745_154925_VV_1,2019-03-06T15:47:45,2019-03-06T15:49:25,S1B_IW_GRDH_1SDV_20190306T154810_20190306T154835_015236_01C814_5AC6.SAFE;S1B_IW_GRDH_1SDV_20190306T154745_20190306T154810_015236_01C814_B914.SAFE,640,640,33.23245488,31.22158638,33.36476353,31.24214754,33.34005899,31.35737153,33.20775034,31.33681037,33.31214807,31.24643536,33.31318173,31.24659599,33.31287292,31.24803629,33.31183926,31.24787566,398,67,403,75,40
ow,ow-0072.jpg,ow-0072.xml,ow-0072-03-000194,S1_20190306_154745_154925_VV_1,2019-03-06T15:47:45,2019-03-06T15:49:25,S1B_IW_GRDH_1SDV_20190306T154810_20190306T154835_015236_01C814_5AC6.SAFE;S1B_IW_GRDH_1SDV_20190306T154745_20190306T154810_015236_01C814_B914.SAFE,640,640,33.23245488,31.22158638,33.36476353,31.24214754,33.34005899,31.35737153,33.20775034,31.33681037,33.26299989,31.25647102,33.26858166,31.25733845,33.26780964,31.2609392,33.26222787,31.26007177,178,162,205,182,540
ow,ow-0072.jpg,ow-0072.xml,ow-0072-04-000195,S1_20190306_154745_154925_VV_1,2019-03-06T15:47:45,2019-03-06T15:49:25,S1B_IW_GRDH_1SDV_20190306T154810_20190306T154835_015236_01C814_5AC6.SAFE;S1B_IW_GRDH_1SDV_20190306T154745_20190306T154810_015236_01C814_B914.SAFE,640,640,33.23245488,31.22158638,33.36476353,31.24214754,33.34005899,31.35737153,33.20775034,31.33681037,33.23448021,31.23306329,33.24047544,31.23399497,33.2386612,31.24245673,33.23266597,31.24152505,21,60,50,107,1363
ow,ow-0072.jpg,ow-0072.xml,ow-0072-05-000196,S1_20190306_154745_154925_VV_1,2019-03-06T15:47:45,2019-03-06T15:49:25,S1B_IW_GRDH_1SDV_20190306T154810_20190306T154835_015236_01C814_5AC6.SAFE;S1B_IW_GRDH_1SDV_20190306T154745_20190306T154810_015236_01C814_B914.SAFE,640,640,33.23245488,31.22158638,33.36476353,31.24214754,33.34005899,31.35737153,33.20775034,31.33681037,33.22241623,31.31025388,33.22531048,31.31070366,33.22484727,31.31286411,33.22195302,31.31241433,42,485,56,497,168
ow,ow-0072.jpg,ow-0072.xml,ow-0072-06-000197,S1_20190306_154745_154925_VV_1,2019-03-06T15:47:45,2019-03-06T15:49:25,S1B_IW_GRDH_1SDV_20190306T154810_20190306T154835_015236_01C814_5AC6.SAFE;S1B_IW_GRDH_1SDV_20190306T154745_20190306T154810_015236_01C814_B914.SAFE,640,640,33.23245488,31.22158638,33.36476353,31.24214754,33.34005899,31.35737153,33.20775034,31.33681037,33.24318717,31.29208759,33.24504776,31.29237673,33.24466176,31.29417711,33.24280117,31.29388797,121,370,130,380,90
ow,ow-0072.jpg,ow-0072.xml,ow-0072-07-000198,S1_20190306_154745_154925_VV_1,2019-03-06T15:47:45,2019-03-06T15:49:25,S1B_IW_GRDH_1SDV_20190306T154810_20190306T154835_015236_01C814_5AC6.SAFE;S1B_IW_GRDH_1SDV_20190306T154745_20190306T154810_015236_01C814_B914.SAFE,640,640,33.23245488,31.22158638,33.36476353,31.24214754,33.34005899,31.35737153,33.20775034,31.33681037,33.26955635,31.32353276,33.27100348,31.32375765,33.27034726,31.32681828,33.26890014,31.3265934,276,517,283,534,119
ow,ow-0072.jpg,ow-0072.xml,ow-0072-08-000199,S1_20190306_154745_154925_VV_1,2019-03-06T15:47:45,2019-03-06T15:49:25,S1B_IW_GRDH_1SDV_20190306T154810_20190306T154835_015236_01C814_5AC6.SAFE;S1B_IW_GRDH_1SDV_20190306T154745_20190306T154810_015236_01C814_B914.SAFE,640,640,33.23245488,31.22158638,33.36476353,31.24214754,33.34005899,31.35737153,33.20775034,31.33681037,33.23169659,31.22611944,33.23541777,31.22669772,33.23507037,31.22831806,33.23134918,31.22773978,1,25,19,34,162
ow,ow-0072.jpg,ow-0072.xml,ow-0072-09-000200,S1_20190306_154745_154925_VV_1,2019-03-06T15:47:45,2019-03-06T15:49:25,S1B_IW_GRDH_1SDV_20190306T154810_20190306T154835_015236_01C814_5AC6.SAFE;S1B_IW_GRDH_1SDV_20190306T154745_20190306T154810_015236_01C814_B914.SAFE,640,640,33.23245488,31.22158638,33.36476353,31.24214754,33.34005899,31.35737153,33.20775034,31.33681037,33.23166006,31.33289853,33.23352065,31.33318767,33.23259423,31.33750857,33.23073364,31.33721943,108,599,117,623,216
ow,ow-0073.jpg,ow-0073.xml,ow-0073-01-000201,S1_20190306_154745_154925_VV_2,2019-03-06T15:47:45,2019-03-06T15:49:25,S1B_IW_GRDH_1SDV_20190306T154810_20190306T154835_015236_01C814_5AC6.SAFE;S1B_IW_GRDH_1SDV_20190306T154745_20190306T154810_015236_01C814_B914.SAFE,640,640,32.75352163,31.14367026,32.88571827,31.16450479,32.86068749,31.27974448,32.72849085,31.25890994,32.87203671,31.18618546,32.87492851,31.18664122,32.87406808,31.19060258,32.87117628,31.19014683,598,128,612,150,308
ow,ow-0073.jpg,ow-0073.xml,ow-0073-02-000202,S1_20190306_154745_154925_VV_2,2019-03-06T15:47:45,2019-03-06T15:49:25,S1B_IW_GRDH_1SDV_20190306T154810_20190306T154835_015236_01C814_5AC6.SAFE;S1B_IW_GRDH_1SDV_20190306T154745_20190306T154810_015236_01C814_B914.SAFE,640,640,32.75352163,31.14367026,32.88571827,31.16450479,32.86068749,31.27974448,32.72849085,31.25890994,32.78147331,31.24807884,32.78705035,31.2489578,32.78642458,31.25183879,32.78084754,31.25095984,237,537,264,553,432
ow,ow-0073.jpg,ow-0073.xml,ow-0073-03-000203,S1_20190306_154745_154925_VV_2,2019-03-06T15:47:45,2019-03-06T15:49:25,S1B_IW_GRDH_1SDV_20190306T154810_20190306T154835_015236_01C814_5AC6.SAFE;S1B_IW_GRDH_1SDV_20190306T154745_20190306T154810_015236_01C814_B914.SAFE,640,640,32.75352163,31.14367026,32.88571827,31.16450479,32.86068749,31.27974448,32.72849085,31.25890994,32.76307008,31.22953547,32.76575533,31.22995867,32.76505134,31.23319979,32.76236609,31.23277659,132,453,145,471,234
ow,ow-0073.jpg,ow-0073.xml,ow-0073-04-000204,S1_20190306_154745_154925_VV_2,2019-03-06T15:47:45,2019-03-06T15:49:25,S1B_IW_GRDH_1SDV_20190306T154810_20190306T154835_015236_01C814_5AC6.SAFE;S1B_IW_GRDH_1SDV_20190306T154745_20190306T154810_015236_01C814_B914.SAFE,640,640,32.75352163,31.14367026,32.88571827,31.16450479,32.86068749,31.27974448,32.72849085,31.25890994,32.7583035,31.25541455,32.76098874,31.25583775,32.76028475,31.25907887,32.75759951,31.25865567,136,596,149,614,234
ow,ow-0073.jpg,ow-0073.xml,ow-0073-05-000205,S1_20190306_154745_154925_VV_2,2019-03-06T15:47:45,2019-03-06T15:49:25,S1B_IW_GRDH_1SDV_20190306T154810_20190306T154835_015236_01C814_5AC6.SAFE;S1B_IW_GRDH_1SDV_20190306T154745_20190306T154810_015236_01C814_B914.SAFE,640,640,32.75352163,31.14367026,32.88571827,31.16450479,32.86068749,31.27974448,32.72849085,31.25890994,32.7904384,31.25303006,32.7933302,31.25348581,32.79227421,31.25834749,32.78938241,31.25789173,284,556,298,583,378
ow,ow-0073.jpg,ow-0073.xml,ow-0073-06-000206,S1_20190306_154745_154925_VV_2,2019-03-06T15:47:45,2019-03-06T15:49:25,S1B_IW_GRDH_1SDV_20190306T154810_20190306T154835_015236_01C814_5AC6.SAFE;S1B_IW_GRDH_1SDV_20190306T154745_20190306T154810_015236_01C814_B914.SAFE,640,640,32.75352163,31.14367026,32.88571827,31.16450479,32.86068749,31.27974448,32.72849085,31.25890994,32.7583035,31.25541455,32.76098874,31.25583775,32.76028475,31.25907887,32.75759951,31.25865567,136,596,149,614,234
ow,ow-0073.jpg,ow-0073.xml,ow-0073-07-000207,S1_20190306_154745_154925_VV_2,2019-03-06T15:47:45,2019-03-06T15:49:25,S1B_IW_GRDH_1SDV_20190306T154810_20190306T154835_015236_01C814_5AC6.SAFE;S1B_IW_GRDH_1SDV_20190306T154745_20190306T154810_015236_01C814_B914.SAFE,640,640,32.75352163,31.14367026,32.88571827,31.16450479,32.86068749,31.27974448,32.72849085,31.25890994,32.7297925,31.25390076,32.73103184,31.25409608,32.72993675,31.25913782,32.7286974,31.2589425,1,612,7,640,168
ow,ow-0074.jpg,ow-0074.xml,ow-0074-01-000208,S1_20190306_154745_154925_VV_3,2019-03-06T15:47:45,2019-03-06T15:49:25,S1B_IW_GRDH_1SDV_20190306T154810_20190306T154835_015236_01C814_5AC6.SAFE;S1B_IW_GRDH_1SDV_20190306T154745_20190306T154810_015236_01C814_B914.SAFE,640,640,33.11046151,31.23760304,33.24277017,31.2581642,33.21806563,31.3733882,33.08575697,31.35282704,33.20986113,31.25323608,33.21254865,31.25365373,33.21166083,31.25779459,33.20897331,31.25737694,481,1,494,24,299
ow,ow-0074.jpg,ow-0074.xml,ow-0074-02-000209,S1_20190306_154745_154925_VV_3,2019-03-06T15:47:45,2019-03-06T15:49:25,S1B_IW_GRDH_1SDV_20190306T154810_20190306T154835_015236_01C814_5AC6.SAFE;S1B_IW_GRDH_1SDV_20190306T154745_20190306T154810_015236_01C814_B914.SAFE,640,640,33.11046151,31.23760304,33.24277017,31.2581642,33.21806563,31.3733882,33.08575697,31.35282704,33.22286829,31.3101381,33.22493562,31.31045937,33.2243566,31.31315993,33.22228928,31.31283866,599,296,609,311,150
ow,ow-0074.jpg,ow-0074.xml,ow-0074-03-000210,S1_20190306_154745_154925_VV_3,2019-03-06T15:47:45,2019-03-06T15:49:25,S1B_IW_GRDH_1SDV_20190306T154810_20190306T154835_015236_01C814_5AC6.SAFE;S1B_IW_GRDH_1SDV_20190306T154745_20190306T154810_015236_01C814_B914.SAFE,640,640,33.11046151,31.23760304,33.24277017,31.2581642,33.21806563,31.3733882,33.08575697,31.35282704,33.17862338,31.32819116,33.18110417,31.32857668,33.18056376,31.3310972,33.17808297,31.33071168,410,430,422,444,168
ow,ow-0074.jpg,ow-0074.xml,ow-0074-04-000211,S1_20190306_154745_154925_VV_3,2019-03-06T15:47:45,2019-03-06T15:49:25,S1B_IW_GRDH_1SDV_20190306T154810_20190306T154835_015236_01C814_5AC6.SAFE;S1B_IW_GRDH_1SDV_20190306T154745_20190306T154810_015236_01C814_B914.SAFE,640,640,33.11046151,31.23760304,33.24277017,31.2581642,33.21806563,31.3733882,33.08575697,31.35282704,33.204718,31.34099004,33.20657859,31.34127918,33.20599958,31.34397974,33.20413898,31.3436906,545,477,554,492,135
ow,ow-0074.jpg,ow-0074.xml,ow-0074-05-000212,S1_20190306_154745_154925_VV_3,2019-03-06T15:47:45,2019-03-06T15:49:25,S1B_IW_GRDH_1SDV_20190306T154810_20190306T154835_015236_01C814_5AC6.SAFE;S1B_IW_GRDH_1SDV_20190306T154745_20190306T154810_015236_01C814_B914.SAFE,640,640,33.11046151,31.23760304,33.24277017,31.2581642,33.21806563,31.3733882,33.08575697,31.35282704,33.17680752,31.36455809,33.18218256,31.36539339,33.18168075,31.36773388,33.17630571,31.36689858,438,627,464,640,338
ow,ow-0075.jpg,ow-0075.xml,ow-0075-01-000213,S1_20190306_154745_154925_VV_4,2019-03-06T15:47:45,2019-03-06T15:49:25,S1B_IW_GRDH_1SDV_20190306T154810_20190306T154835_015236_01C814_5AC6.SAFE;S1B_IW_GRDH_1SDV_20190306T154745_20190306T154810_015236_01C814_B914.SAFE,640,640,32.63947325,31.19337268,32.7715503,31.21447964,32.746194,31.32973283,32.61411696,31.30862587,32.74803858,31.27279834,32.75030865,31.27316111,32.74935779,31.27748311,32.74708772,31.27712033,590,333,601,357,264
ow,ow-0075.jpg,ow-0075.xml,ow-0075-02-000214,S1_20190306_154745_154925_VV_4,2019-03-06T15:47:45,2019-03-06T15:49:25,S1B_IW_GRDH_1SDV_20190306T154810_20190306T154835_015236_01C814_5AC6.SAFE;S1B_IW_GRDH_1SDV_20190306T154745_20190306T154810_015236_01C814_B914.SAFE,640,640,32.63947325,31.19337268,32.7715503,31.21447964,32.746194,31.32973283,32.61411696,31.30862587,32.76311092,31.22953545,32.76579373,31.22996418,32.76504097,31.23338576,32.76235815,31.23295703,616,88,629,107,247
ow,ow-0075.jpg,ow-0075.xml,ow-0075-03-000215,S1_20190306_154745_154925_VV_4,2019-03-06T15:47:45,2019-03-06T15:49:25,S1B_IW_GRDH_1SDV_20190306T154810_20190306T154835_015236_01C814_5AC6.SAFE;S1B_IW_GRDH_1SDV_20190306T154745_20190306T154810_015236_01C814_B914.SAFE,640,640,32.63947325,31.19337268,32.7715503,31.21447964,32.746194,31.32973283,32.61411696,31.30862587,32.75764347,31.25438692,32.76197724,31.25507949,32.76086791,31.26012181,32.75653413,31.25942924,616,226,637,254,588
ow,ow-0075.jpg,ow-0075.xml,ow-0075-04-000216,S1_20190306_154745_154925_VV_4,2019-03-06T15:47:45,2019-03-06T15:49:25,S1B_IW_GRDH_1SDV_20190306T154810_20190306T154835_015236_01C814_5AC6.SAFE;S1B_IW_GRDH_1SDV_20190306T154745_20190306T154810_015236_01C814_B914.SAFE,640,640,32.63947325,31.19337268,32.7715503,31.21447964,32.746194,31.32973283,32.61411696,31.30862587,32.74997739,31.30088395,32.75245384,31.3012797,32.75185955,31.30398095,32.7493831,31.30358519,628,482,640,497,180
ow,ow-0075.jpg,ow-0075.xml,ow-0075-05-000217,S1_20190306_154745_154925_VV_4,2019-03-06T15:47:45,2019-03-06T15:49:25,S1B_IW_GRDH_1SDV_20190306T154810_20190306T154835_015236_01C814_5AC6.SAFE;S1B_IW_GRDH_1SDV_20190306T154745_20190306T154810_015236_01C814_B914.SAFE,640,640,32.63947325,31.19337268,32.7715503,31.21447964,32.746194,31.32973283,32.61411696,31.30862587,32.73749062,31.27316325,32.74141166,31.27378986,32.74042118,31.27829194,32.73650014,31.27766533,541,344,560,369,475
ow,ow-0075.jpg,ow-0075.xml,ow-0075-06-000218,S1_20190306_154745_154925_VV_4,2019-03-06T15:47:45,2019-03-06T15:49:25,S1B_IW_GRDH_1SDV_20190306T154810_20190306T154835_015236_01C814_5AC6.SAFE;S1B_IW_GRDH_1SDV_20190306T154745_20190306T154810_015236_01C814_B914.SAFE,640,640,32.63947325,31.19337268,32.7715503,31.21447964,32.746194,31.32973283,32.61411696,31.30862587,32.65470826,31.27074601,32.65677196,31.27107581,32.65637577,31.27287664,32.65431207,31.27254684,151,402,161,412,100
ow,ow-0075.jpg,ow-0075.xml,ow-0075-07-000219,S1_20190306_154745_154925_VV_4,2019-03-06T15:47:45,2019-03-06T15:49:25,S1B_IW_GRDH_1SDV_20190306T154810_20190306T154835_015236_01C814_5AC6.SAFE;S1B_IW_GRDH_1SDV_20190306T154745_20190306T154810_015236_01C814_B914.SAFE,640,640,32.63947325,31.19337268,32.7715503,31.21447964,32.746194,31.32973283,32.61411696,31.30862587,32.66750001,31.19803799,32.66853186,31.19820289,32.66833376,31.19910331,32.66730191,31.19893841,136,1,141,6,25
ow,ow-0075.jpg,ow-0075.xml,ow-0075-08-000220,S1_20190306_154745_154925_VV_4,2019-03-06T15:47:45,2019-03-06T15:49:25,S1B_IW_GRDH_1SDV_20190306T154810_20190306T154835_015236_01C814_5AC6.SAFE;S1B_IW_GRDH_1SDV_20190306T154745_20190306T154810_015236_01C814_B914.SAFE,640,640,32.63947325,31.19337268,32.7715503,31.21447964,32.746194,31.32973283,32.61411696,31.30862587,32.72961019,31.25363527,32.73146752,31.25393208,32.73031857,31.25915449,32.72846123,31.25885768,484,246,493,275,261
ow,ow-0076.jpg,ow-0076.xml,ow-0076-01-000221,S1_20190306_154745_154925_VV_5,2019-03-06T15:47:45,2019-03-06T15:49:25,S1B_IW_GRDH_1SDV_20190306T154810_20190306T154835_015236_01C814_5AC6.SAFE;S1B_IW_GRDH_1SDV_20190306T154745_20190306T154810_015236_01C814_B914.SAFE,640,640,32.97682213,31.22381544,33.10907477,31.24451329,33.08420723,31.35974494,32.95195459,31.3390471,33.05788537,31.29066599,33.06945748,31.29247705,33.0675147,31.30147952,33.0559426,31.29966846,447,291,503,341,2800
ow,ow-0077.jpg,ow-0077.xml,ow-0077-01-000222,S1_20190306_154745_154925_VV_9,2019-03-06T15:47:45,2019-03-06T15:49:25,S1B_IW_GRDH_1SDV_20190306T154810_20190306T154835_015236_01C814_5AC6.SAFE,640,640,32.58468699,31.30839667,32.71676403,31.32950364,32.69140774,31.44475682,32.5593307,31.42364986,32.67812235,31.35949282,32.68286887,31.36025135,32.68227458,31.36295259,32.67752806,31.36219406,490,194,513,209,345
ow,ow-0077.jpg,ow-0077.xml,ow-0077-02-000223,S1_20190306_154745_154925_VV_9,2019-03-06T15:47:45,2019-03-06T15:49:25,S1B_IW_GRDH_1SDV_20190306T154810_20190306T154835_015236_01C814_5AC6.SAFE,640,640,32.58468699,31.30839667,32.71676403,31.32950364,32.69140774,31.44475682,32.5593307,31.42364986,32.56773824,31.38640564,32.57042106,31.38683437,32.57002487,31.3886352,32.56734205,31.38820647,1,433,14,443,130
ow,ow-0077.jpg,ow-0077.xml,ow-0077-03-000224,S1_20190306_154745_154925_VV_9,2019-03-06T15:47:45,2019-03-06T15:49:25,S1B_IW_GRDH_1SDV_20190306T154810_20190306T154835_015236_01C814_5AC6.SAFE,640,640,32.58468699,31.30839667,32.71676403,31.32950364,32.69140774,31.44475682,32.5593307,31.42364986,32.59312657,31.38170141,32.59601575,31.38216312,32.59561956,31.38396396,32.59273038,31.38350224,115,386,129,396,140
ow,ow-0078.jpg,ow-0078.xml,ow-0078-01-000225,S1_20190306_154745_154925_VV_11,2019-03-06T15:47:45,2019-03-06T15:49:25,S1B_IW_GRDH_1SDV_20190306T154810_20190306T154835_015236_01C814_5AC6.SAFE,640,640,32.33749197,31.32732341,32.46951063,31.34856563,32.44399231,31.46382405,32.31197365,31.44258182,32.42800663,31.35848662,32.43048198,31.35888491,32.42992376,31.36140619,32.42744841,31.3610079,456,89,468,103,168
ow,ow-0078.jpg,ow-0078.xml,ow-0078-02-000226,S1_20190306_154745_154925_VV_11,2019-03-06T15:47:45,2019-03-06T15:49:25,S1B_IW_GRDH_1SDV_20190306T154810_20190306T154835_015236_01C814_5AC6.SAFE,640,640,32.33749197,31.32732341,32.46951063,31.34856563,32.44399231,31.46382405,32.31197365,31.44258182,32.34090677,31.33216252,32.3464763,31.33305867,32.34603771,31.33503968,32.34046817,31.33414352,21,23,48,34,297
ow,ow-0078.jpg,ow-0078.xml,ow-0078-03-000227,S1_20190306_154745_154925_VV_11,2019-03-06T15:47:45,2019-03-06T15:49:25,S1B_IW_GRDH_1SDV_20190306T154810_20190306T154835_015236_01C814_5AC6.SAFE,640,640,32.33749197,31.32732341,32.46951063,31.34856563,32.44399231,31.46382405,32.31197365,31.44258182,32.35359192,31.3424099,32.36143053,31.34367116,32.36031411,31.34871371,32.3524755,31.34745246,91,67,129,95,1064
ow,ow-0078.jpg,ow-0078.xml,ow-0078-04-000228,S1_20190306_154745_154925_VV_11,2019-03-06T15:47:45,2019-03-06T15:49:25,S1B_IW_GRDH_1SDV_20190306T154810_20190306T154835_015236_01C814_5AC6.SAFE,640,640,32.33749197,31.32732341,32.46951063,31.34856563,32.44399231,31.46382405,32.31197365,31.44258182,32.39612857,31.3606311,32.40396717,31.36189236,32.40237228,31.36909601,32.39453367,31.36783475,309,128,347,168,1520
ow,ow-0078.jpg,ow-0078.xml,ow-0078-05-000229,S1_20190306_154745_154925_VV_11,2019-03-06T15:47:45,2019-03-06T15:49:25,S1B_IW_GRDH_1SDV_20190306T154810_20190306T154835_015236_01C814_5AC6.SAFE,640,640,32.33749197,31.32732341,32.46951063,31.34856563,32.44399231,31.46382405,32.31197365,31.44258182,32.43334065,31.44439201,32.44778019,31.44671538,32.44399231,31.46382405,32.42955277,31.46150068,570,545,640,640,6650
ow,ow-0079.jpg,ow-0079.xml,ow-0079-01-000230,S1_20190306_154745_154925_VV_14,2019-03-06T15:47:45,2019-03-06T15:49:25,S1B_IW_GRDH_1SDV_20190306T154810_20190306T154835_015236_01C814_5AC6.SAFE,640,640,32.35611247,31.43971388,32.48898686,31.46092787,32.46342159,31.57618118,32.3305472,31.55496719,32.4324753,31.45209201,32.4607111,31.45659998,32.45647685,31.47568881,32.42824105,31.47118084,368,1,504,107,14416
ow,ow-0079.jpg,ow-0079.xml,ow-0079-02-000231,S1_20190306_154745_154925_VV_14,2019-03-06T15:47:45,2019-03-06T15:49:25,S1B_IW_GRDH_1SDV_20190306T154810_20190306T154835_015236_01C814_5AC6.SAFE,640,640,32.35611247,31.43971388,32.48898686,31.46092787,32.46342159,31.57618118,32.3305472,31.55496719,32.45321149,31.54564966,32.45674097,31.54621316,32.45630156,31.54819408,32.45277209,31.54763058,561,485,578,496,187
ow,ow-0079.jpg,ow-0079.xml,ow-0079-03-000232,S1_20190306_154745_154925_VV_14,2019-03-06T15:47:45,2019-03-06T15:49:25,S1B_IW_GRDH_1SDV_20190306T154810_20190306T154835_015236_01C814_5AC6.SAFE,640,640,32.35611247,31.43971388,32.48898686,31.46092787,32.46342159,31.57618118,32.3305472,31.55496719,32.43417593,31.53067706,32.43625209,31.53100853,32.43577274,31.53316953,32.43369658,31.53283806,457,421,467,433,120
ow,ow-0079.jpg,ow-0079.xml,ow-0079-04-000233,S1_20190306_154745_154925_VV_14,2019-03-06T15:47:45,2019-03-06T15:49:25,S1B_IW_GRDH_1SDV_20190306T154810_20190306T154835_015236_01C814_5AC6.SAFE,640,640,32.35611247,31.43971388,32.48898686,31.46092787,32.46342159,31.57618118,32.3305472,31.55496719,32.4283558,31.51911959,32.4296015,31.51931847,32.42928194,31.52075913,32.42803624,31.52056025,418,364,424,372,48
ow,ow-0079.jpg,ow-0079.xml,ow-0079-05-000234,S1_20190306_154745_154925_VV_14,2019-03-06T15:47:45,2019-03-06T15:49:25,S1B_IW_GRDH_1SDV_20190306T154810_20190306T154835_015236_01C814_5AC6.SAFE,640,640,32.35611247,31.43971388,32.48898686,31.46092787,32.46342159,31.57618118,32.3305472,31.55496719,32.47953752,31.48608314,32.48327462,31.48667978,32.48195641,31.49262253,32.47821931,31.49202588,622,143,640,176,594
ow,ow-0079.jpg,ow-0079.xml,ow-0079-06-000235,S1_20190306_154745_154925_VV_14,2019-03-06T15:47:45,2019-03-06T15:49:25,S1B_IW_GRDH_1SDV_20190306T154810_20190306T154835_015236_01C814_5AC6.SAFE,640,640,32.35611247,31.43971388,32.48898686,31.46092787,32.46342159,31.57618118,32.3305472,31.55496719,32.42438794,31.51084121,32.42604887,31.51110638,32.42568936,31.51272713,32.42402843,31.51246195,391,323,399,332,72
ow,ow-0079.jpg,ow-0079.xml,ow-0079-07-000236,S1_20190306_154745_154925_VV_14,2019-03-06T15:47:45,2019-03-06T15:49:25,S1B_IW_GRDH_1SDV_20190306T154810_20190306T154835_015236_01C814_5AC6.SAFE,640,640,32.35611247,31.43971388,32.48898686,31.46092787,32.46342159,31.57618118,32.3305472,31.55496719,32.43417593,31.53067706,32.43625209,31.53100853,32.43577274,31.53316953,32.43369658,31.53283806,457,421,467,433,120
ow,ow-0079.jpg,ow-0079.xml,ow-0079-08-000237,S1_20190306_154745_154925_VV_14,2019-03-06T15:47:45,2019-03-06T15:49:25,S1B_IW_GRDH_1SDV_20190306T154810_20190306T154835_015236_01C814_5AC6.SAFE,640,640,32.35611247,31.43971388,32.48898686,31.46092787,32.46342159,31.57618118,32.3305472,31.55496719,32.4283558,31.51911959,32.4296015,31.51931847,32.42928194,31.52075913,32.42803624,31.52056025,418,364,424,372,48
ow,ow-0079.jpg,ow-0079.xml,ow-0079-09-000238,S1_20190306_154745_154925_VV_14,2019-03-06T15:47:45,2019-03-06T15:49:25,S1B_IW_GRDH_1SDV_20190306T154810_20190306T154835_015236_01C814_5AC6.SAFE,640,640,32.35611247,31.43971388,32.48898686,31.46092787,32.46342159,31.57618118,32.3305472,31.55496719,32.42438794,31.51084121,32.42604887,31.51110638,32.42568936,31.51272713,32.42402843,31.51246195,391,323,399,332,72
ow,ow-0079.jpg,ow-0079.xml,ow-0079-10-000239,S1_20190306_154745_154925_VV_14,2019-03-06T15:47:45,2019-03-06T15:49:25,S1B_IW_GRDH_1SDV_20190306T154810_20190306T154835_015236_01C814_5AC6.SAFE,640,640,32.35611247,31.43971388,32.48898686,31.46092787,32.46342159,31.57618118,32.3305472,31.55496719,32.41220473,31.48726665,32.41448851,31.48763126,32.41392927,31.49015243,32.41164549,31.48978781,310,207,321,221,154
ow,ow-0080.jpg,ow-0080.xml,ow-0080-01-000240,S1_20190306_154745_154925_VV_16,2019-03-06T15:47:45,2019-03-06T15:49:25,S1B_IW_GRDH_1SDV_20190306T154810_20190306T154835_015236_01C814_5AC6.SAFE,640,640,31.98794115,31.47983509,32.12062997,31.50146603,32.09456554,31.61673308,31.96187673,31.59510215,31.99732981,31.53813577,32.00023238,31.53860895,31.99958077,31.54149062,31.9966782,31.54101745,105,304,119,320,224
ow,ow-0080.jpg,ow-0080.xml,ow-0080-02-000241,S1_20190306_154745_154925_VV_16,2019-03-06T15:47:45,2019-03-06T15:49:25,S1B_IW_GRDH_1SDV_20190306T154810_20190306T154835_015236_01C814_5AC6.SAFE,640,640,31.98794115,31.47983509,32.12062997,31.50146603,32.09456554,31.61673308,31.96187673,31.59510215,31.99730388,31.54205316,32.00082842,31.54262774,32.00042117,31.54442878,31.99689662,31.54385421,109,325,126,335,170
ow,ow-0080.jpg,ow-0080.xml,ow-0080-03-000242,S1_20190306_154745_154925_VV_16,2019-03-06T15:47:45,2019-03-06T15:49:25,S1B_IW_GRDH_1SDV_20190306T154810_20190306T154835_015236_01C814_5AC6.SAFE,640,640,31.98794115,31.47983509,32.12062997,31.50146603,32.09456554,31.61673308,31.96187673,31.59510215,32.02437477,31.54497231,32.02644803,31.5453103,32.02563352,31.54891239,32.02356026,31.54857441,238,317,248,337,200
ow,ow-0080.jpg,ow-0080.xml,ow-0080-04-000243,S1_20190306_154745_154925_VV_16,2019-03-06T15:47:45,2019-03-06T15:49:25,S1B_IW_GRDH_1SDV_20190306T154810_20190306T154835_015236_01C814_5AC6.SAFE,640,640,31.98794115,31.47983509,32.12062997,31.50146603,32.09456554,31.61673308,31.96187673,31.59510215,32.02209788,31.54553485,32.02417114,31.54587284,32.02360098,31.5483943,32.02152772,31.54805632,228,322,238,336,140
ow,ow-0081.jpg,ow-0081.xml,ow-0081-01-000244,S1_20190306_154745_154925_VV_19,2019-03-06T15:47:45,2019-03-06T15:49:25,S1B_IW_GRDH_1SDV_20190306T154810_20190306T154835_015236_01C814_5AC6.SAFE,640,640,33.6814454,32.27262405,33.81581008,32.29237979,33.79183806,32.407528,33.65747339,32.38777226,33.7282282,32.3347596,33.74481384,32.3371982,33.74410217,32.34061666,33.72751653,32.33817806,276,298,355,317,1501
ow,ow-0081.jpg,ow-0081.xml,ow-0081-02-000245,S1_20190306_154745_154925_VV_19,2019-03-06T15:47:45,2019-03-06T15:49:25,S1B_IW_GRDH_1SDV_20190306T154810_20190306T154835_015236_01C814_5AC6.SAFE,640,640,33.6814454,32.27262405,33.81581008,32.29237979,33.79183806,32.407528,33.65747339,32.38777226,33.73794673,32.34212216,33.74571468,32.34326429,33.74522775,32.34560324,33.7374598,32.34446111,328,330,365,343,481
ow,ow-0082.jpg,ow-0082.xml,ow-0082-01-000246,S1_20190306_154745_154925_VV_20,2019-03-06T15:47:45,2019-03-06T15:49:25,S1B_IW_GRDH_1SDV_20190306T154810_20190306T154835_015236_01C814_5AC6.SAFE,640,640,33.4947252,32.30376514,33.62908987,32.32352089,33.60511786,32.4386691,33.47075318,32.41891335,33.51637095,32.34217873,33.53295659,32.34461733,33.52838692,32.36656746,33.51180128,32.36412886,137,190,216,312,9638
ow,ow-0082.jpg,ow-0082.xml,ow-0082-02-000247,S1_20190306_154745_154925_VV_20,2019-03-06T15:47:45,2019-03-06T15:49:25,S1B_IW_GRDH_1SDV_20190306T154810_20190306T154835_015236_01C814_5AC6.SAFE,640,640,33.4947252,32.30376514,33.62908987,32.32352089,33.60511786,32.4386691,33.47075318,32.41891335,33.54306731,32.36464655,33.59030489,32.37159193,33.58375005,32.40307777,33.53651247,32.39613239,282,290,507,465,39375
ow,ow-0083.jpg,ow-0083.xml,ow-0083-01-000248,S1_20190306_154745_154925_VV_21,2019-03-06T15:47:45,2019-03-06T15:49:25,S1B_IW_GRDH_1SDV_20190306T154810_20190306T154835_015236_01C814_5AC6.SAFE,640,640,33.69600816,32.40678834,33.83043263,32.42640027,33.80663565,32.54153742,33.67221118,32.52192548,33.75630881,32.52122209,33.7600895,32.52177368,33.75912275,32.52645112,33.75534206,32.52589954,388,570,406,596,468
ow,ow-0083.jpg,ow-0083.xml,ow-0083-02-000249,S1_20190306_154745_154925_VV_21,2019-03-06T15:47:45,2019-03-06T15:49:25,S1B_IW_GRDH_1SDV_20190306T154810_20190306T154835_015236_01C814_5AC6.SAFE,640,640,33.69600816,32.40678834,33.83043263,32.42640027,33.80663565,32.54153742,33.67221118,32.52192548,33.76425795,32.49532415,33.7705591,32.49624346,33.76702674,32.51333413,33.76072559,32.51241482,400,424,430,519,2850
ow,ow-0083.jpg,ow-0083.xml,ow-0083-03-000250,S1_20190306_154745_154925_VV_21,2019-03-06T15:47:45,2019-03-06T15:49:25,S1B_IW_GRDH_1SDV_20190306T154810_20190306T154835_015236_01C814_5AC6.SAFE,640,640,33.69600816,32.40678834,33.83043263,32.42640027,33.80663565,32.54153742,33.67221118,32.52192548,33.74287433,32.50665985,33.7487554,32.50751788,33.74566923,32.52244972,33.73978816,32.5215917,312,502,340,585,2324
ow,ow-0083.jpg,ow-0083.xml,ow-0083-04-000251,S1_20190306_154745_154925_VV_21,2019-03-06T15:47:45,2019-03-06T15:49:25,S1B_IW_GRDH_1SDV_20190306T154810_20190306T154835_015236_01C814_5AC6.SAFE,640,640,33.69600816,32.40678834,33.83043263,32.42640027,33.80663565,32.54153742,33.67221118,32.52192548,33.7620188,32.47998602,33.76537941,32.48047632,33.76415238,32.48641308,33.76079177,32.48592278,375,343,391,376,528
ow,ow-0083.jpg,ow-0083.xml,ow-0083-05-000252,S1_20190306_154745_154925_VV_21,2019-03-06T15:47:45,2019-03-06T15:49:25,S1B_IW_GRDH_1SDV_20190306T154810_20190306T154835_015236_01C814_5AC6.SAFE,640,640,33.69600816,32.40678834,33.83043263,32.42640027,33.80663565,32.54153742,33.67221118,32.52192548,33.735826,32.41723075,33.76103059,32.42090799,33.75601092,32.44519473,33.73080633,32.44151749,194,25,314,160,16200
ow,ow-0083.jpg,ow-0083.xml,ow-0083-06-000253,S1_20190306_154745_154925_VV_21,2019-03-06T15:47:45,2019-03-06T15:49:25,S1B_IW_GRDH_1SDV_20190306T154810_20190306T154835_015236_01C814_5AC6.SAFE,640,640,33.69600816,32.40678834,33.83043263,32.42640027,33.80663565,32.54153742,33.67221118,32.52192548,33.76113549,32.48949413,33.76659648,32.49029086,33.76473734,32.49928595,33.75927635,32.49848922,380,395,406,445,1300
ow,ow-0083.jpg,ow-0083.xml,ow-0083-07-000254,S1_20190306_154745_154925_VV_21,2019-03-06T15:47:45,2019-03-06T15:49:25,S1B_IW_GRDH_1SDV_20190306T154810_20190306T154835_015236_01C814_5AC6.SAFE,640,640,33.69600816,32.40678834,33.83043263,32.42640027,33.80663565,32.54153742,33.67221118,32.52192548,33.75719877,32.44258813,33.76728061,32.44405903,33.76326487,32.46348842,33.75318303,32.46201753,317,145,365,253,5184
ow,ow-0083.jpg,ow-0083.xml,ow-0083-08-000255,S1_20190306_154745_154925_VV_21,2019-03-06T15:47:45,2019-03-06T15:49:25,S1B_IW_GRDH_1SDV_20190306T154810_20190306T154835_015236_01C814_5AC6.SAFE,640,640,33.69600816,32.40678834,33.83043263,32.42640027,33.80663565,32.54153742,33.67221118,32.52192548,33.75649871,32.51402206,33.7619597,32.51481879,33.76062112,32.52129526,33.75516013,32.52049852,382,531,408,567,936
ow,ow-0084.jpg,ow-0084.xml,ow-0084-01-000256,S1_20190306_154745_154925_VV_22,2019-03-06T15:47:45,2019-03-06T15:49:25,S1B_IW_GRDH_1SDV_20190306T154810_20190306T154835_015236_01C814_5AC6.SAFE,640,640,32.77358514,32.27798214,32.90758721,32.2985993,32.88257103,32.41380444,32.74856896,32.39318728,32.82692241,32.34125096,32.83550692,32.34257174,32.83187175,32.35931249,32.82328725,32.3579917,310,296,351,389,3813
ow,ow-0085.jpg,ow-0085.xml,ow-0085-01-000257,S1_20190306_154745_154925_VV_23,2019-03-06T15:47:45,2019-03-06T15:49:25,S1B_IW_GRDH_1SDV_20190306T154810_20190306T154835_015236_01C814_5AC6.SAFE,640,640,33.66785524,32.62989135,33.80227972,32.64950328,33.77848274,32.76464042,33.64405827,32.74502849,33.68210066,32.63215502,33.68777169,32.6329824,33.6808557,32.66644413,33.67518467,32.66561675,68,1,95,187,5022
ow,ow-0085.jpg,ow-0085.xml,ow-0085-02-000258,S1_20190306_154745_154925_VV_23,2019-03-06T15:47:45,2019-03-06T15:49:25,S1B_IW_GRDH_1SDV_20190306T154810_20190306T154835_015236_01C814_5AC6.SAFE,640,640,33.66785524,32.62989135,33.80227972,32.64950328,33.77848274,32.76464042,33.64405827,32.74502849,33.66261069,32.69714105,33.66597131,32.69763135,33.66548793,32.69997007,33.66212732,32.69947977,40,367,56,380,208
ow,ow-0086.jpg,ow-0086.xml,ow-0086-01-000259,S1_20190307_035039_035218_VV_0,2019-03-07T03:50:39,2019-03-07T03:52:18,S1B_IW_GRDH_1SDV_20190307T035129_20190307T035154_015243_01C850_97F9.SAFE;S1B_IW_GRDH_1SDV_20190307T035104_20190307T035129_015243_01C850_7057.SAFE,640,640,32.2773805,32.7254121,32.1433777,32.74574399,32.11872737,32.63052748,32.25273016,32.61019559,32.21058802,32.67997129,32.18671877,32.68359291,32.18506257,32.6758518,32.20893182,32.67223018,264,299,378,342,4902
ow,ow-0087.jpg,ow-0087.xml,ow-0087-01-000260,S1_20190307_035039_035218_VV_1,2019-03-07T03:50:39,2019-03-07T03:52:18,S1B_IW_GRDH_1SDV_20190307T035129_20190307T035154_015243_01C850_97F9.SAFE,640,640,32.05727769,31.83548234,31.92421324,31.85599932,31.89950743,31.74075812,32.03257187,31.72024113,31.99717857,31.79359439,31.96287289,31.79888392,31.95943724,31.78285819,31.99374291,31.77756866,238,275,403,364,14685
ow,ow-0088.jpg,ow-0088.xml,ow-0088-01-000261,S1_20190307_035039_035218_VV_3,2019-03-07T03:50:39,2019-03-07T03:52:18,S1B_IW_GRDH_1SDV_20190307T035129_20190307T035154_015243_01C850_97F9.SAFE,640,640,31.43023449,31.8034662,31.29687859,31.82328442,31.27301424,31.70809396,31.40637014,31.68827574,31.36319003,31.77428368,31.36173145,31.77450044,31.36143315,31.77306056,31.36289173,31.7728438,284,211,291,219,56
ow,ow-0088.jpg,ow-0088.xml,ow-0088-02-000262,S1_20190307_035039_035218_VV_3,2019-03-07T03:50:39,2019-03-07T03:52:18,S1B_IW_GRDH_1SDV_20190307T035129_20190307T035154_015243_01C850_97F9.SAFE,640,640,31.43023449,31.8034662,31.29687859,31.82328442,31.27301424,31.70809396,31.40637014,31.68827574,31.35129746,31.73968785,31.33921208,31.74148388,31.33816802,31.7364443,31.3502534,31.73464827,306,407,364,435,1624
ow,ow-0089.jpg,ow-0089.xml,ow-0089-01-000263,S1_20190307_035039_035218_VV_6,2019-03-07T03:50:39,2019-03-07T03:52:18,S1B_IW_GRDH_1SDV_20190307T035129_20190307T035154_015243_01C850_97F9.SAFE,640,640,30.97779019,31.74435811,30.84515256,31.76367719,30.82184357,31.64855013,30.9544812,31.62923105,30.85521123,31.70165473,30.85065181,31.70231883,30.85028761,31.70051997,30.85484703,31.69985587,534,327,556,337,220
ow,ow-0089.jpg,ow-0089.xml,ow-0089-02-000264,S1_20190307_035039_035218_VV_6,2019-03-07T03:50:39,2019-03-07T03:52:18,S1B_IW_GRDH_1SDV_20190307T035129_20190307T035154_015243_01C850_97F9.SAFE,640,640,30.97779019,31.74435811,30.84515256,31.76367719,30.82184357,31.64855013,30.9544812,31.62923105,30.94806715,31.70609349,30.92506281,31.70944414,30.92393378,31.70386767,30.94693812,31.70051702,103,230,214,261,3441
ow,ow-0089.jpg,ow-0089.xml,ow-0089-03-000265,S1_20190307_035039_035218_VV_6,2019-03-07T03:50:39,2019-03-07T03:52:18,S1B_IW_GRDH_1SDV_20190307T035129_20190307T035154_015243_01C850_97F9.SAFE,640,640,30.97779019,31.74435811,30.84515256,31.76367719,30.82184357,31.64855013,30.9544812,31.62923105,30.84243739,31.70073742,30.83808522,31.70137133,30.83757534,31.69885292,30.84192751,31.69821902,593,342,614,356,294
ow,ow-0090.jpg,ow-0090.xml,ow-0090-01-000266,S1_20190307_035039_035218_VV_7,2019-03-07T03:50:39,2019-03-07T03:52:18,S1B_IW_GRDH_1SDV_20190307T035129_20190307T035154_015243_01C850_97F9.SAFE,640,640,30.78232999,31.74634521,30.64969236,31.76566429,30.62638337,31.65053723,30.759021,31.63121815,30.77009626,31.69645887,30.75040786,31.69932654,30.74931525,31.69392996,30.76900365,31.69106229,10,279,105,309,2850
ow,ow-0090.jpg,ow-0090.xml,ow-0090-02-000267,S1_20190307_035039_035218_VV_7,2019-03-07T03:50:39,2019-03-07T03:52:18,S1B_IW_GRDH_1SDV_20190307T035129_20190307T035154_015243_01C850_97F9.SAFE,640,640,30.78232999,31.74634521,30.64969236,31.76566429,30.62638337,31.65053723,30.759021,31.63121815,30.74147113,31.70155416,30.64427262,31.71571142,30.64124973,31.70078088,30.73844824,31.68662362,149,274,618,357,38927
ow,ow-0091.jpg,ow-0091.xml,ow-0091-01-000268,S1_20190308_034257_034437_VV_4,2019-03-08T03:42:57,2019-03-08T03:44:37,S1A_IW_GRDH_1SDV_20190308T034412_20190308T034437_026241_02EE61_2777.SAFE,640,640,32.77773339,31.33843183,32.64508902,31.3577163,32.62166147,31.24252123,32.75430583,31.22323675,32.73606481,31.28463332,32.71368108,31.28788757,32.71005713,31.27006834,32.73244086,31.26681408,144,323,252,422,10692
ow,ow-0091.jpg,ow-0091.xml,ow-0091-02-000269,S1_20190308_034257_034437_VV_4,2019-03-08T03:42:57,2019-03-08T03:44:37,S1A_IW_GRDH_1SDV_20190308T034412_20190308T034437_026241_02EE61_2777.SAFE,640,640,32.77773339,31.33843183,32.64508902,31.3577163,32.62166147,31.24252123,32.75430583,31.22323675,32.69767646,31.30781925,32.66658794,31.31233905,32.66219527,31.29073997,32.6932838,31.28622017,346,228,496,348,18000
ow,ow-0092.jpg,ow-0092.xml,ow-0092-01-000270,S1_20190311_155609_155634_VV_0,2019-03-11T15:56:09,2019-03-11T15:56:34,S1B_IW_GRDH_1SDV_20190311T155609_20190311T155634_015309_01CA74_5487.SAFE,640,640,32.12651675,31.33376934,32.25909661,31.35328699,32.2357628,31.46821738,32.10318294,31.44869973,32.216633,31.37644216,32.22139759,31.37714357,32.22063195,31.38091473,32.21586736,31.38021331,463,159,486,180,483
ow,ow-0092.jpg,ow-0092.xml,ow-0092-02-000271,S1_20190311_155609_155634_VV_0,2019-03-11T15:56:09,2019-03-11T15:56:34,S1B_IW_GRDH_1SDV_20190311T155609_20190311T155634_015309_01CA74_5487.SAFE,640,640,32.12651675,31.33376934,32.25909661,31.35328699,32.2357628,31.46821738,32.10318294,31.44869973,32.14257401,31.42176321,32.14858153,31.4226476,32.14792527,31.42588002,32.14191774,31.42499563,159,463,188,481,522
ow,ow-0092.jpg,ow-0092.xml,ow-0092-03-000272,S1_20190311_155609_155634_VV_0,2019-03-11T15:56:09,2019-03-11T15:56:34,S1B_IW_GRDH_1SDV_20190311T155609_20190311T155634_015309_01CA74_5487.SAFE,640,640,32.12651675,31.33376934,32.25909661,31.35328699,32.2357628,31.46821738,32.10318294,31.44869973,32.18571541,31.39001536,32.19358734,31.39117422,32.19289462,31.39458622,32.18502269,31.39342736,331,257,369,276,722
ow,ow-0093.jpg,ow-0093.xml,ow-0093-01-000273,S1_20190311_155609_155634_VV_3,2019-03-11T15:56:09,2019-03-11T15:56:34,S1B_IW_GRDH_1SDV_20190311T155609_20190311T155634_015309_01CA74_5487.SAFE,640,640,31.90785943,31.56984586,32.04004921,31.59030513,32.01557931,31.70528993,31.88338954,31.68483067,31.98474537,31.63964702,31.98743047,31.6400626,31.98674225,31.64329655,31.98405715,31.64288097,430,312,443,330,234
ow,ow-0093.jpg,ow-0093.xml,ow-0093-02-000274,S1_20190311_155609_155634_VV_3,2019-03-11T15:56:09,2019-03-11T15:56:34,S1B_IW_GRDH_1SDV_20190311T155609_20190311T155634_015309_01CA74_5487.SAFE,640,640,31.90785943,31.56984586,32.04004921,31.59030513,32.01557931,31.70528993,31.88338954,31.68483067,31.9347075,31.63116024,31.93925152,31.63186353,31.93806626,31.63743311,31.93352224,31.63672982,187,308,209,339,682
ow,ow-0094.jpg,ow-0094.xml,ow-0094-01-000275,S1_20190311_155609_155634_VV_4,2019-03-11T15:56:09,2019-03-11T15:56:34,S1B_IW_GRDH_1SDV_20190311T155609_20190311T155634_015309_01CA74_5487.SAFE,640,640,30.1651795,31.31941642,30.29738881,31.34080191,30.27177033,31.45585388,30.13956102,31.43446839,30.21635625,31.38561625,30.22090095,31.38635138,30.21998028,31.39048606,30.21543559,31.38975094,308,311,330,334,506
ow,ow-0095.jpg,ow-0095.xml,ow-0095-01-000276,S1_20190311_155609_155634_VV_5,2019-03-11T15:56:09,2019-03-11T15:56:34,S1B_IW_GRDH_1SDV_20190311T155609_20190311T155634_015309_01CA74_5487.SAFE,640,640,29.97160099,31.34666355,30.10379482,31.36831579,30.07784518,31.48337255,29.94565136,31.46172031,30.02376377,31.41262391,30.02686206,31.41313139,30.02609169,31.41654714,30.02299339,31.41603966,313,308,328,327,285
ow,ow-0096.jpg,ow-0096.xml,ow-0096-01-000277,S1_20190311_155609_155634_VV_6,2019-03-11T15:56:09,2019-03-11T15:56:34,S1B_IW_GRDH_1SDV_20190311T155609_20190311T155634_015309_01CA74_5487.SAFE,640,640,31.93992762,31.80500769,32.07326078,31.82446502,32.04991606,31.9393243,31.91658291,31.91986697,31.97562821,31.89004702,31.98708652,31.89171913,31.98362129,31.90876856,31.97216298,31.90709644,247,432,302,527,5225
ow,ow-0096.jpg,ow-0096.xml,ow-0096-02-000278,S1_20190311_155609_155634_VV_6,2019-03-11T15:56:09,2019-03-11T15:56:34,S1B_IW_GRDH_1SDV_20190311T155609_20190311T155634_015309_01CA74_5487.SAFE,640,640,31.93992762,31.80500769,32.07326078,31.82446502,32.04991606,31.9393243,31.91658291,31.91986697,31.98892023,31.83414727,32.01558686,31.83803874,32.01288763,31.85131934,31.986221,31.84742787,256,119,384,193,9472
ow,ow-0096.jpg,ow-0096.xml,ow-0096-03-000279,S1_20190311_155609_155634_VV_6,2019-03-11T15:56:09,2019-03-11T15:56:34,S1B_IW_GRDH_1SDV_20190311T155609_20190311T155634_015309_01CA74_5487.SAFE,640,640,31.93992762,31.80500769,32.07326078,31.82446502,32.04991606,31.9393243,31.91658291,31.91986697,31.99626798,31.8476005,32.01480962,31.85030628,32.01247515,31.86179221,31.99393351,31.85908643,303,186,392,250,5696
ow,ow-0097.jpg,ow-0097.xml,ow-0097-01-000280,S1_20190311_155609_155634_VV_7,2019-03-11T15:56:09,2019-03-11T15:56:34,S1B_IW_GRDH_1SDV_20190311T155609_20190311T155634_015309_01CA74_5487.SAFE,640,640,30.06433578,31.51879358,30.1968607,31.54017008,30.17122041,31.65515403,30.03869549,31.63377753,30.080549,31.54132413,30.09670047,31.54392939,30.09557871,31.54895994,30.07942723,31.54635468,99,107,177,135,2184
ow,ow-0097.jpg,ow-0097.xml,ow-0097-02-000281,S1_20190311_155609_155634_VV_7,2019-03-11T15:56:09,2019-03-11T15:56:34,S1B_IW_GRDH_1SDV_20190311T155609_20190311T155634_015309_01CA74_5487.SAFE,640,640,30.06433578,31.51879358,30.1968607,31.54017008,30.17122041,31.65515403,30.03869549,31.63377753,30.14848088,31.62822053,30.15407177,31.62912235,30.15335064,31.63235627,30.14775974,31.63145445,506,515,533,533,486
ow,ow-0097.jpg,ow-0097.xml,ow-0097-03-000282,S1_20190311_155609_155634_VV_7,2019-03-11T15:56:09,2019-03-11T15:56:34,S1B_IW_GRDH_1SDV_20190311T155609_20190311T155634_015309_01CA74_5487.SAFE,640,640,30.06433578,31.51879358,30.1968607,31.54017008,30.17122041,31.65515403,30.03869549,31.63377753,30.13145008,31.57280015,30.14201066,31.57450359,30.14032801,31.58204941,30.12976743,31.58034597,369,232,420,274,2142
ow,ow-0098.jpg,ow-0098.xml,ow-0098-01-000283,S1_20190311_155640_155734_VV_0,2019-03-11T15:56:40,2019-03-11T15:57:34,S1B_IW_GRDH_1SDV_20190311T155640_20190311T155709_015309_01CA75_E0AC.SAFE,640,640,30.45077096,32.86963821,30.58563184,32.89034651,30.56028933,33.0057081,30.42542846,32.9849998,30.49711688,32.93135029,30.51629241,32.93429475,30.51435212,32.94312712,30.49517659,32.94018266,275,293,366,342,4459
ow,ow-0099.jpg,ow-0099.xml,ow-0099-01-000284,S1_20190312_035849_040029_VV_0,2019-03-12T03:58:49,2019-03-12T04:00:29,S1B_IW_GRDH_1SDV_20190312T035849_20190312T035914_015316_01CAB5_BF4A.SAFE,1191,1191,31.78833298,34.68028027,31.53316747,34.72012171,31.48351838,34.50576823,31.73868389,34.46592679,31.76153615,34.57704798,31.72661425,34.58250067,31.70952262,34.5087098,31.74444452,34.50325711,13,576,176,986,66830
ow,ow-0099.jpg,ow-0099.xml,ow-0099-02-000285,S1_20190312_035849_040029_VV_0,2019-03-12T03:58:49,2019-03-12T04:00:29,S1B_IW_GRDH_1SDV_20190312T035849_20190312T035914_015316_01CAB5_BF4A.SAFE,1191,1191,31.78833298,34.68028027,31.53316747,34.72012171,31.48351838,34.50576823,31.73868389,34.46592679,31.74755371,34.67769617,31.68263755,34.68783215,31.6614606,34.59640346,31.72637677,34.58626748,181,48,484,556,153924
ow,ow-0099.jpg,ow-0099.xml,ow-0099-03-000286,S1_20190312_035849_040029_VV_0,2019-03-12T03:58:49,2019-03-12T04:00:29,S1B_IW_GRDH_1SDV_20190312T035849_20190312T035914_015316_01CAB5_BF4A.SAFE,1191,1191,31.78833298,34.68028027,31.53316747,34.72012171,31.48351838,34.50576823,31.73868389,34.46592679,31.68288287,34.69655872,31.67495582,34.69779645,31.67262135,34.68771769,31.68054841,34.68647997,492,1,529,57,2072
ow,ow-0100.jpg,ow-0100.xml,ow-0100-01-000287,S1_20190312_035849_040029_VV_3,2019-03-12T03:58:49,2019-03-12T04:00:29,S1B_IW_GRDH_1SDV_20190312T035849_20190312T035914_015316_01CAB5_BF4A.SAFE,640,640,30.81960998,34.6394114,30.68257803,34.65990841,30.65711914,34.54473838,30.79415108,34.52424138,30.76937805,34.59728883,30.70214675,34.60734517,30.69729365,34.58539088,30.76452495,34.57533454,185,267,499,389,38308
ow,ow-0100.jpg,ow-0100.xml,ow-0100-02-000288,S1_20190312_035849_040029_VV_3,2019-03-12T03:58:49,2019-03-12T04:00:29,S1B_IW_GRDH_1SDV_20190312T035849_20190312T035914_015316_01CAB5_BF4A.SAFE,640,640,30.81960998,34.6394114,30.68257803,34.65990841,30.65711914,34.54473838,30.79415108,34.52424138,30.77654788,34.5977036,30.77012451,34.5986644,30.76920958,34.59452547,30.77563295,34.59356468,153,259,183,282,690
ow,ow-0101.jpg,ow-0101.xml,ow-0101-01-000289,S1_20190312_035849_040029_VV_4,2019-03-12T03:58:49,2019-03-12T04:00:29,S1B_IW_GRDH_1SDV_20190312T035849_20190312T035914_015316_01CAB5_BF4A.SAFE,640,640,30.42031678,34.65460098,30.28308546,34.67463737,30.25819739,34.55948922,30.39542871,34.53945283,30.39729951,34.61360398,30.27379132,34.63163674,30.26508049,34.59133488,30.38858868,34.57330213,64,239,640,463,129024
ow,ow-0102.jpg,ow-0102.xml,ow-0102-01-000290,S1_20190312_035849_040029_VV_5,2019-03-12T03:58:49,2019-03-12T04:00:29,S1B_IW_GRDH_1SDV_20190312T035914_20190312T035939_015316_01CAB5_A5CE.SAFE,640,640,30.70723894,33.07305744,30.57223619,33.09391845,30.54670111,32.97869953,30.68170387,32.95783851,30.63206108,33.02620897,30.62214681,33.02774095,30.62162813,33.02540056,30.6315424,33.02386858,297,314,344,327,611
ow,ow-0103.jpg,ow-0103.xml,ow-0103-01-000291,S1_20190312_035849_040029_VV_9,2019-03-12T03:58:49,2019-03-12T04:00:29,S1B_IW_GRDH_1SDV_20190312T035939_20190312T040004_015316_01CAB5_09EE.SAFE,640,640,30.68393594,31.78374961,30.55084508,31.80495346,30.52524784,31.6896811,30.65833869,31.66847724,30.63632823,31.70219451,30.53172714,31.71885941,30.52524784,31.6896811,30.62984893,31.67301619,137,478,640,640,81486
ow,ow-0103.jpg,ow-0103.xml,ow-0103-02-000292,S1_20190312_035849_040029_VV_9,2019-03-12T03:58:49,2019-03-12T04:00:29,S1B_IW_GRDH_1SDV_20190312T035939_20190312T040004_015316_01CAB5_09EE.SAFE,640,640,30.68393594,31.78374961,30.55084508,31.80495346,30.52524784,31.6896811,30.65833869,31.66847724,30.58631466,31.68834384,30.58465103,31.68860889,30.58433106,31.68716799,30.5859947,31.68690294,355,595,363,603,64
ow,ow-0103.jpg,ow-0103.xml,ow-0103-03-000293,S1_20190312_035849_040029_VV_9,2019-03-12T03:58:49,2019-03-12T04:00:29,S1B_IW_GRDH_1SDV_20190312T035939_20190312T040004_015316_01CAB5_09EE.SAFE,640,640,30.68393594,31.78374961,30.55084508,31.80495346,30.52524784,31.6896811,30.65833869,31.66847724,30.63632823,31.70219451,30.53172714,31.71885941,30.52524784,31.6896811,30.62984893,31.67301619,137,478,640,640,81486
ow,ow-0104.jpg,ow-0104.xml,ow-0104-01-000294,S1_20190312_035849_040029_VV_10,2019-03-12T03:58:49,2019-03-12T04:00:29,S1B_IW_GRDH_1SDV_20190312T035939_20190312T040004_015316_01CAB5_09EE.SAFE,640,640,30.53572452,31.73487066,30.4029378,31.75581193,30.37773249,31.64054263,30.51051922,31.61960136,30.51276043,31.68874499,30.48371333,31.69332589,30.48174417,31.68432048,30.51079126,31.67973958,60,267,200,317,7000
ow,ow-0104.jpg,ow-0104.xml,ow-0104-02-000295,S1_20190312_035849_040029_VV_10,2019-03-12T03:58:49,2019-03-12T04:00:29,S1B_IW_GRDH_1SDV_20190312T035939_20190312T040004_015316_01CAB5_09EE.SAFE,640,640,30.53572452,31.73487066,30.4029378,31.75581193,30.37773249,31.64054263,30.51051922,31.61960136,30.47493674,31.68558037,30.45501873,31.68872156,30.45356155,31.68205756,30.47347955,31.67891637,233,316,329,353,3552
ow,ow-0104.jpg,ow-0104.xml,ow-0104-03-000296,S1_20190312_035849_040029_VV_10,2019-03-12T03:58:49,2019-03-12T04:00:29,S1B_IW_GRDH_1SDV_20190312T035939_20190312T040004_015316_01CAB5_09EE.SAFE,640,640,30.53572452,31.73487066,30.4029378,31.75581193,30.37773249,31.64054263,30.51051922,31.61960136,30.48552391,31.6760853,30.4826192,31.67654339,30.48218599,31.6745622,30.4850907,31.67410411,174,358,188,369,154
ow,ow-0105.jpg,ow-0105.xml,ow-0105-01-000297,S1_20190312_035849_040029_VV_11,2019-03-12T03:58:49,2019-03-12T04:00:29,S1B_IW_GRDH_1SDV_20190312T035939_20190312T040004_015316_01CAB5_09EE.SAFE,640,640,30.33220966,31.60740994,30.19979472,31.62823146,30.17480897,31.5129602,30.30722391,31.49213868,30.27741609,31.57374713,30.27493331,31.57413753,30.27446483,31.5719762,30.27694761,31.57158579,222,227,234,239,144
ow,ow-0105.jpg,ow-0105.xml,ow-0105-02-000298,S1_20190312_035849_040029_VV_11,2019-03-12T03:58:49,2019-03-12T04:00:29,S1B_IW_GRDH_1SDV_20190312T035939_20190312T040004_015316_01CAB5_09EE.SAFE,640,640,30.33220966,31.60740994,30.19979472,31.62823146,30.17480897,31.5129602,30.30722391,31.49213868,30.19092834,31.56462433,30.18803176,31.5650798,30.18752424,31.56273835,30.19042082,31.56228288,617,349,631,362,182
ow,ow-0106.jpg,ow-0106.xml,ow-0106-01-000299,S1_20190312_035849_040029_VV_12,2019-03-12T03:58:49,2019-03-12T04:00:29,S1B_IW_GRDH_1SDV_20190312T035939_20190312T040004_015316_01CAB5_09EE.SAFE,874,874,30.18384014,31.55555336,30.00293106,31.58380061,29.9690344,31.4263947,30.14994347,31.39814745,30.16659549,31.55694287,30.15872988,31.55817101,30.15810934,31.55528944,30.16597496,31.5540613,82,7,120,23,608
ow,ow-0106.jpg,ow-0106.xml,ow-0106-02-000300,S1_20190312_035849_040029_VV_12,2019-03-12T03:58:49,2019-03-12T04:00:29,S1B_IW_GRDH_1SDV_20190312T035939_20190312T040004_015316_01CAB5_09EE.SAFE,874,874,30.18384014,31.55555336,30.00293106,31.58380061,29.9690344,31.4263947,30.14994347,31.39814745,30.08643161,31.52943661,30.07918697,31.53056779,30.07833373,31.52660563,30.08557837,31.52547444,429,222,464,244,770
ow,ow-0106.jpg,ow-0106.xml,ow-0106-03-000301,S1_20190312_035849_040029_VV_12,2019-03-12T03:58:49,2019-03-12T04:00:29,S1B_IW_GRDH_1SDV_20190312T035939_20190312T040004_015316_01CAB5_09EE.SAFE,874,874,30.18384014,31.55555336,30.00293106,31.58380061,29.9690344,31.4263947,30.14994347,31.39814745,30.16359523,31.54996518,30.15221079,31.55174275,30.15003892,31.54165725,30.16142336,31.53987967,89,47,144,103,3080
ow,ow-0106.jpg,ow-0106.xml,ow-0106-04-000302,S1_20190312_035849_040029_VV_12,2019-03-12T03:58:49,2019-03-12T04:00:29,S1B_IW_GRDH_1SDV_20190312T035939_20190312T040004_015316_01CAB5_09EE.SAFE,874,874,30.18384014,31.55555336,30.00293106,31.58380061,29.9690344,31.4263947,30.14994347,31.39814745,30.15385494,31.54348141,30.03255892,31.56242064,30.00215276,31.42122358,30.12344878,31.40228435,128,90,714,874,459424
ow,ow-0106.jpg,ow-0106.xml,ow-0106-05-000303,S1_20190312_035849_040029_VV_12,2019-03-12T03:58:49,2019-03-12T04:00:29,S1B_IW_GRDH_1SDV_20190312T035939_20190312T040004_015316_01CAB5_09EE.SAFE,874,874,30.18384014,31.55555336,30.00293106,31.58380061,29.9690344,31.4263947,30.14994347,31.39814745,30.07643117,31.53267347,30.06856556,31.53390161,30.06767354,31.52975935,30.07553915,31.52853121,479,213,517,236,874
ow,ow-0106.jpg,ow-0106.xml,ow-0106-06-000304,S1_20190312_035849_040029_VV_12,2019-03-12T03:58:49,2019-03-12T04:00:29,S1B_IW_GRDH_1SDV_20190312T035939_20190312T040004_015316_01CAB5_09EE.SAFE,874,874,30.18384014,31.55555336,30.00293106,31.58380061,29.9690344,31.4263947,30.14994347,31.39814745,30.17593574,31.5566014,30.17138197,31.55731243,30.17048995,31.55317017,30.17504372,31.55245914,38,1,60,24,506
ow,ow-0106.jpg,ow-0106.xml,ow-0106-07-000305,S1_20190312_035849_040029_VV_12,2019-03-12T03:58:49,2019-03-12T04:00:29,S1B_IW_GRDH_1SDV_20190312T035939_20190312T040004_015316_01CAB5_09EE.SAFE,874,874,30.18384014,31.55555336,30.00293106,31.58380061,29.9690344,31.4263947,30.14994347,31.39814745,30.17237857,31.55399221,30.16885974,31.55454164,30.16812286,31.55111977,30.17164168,31.55057034,52,18,69,37,323
ow,ow-0106.jpg,ow-0106.xml,ow-0106-08-000306,S1_20190312_035849_040029_VV_12,2019-03-12T03:58:49,2019-03-12T04:00:29,S1B_IW_GRDH_1SDV_20190312T035939_20190312T040004_015316_01CAB5_09EE.SAFE,874,874,30.18384014,31.55555336,30.00293106,31.58380061,29.9690344,31.4263947,30.14994347,31.39814745,30.16856255,31.55216804,30.16587168,31.55258819,30.16528993,31.54988672,30.1679808,31.54946657,68,31,81,46,195
ow,ow-0106.jpg,ow-0106.xml,ow-0106-09-000307,S1_20190312_035849_040029_VV_12,2019-03-12T03:58:49,2019-03-12T04:00:29,S1B_IW_GRDH_1SDV_20190312T035939_20190312T040004_015316_01CAB5_09EE.SAFE,874,874,30.18384014,31.55555336,30.00293106,31.58380061,29.9690344,31.4263947,30.14994347,31.39814745,30.16635059,31.55083803,30.16365972,31.55125819,30.16327189,31.5494572,30.16596275,31.54903705,77,40,90,50,130
ow,ow-0107.jpg,ow-0107.xml,ow-0107-01-000308,S1_20190312_035849_040029_VV_13,2019-03-12T03:58:49,2019-03-12T04:00:29,S1B_IW_GRDH_1SDV_20190312T035939_20190312T040004_015316_01CAB5_09EE.SAFE,640,640,30.32718353,31.47465887,30.19476859,31.49548039,30.16978284,31.38020913,30.30219778,31.35938761,30.18606158,31.3862169,30.18171671,31.38690011,30.18042838,31.38095643,30.18477325,31.38027322,570,594,591,627,693
ow,ow-0107.jpg,ow-0107.xml,ow-0107-02-000309,S1_20190312_035849_040029_VV_13,2019-03-12T03:58:49,2019-03-12T04:00:29,S1B_IW_GRDH_1SDV_20190312T035939_20190312T040004_015316_01CAB5_09EE.SAFE,640,640,30.32718353,31.47465887,30.19476859,31.49548039,30.16978284,31.38020913,30.30219778,31.35938761,30.23194666,31.41234051,30.22429143,31.41354425,30.22171477,31.4016569,30.22937001,31.40045316,382,415,419,481,2442
ow,ow-0107.jpg,ow-0107.xml,ow-0107-03-000310,S1_20190312_035849_040029_VV_13,2019-03-12T03:58:49,2019-03-12T04:00:29,S1B_IW_GRDH_1SDV_20190312T035939_20190312T040004_015316_01CAB5_09EE.SAFE,640,640,30.32718353,31.47465887,30.19476859,31.49548039,30.16978284,31.38020913,30.30219778,31.35938761,30.30454488,31.42252986,30.29957932,31.42331067,30.29821292,31.41700677,30.30317848,31.41622596,53,299,77,334,840
ow,ow-0107.jpg,ow-0107.xml,ow-0107-04-000311,S1_20190312_035849_040029_VV_13,2019-03-12T03:58:49,2019-03-12T04:00:29,S1B_IW_GRDH_1SDV_20190312T035939_20190312T040004_015316_01CAB5_09EE.SAFE,640,640,30.32718353,31.47465887,30.19476859,31.49548039,30.16978284,31.38020913,30.30219778,31.35938761,30.23384369,31.3993772,30.22929193,31.40009294,30.22843304,31.39613049,30.23298481,31.39541475,360,483,382,505,484
ow,ow-0108.jpg,ow-0108.xml,ow-0108-01-000312,S1_20190312_154835_155015_VV_1,2019-03-12T15:48:35,2019-03-12T15:50:15,S1A_IW_GRDH_1SDV_20190312T154835_20190312T154900_026307_02F0D5_EA94.SAFE,640,640,32.37073369,31.51580812,32.50348658,31.53703134,32.47794097,31.65226654,32.34518808,31.63104332,32.42200002,31.58198574,32.42760054,31.5828811,32.42692198,31.58594203,32.42132147,31.58504668,307,311,334,328,459
ow,ow-0109.jpg,ow-0109.xml,ow-0109-01-000313,S1_20190312_154835_155015_VV_2,2019-03-12T15:48:35,2019-03-12T15:50:15,S1A_IW_GRDH_1SDV_20190312T154900_20190312T154925_026307_02F0D5_5A39.SAFE,640,640,32.18892451,32.88443836,32.3235222,32.90546516,32.29786178,33.02065062,32.1632641,32.99962382,32.24492881,32.93490527,32.2516587,32.93595661,32.24644643,32.95935366,32.23971654,32.95830232,309,224,341,354,4160
ow,ow-0110.jpg,ow-0110.xml,ow-0110-01-000314,S1_20190313_035116_035258_VV_1,2019-03-13T03:51:16,2019-03-13T03:52:58,S1A_IW_GRDH_1SDV_20190313T035141_20190313T035206_026314_02F112_DA9D.SAFE,640,640,33.26411851,34.31509968,33.12722138,34.33604942,33.10165773,34.22073927,33.23855485,34.19978953,33.20075395,34.27468594,33.17936378,34.27795933,33.17580883,34.26192402,33.197199,34.25865062,246,269,346,358,8900
ow,ow-0111.jpg,ow-0111.xml,ow-0111-01-000315,S1_20190313_035116_035258_VV_2,2019-03-13T03:51:16,2019-03-13T03:52:58,S1A_IW_GRDH_1SDV_20190313T035141_20190313T035206_026314_02F112_DA9D.SAFE,640,640,33.25425667,34.04932991,33.11840718,34.07045717,33.09234397,33.95519426,33.22819346,33.934067,33.17842675,34.00258342,33.1618701,34.0051583,33.15893798,33.99219122,33.17549464,33.98961634,297,314,375,386,5616
ow,ow-0111.jpg,ow-0111.xml,ow-0111-02-000316,S1_20190313_035116_035258_VV_2,2019-03-13T03:51:16,2019-03-13T03:52:58,S1A_IW_GRDH_1SDV_20190313T035141_20190313T035206_026314_02F112_DA9D.SAFE,640,640,33.25425667,34.04932991,33.11840718,34.07045717,33.09234397,33.95519426,33.22819346,33.934067,33.1888375,34.01364169,33.16654969,34.01710788,33.16223298,33.99801746,33.18452078,33.99455127,261,246,366,352,11130
ow,ow-0112.jpg,ow-0112.xml,ow-0112-01-000317,S1_20190313_035116_035258_VV_3,2019-03-13T03:51:16,2019-03-13T03:52:58,S1A_IW_GRDH_1SDV_20190313T035141_20190313T035206_026314_02F112_DA9D.SAFE,640,640,33.33565345,33.88260188,33.19987165,33.90388016,33.1736243,33.78861292,33.30940609,33.76733465,33.2662027,33.84200265,33.24689622,33.84502815,33.24316418,33.82863859,33.26247065,33.82561309,274,276,365,367,8281
ow,ow-0113.jpg,ow-0113.xml,ow-0113-01-000318,S1_20190313_035116_035258_VV_5,2019-03-13T03:51:16,2019-03-13T03:52:58,S1A_IW_GRDH_1SDV_20190313T035206_20190313T035231_026314_02F112_B938.SAFE,640,640,31.97456855,32.30121042,31.84107137,32.32142686,31.81665694,32.20615404,31.95015412,32.18593759,31.90186309,32.2466013,31.88538453,32.24909676,31.88099757,32.22838368,31.89747612,32.22588821,284,353,363,468,9085
ow,ow-0113.jpg,ow-0113.xml,ow-0113-02-000319,S1_20190313_035116_035258_VV_5,2019-03-13T03:51:16,2019-03-13T03:52:58,S1A_IW_GRDH_1SDV_20190313T035206_20190313T035231_026314_02F112_B938.SAFE,640,640,31.97456855,32.30121042,31.84107137,32.32142686,31.81665694,32.20615404,31.95015412,32.18593759,31.89434506,32.27209149,31.88787879,32.27307073,31.88517031,32.26028265,31.89163658,32.25930342,344,222,375,293,2201
ow,ow-0113.jpg,ow-0113.xml,ow-0113-03-000320,S1_20190313_035116_035258_VV_5,2019-03-13T03:51:16,2019-03-13T03:52:58,S1A_IW_GRDH_1SDV_20190313T035206_20190313T035231_026314_02F112_B938.SAFE,640,640,31.97456855,32.30121042,31.84107137,32.32142686,31.81665694,32.20615404,31.95015412,32.18593759,31.89926928,32.28212745,31.89634903,32.28256968,31.89509016,32.27662593,31.89801041,32.27618369,331,164,345,197,462
ow,ow-0113.jpg,ow-0113.xml,ow-0113-04-000321,S1_20190313_035116_035258_VV_5,2019-03-13T03:51:16,2019-03-13T03:52:58,S1A_IW_GRDH_1SDV_20190313T035206_20190313T035231_026314_02F112_B938.SAFE,640,640,31.97456855,32.30121042,31.84107137,32.32142686,31.81665694,32.20615404,31.95015412,32.18593759,31.91873705,32.27341669,31.89954683,32.2763228,31.89779204,32.26803757,31.91698226,32.26513145,232,195,324,241,4232
ow,ow-0113.jpg,ow-0113.xml,ow-0113-05-000322,S1_20190313_035116_035258_VV_5,2019-03-13T03:51:16,2019-03-13T03:52:58,S1A_IW_GRDH_1SDV_20190313T035206_20190313T035231_026314_02F112_B938.SAFE,640,640,31.97456855,32.30121042,31.84107137,32.32142686,31.81665694,32.20615404,31.95015412,32.18593759,31.90410891,32.25313915,31.88929906,32.25538192,31.88735354,32.24619611,31.90216338,32.24395335,280,316,351,367,3621
ow,ow-0114.jpg,ow-0114.xml,ow-0114-01-000323,S1_20190313_035116_035258_VV_6,2019-03-13T03:51:16,2019-03-13T03:52:58,S1A_IW_GRDH_1SDV_20190313T035206_20190313T035231_026314_02F112_B938.SAFE,640,640,32.11937165,31.68172972,31.98687571,31.70227186,31.9621802,31.58696983,32.09467614,31.56642769,32.0455479,31.63565749,32.03685286,31.63700557,32.03588819,31.63250158,32.04458324,31.6311535,299,309,341,334,1050
ow,ow-0115.jpg,ow-0115.xml,ow-0115-01-000324,S1_20190313_035116_035258_VV_8,2019-03-13T03:51:16,2019-03-13T03:52:58,S1A_IW_GRDH_1SDV_20190313T035231_20190313T035258_026314_02F112_380A.SAFE;S1A_IW_GRDH_1SDV_20190313T035206_20190313T035231_026314_02F112_B938.SAFE,640,640,32.25181325,31.5592886,32.1193753,31.57996874,32.09451493,31.46465883,32.22695288,31.44397869,32.16801686,31.51389488,32.16408511,31.51450882,32.16342476,31.5114459,32.16735651,31.51083196,346,314,365,331,323
ow,ow-0115.jpg,ow-0115.xml,ow-0115-02-000325,S1_20190313_035116_035258_VV_8,2019-03-13T03:51:16,2019-03-13T03:52:58,S1A_IW_GRDH_1SDV_20190313T035231_20190313T035258_026314_02F112_380A.SAFE;S1A_IW_GRDH_1SDV_20190313T035206_20190313T035231_026314_02F112_B938.SAFE,640,640,32.25181325,31.5592886,32.1193753,31.57996874,32.09451493,31.46465883,32.22695288,31.44397869,32.18343382,31.51297742,32.17639806,31.51407605,32.17542695,31.50957176,32.18246272,31.50847313,273,306,307,331,850
ow,ow-0116.jpg,ow-0116.xml,ow-0116-01-000326,S1_20190318_154745_154925_VV_1,2019-03-18T15:47:45,2019-03-18T15:49:25,S1B_IW_GRDH_1SDV_20190318T154810_20190318T154835_015411_01CDBD_41F5.SAFE;S1B_IW_GRDH_1SDV_20190318T154745_20190318T154810_015411_01CDBD_E506.SAFE,640,640,32.62489313,31.15983013,32.75697,31.18093826,32.73161334,31.29619163,32.59953648,31.2750835,32.70450748,31.26986264,32.70636481,31.27015947,32.70581014,31.27268064,32.70395281,31.27238381,486,522,495,536,126
ow,ow-0116.jpg,ow-0116.xml,ow-0116-02-000327,S1_20190318_154745_154925_VV_1,2019-03-18T15:47:45,2019-03-18T15:49:25,S1B_IW_GRDH_1SDV_20190318T154810_20190318T154835_015411_01CDBD_41F5.SAFE;S1B_IW_GRDH_1SDV_20190318T154745_20190318T154810_015411_01CDBD_E506.SAFE,640,640,32.62489313,31.15983013,32.75697,31.18093826,32.73161334,31.29619163,32.59953648,31.2750835,32.61582848,31.20200262,32.61933677,31.20256331,32.61886133,31.20472431,32.61535304,31.20416362,1,234,18,246,204
ow,ow-0116.jpg,ow-0116.xml,ow-0116-03-000328,S1_20190318_154745_154925_VV_1,2019-03-18T15:47:45,2019-03-18T15:49:25,S1B_IW_GRDH_1SDV_20190318T154810_20190318T154835_015411_01CDBD_41F5.SAFE;S1B_IW_GRDH_1SDV_20190318T154745_20190318T154810_015411_01CDBD_E506.SAFE,640,640,32.62489313,31.15983013,32.75697,31.18093826,32.73161334,31.29619163,32.59953648,31.2750835,32.61355137,31.27061236,32.61602781,31.27100814,32.61551275,31.27334922,32.61303631,31.27295345,61,604,73,617,156
ow,ow-0116.jpg,ow-0116.xml,ow-0116-04-000329,S1_20190318_154745_154925_VV_1,2019-03-18T15:47:45,2019-03-18T15:49:25,S1B_IW_GRDH_1SDV_20190318T154810_20190318T154835_015411_01CDBD_41F5.SAFE;S1B_IW_GRDH_1SDV_20190318T154745_20190318T154810_015411_01CDBD_E506.SAFE,640,640,32.62489313,31.15983013,32.75697,31.18093826,32.73161334,31.29619163,32.59953648,31.2750835,32.6225855,31.27615731,32.62691927,31.27684992,32.62636459,31.27937108,32.62203082,31.27867847,109,626,130,640,294
ow,ow-0116.jpg,ow-0116.xml,ow-0116-05-000330,S1_20190318_154745_154925_VV_1,2019-03-18T15:47:45,2019-03-18T15:49:25,S1B_IW_GRDH_1SDV_20190318T154810_20190318T154835_015411_01CDBD_41F5.SAFE;S1B_IW_GRDH_1SDV_20190318T154745_20190318T154810_015411_01CDBD_E506.SAFE,640,640,32.62489313,31.15983013,32.75697,31.18093826,32.73161334,31.29619163,32.59953648,31.2750835,32.70857219,31.27274923,32.71146137,31.27321097,32.71055011,31.27735289,32.70766093,31.27689115,508,534,522,557,322
ow,ow-0117.jpg,ow-0117.xml,ow-0117-01-000331,S1_20190318_154745_154925_VV_4,2019-03-18T15:47:45,2019-03-18T15:49:25,S1B_IW_GRDH_1SDV_20190318T154810_20190318T154835_015411_01CDBD_41F5.SAFE,640,640,32.85969924,31.26088712,32.99189477,31.28172138,32.96686326,31.39696143,32.83466773,31.37612717,32.92182202,31.3643498,32.92430069,31.36474044,32.92351845,31.36834169,32.92103978,31.36795105,396,503,408,523,240
ow,ow-0117.jpg,ow-0117.xml,ow-0117-02-000332,S1_20190318_154745_154925_VV_4,2019-03-18T15:47:45,2019-03-18T15:49:25,S1B_IW_GRDH_1SDV_20190318T154810_20190318T154835_015411_01CDBD_41F5.SAFE,640,640,32.85969924,31.26088712,32.99189477,31.28172138,32.96686326,31.39696143,32.83466773,31.37612717,32.89381503,31.29363915,32.89753303,31.29422512,32.8967899,31.29764631,32.89307191,31.29706034,193,147,211,166,342
ow,ow-0117.jpg,ow-0117.xml,ow-0117-03-000333,S1_20190318_154745_154925_VV_4,2019-03-18T15:47:45,2019-03-18T15:49:25,S1B_IW_GRDH_1SDV_20190318T154810_20190318T154835_015411_01CDBD_41F5.SAFE,640,640,32.85969924,31.26088712,32.99189477,31.28172138,32.96686326,31.39696143,32.83466773,31.37612717,32.89889582,31.29090159,32.90261382,31.29148755,32.90159691,31.29616918,32.89787891,31.29558321,214,128,232,154,468
ow,ow-0117.jpg,ow-0117.xml,ow-0117-04-000334,S1_20190318_154745_154925_VV_4,2019-03-18T15:47:45,2019-03-18T15:49:25,S1B_IW_GRDH_1SDV_20190318T154810_20190318T154835_015411_01CDBD_41F5.SAFE,640,640,32.85969924,31.26088712,32.99189477,31.28172138,32.96686326,31.39696143,32.83466773,31.37612717,32.9058466,31.28938987,32.91741371,31.29121287,32.91667059,31.29463406,32.90510348,31.29281106,245,114,301,133,1064
ow,ow-0118.jpg,ow-0118.xml,ow-0118-01-000335,S1_20190318_154745_154925_VV_9,2019-03-18T15:47:45,2019-03-18T15:49:25,S1B_IW_GRDH_1SDV_20190318T154810_20190318T154835_015411_01CDBD_41F5.SAFE,640,640,32.14048568,31.33254076,32.27238455,31.35405495,32.24654218,31.46932285,32.11464331,31.44780866,32.20744224,31.42075275,32.21383109,31.42179484,32.21310428,31.42503675,32.20671542,31.42399466,406,414,437,432,558
ow,ow-0118.jpg,ow-0118.xml,ow-0118-02-000336,S1_20190318_154745_154925_VV_9,2019-03-18T15:47:45,2019-03-18T15:49:25,S1B_IW_GRDH_1SDV_20190318T154810_20190318T154835_015411_01CDBD_41F5.SAFE,640,640,32.14048568,31.33254076,32.27238455,31.35405495,32.24654218,31.46932285,32.11464331,31.44780866,32.21078268,31.41252307,32.21387406,31.41302731,32.21314725,31.41626922,32.21005587,31.41576498,413,367,428,385,270
ow,ow-0118.jpg,ow-0118.xml,ow-0118-03-000337,S1_20190318_154745_154925_VV_9,2019-03-18T15:47:45,2019-03-18T15:49:25,S1B_IW_GRDH_1SDV_20190318T154810_20190318T154835_015411_01CDBD_41F5.SAFE,640,640,32.14048568,31.33254076,32.27238455,31.35405495,32.24654218,31.46932285,32.11464331,31.44780866,32.13545093,31.35785646,32.14019105,31.35862962,32.13889893,31.36439302,32.13415882,31.36361985,3,140,26,172,736
ow,ow-0118.jpg,ow-0118.xml,ow-0118-04-000338,S1_20190318_154745_154925_VV_9,2019-03-18T15:47:45,2019-03-18T15:49:25,S1B_IW_GRDH_1SDV_20190318T154810_20190318T154835_015411_01CDBD_41F5.SAFE,640,640,32.14048568,31.33254076,32.27238455,31.35405495,32.24654218,31.46932285,32.11464331,31.44780866,32.13697693,31.34914413,32.13924394,31.34951391,32.13879977,31.35149508,32.13653276,31.3511253,1,92,12,103,121
ow,ow-0118.jpg,ow-0118.xml,ow-0118-05-000339,S1_20190318_154745_154925_VV_9,2019-03-18T15:47:45,2019-03-18T15:49:25,S1B_IW_GRDH_1SDV_20190318T154810_20190318T154835_015411_01CDBD_41F5.SAFE,640,640,32.14048568,31.33254076,32.27238455,31.35405495,32.24654218,31.46932285,32.11464331,31.44780866,32.19897345,31.37848577,32.20062219,31.3787547,32.20005688,31.38127619,32.19840815,31.38100726,322,195,330,209,112
ow,ow-0118.jpg,ow-0118.xml,ow-0118-06-000340,S1_20190318_154745_154925_VV_9,2019-03-18T15:47:45,2019-03-18T15:49:25,S1B_IW_GRDH_1SDV_20190318T154810_20190318T154835_015411_01CDBD_41F5.SAFE,640,640,32.14048568,31.33254076,32.27238455,31.35405495,32.24654218,31.46932285,32.11464331,31.44780866,32.19866426,31.43799019,32.20216782,31.43856166,32.20091608,31.44414495,32.19741252,31.44357348,383,514,400,545,527
ow,ow-0118.jpg,ow-0118.xml,ow-0118-07-000341,S1_20190318_154745_154925_VV_9,2019-03-18T15:47:45,2019-03-18T15:49:25,S1B_IW_GRDH_1SDV_20190318T154810_20190318T154835_015411_01CDBD_41F5.SAFE,640,640,32.14048568,31.33254076,32.27238455,31.35405495,32.24654218,31.46932285,32.11464331,31.44780866,32.16179478,31.43664367,32.16694708,31.43748407,32.16642216,31.43982545,32.16126986,31.43898505,209,539,234,552,325
ow,ow-0118.jpg,ow-0118.xml,ow-0118-08-000342,S1_20190318_154745_154925_VV_9,2019-03-18T15:47:45,2019-03-18T15:49:25,S1B_IW_GRDH_1SDV_20190318T154810_20190318T154835_015411_01CDBD_41F5.SAFE,640,640,32.14048568,31.33254076,32.27238455,31.35405495,32.24654218,31.46932285,32.11464331,31.44780866,32.19959432,31.3699992,32.20247961,31.37046982,32.2019143,31.37299131,32.19902902,31.37252068,316,149,330,163,196
ow,ow-0118.jpg,ow-0118.xml,ow-0118-09-000343,S1_20190318_154745_154925_VV_9,2019-03-18T15:47:45,2019-03-18T15:49:25,S1B_IW_GRDH_1SDV_20190318T154810_20190318T154835_015411_01CDBD_41F5.SAFE,640,640,32.14048568,31.33254076,32.27238455,31.35405495,32.24654218,31.46932285,32.11464331,31.44780866,32.14017228,31.39111103,32.14841596,31.39245566,32.14631627,31.40182118,32.13807259,31.40047654,60,314,100,366,2080
ow,ow-0118.jpg,ow-0118.xml,ow-0118-10-000344,S1_20190318_154745_154925_VV_9,2019-03-18T15:47:45,2019-03-18T15:49:25,S1B_IW_GRDH_1SDV_20190318T154810_20190318T154835_015411_01CDBD_41F5.SAFE,640,640,32.14048568,31.33254076,32.27238455,31.35405495,32.24654218,31.46932285,32.11464331,31.44780866,32.15764553,31.39321434,32.16135518,31.39381943,32.16078988,31.39634091,32.15708022,31.39573583,144,310,162,324,252
ow,ow-0118.jpg,ow-0118.xml,ow-0118-11-000345,S1_20190318_154745_154925_VV_9,2019-03-18T15:47:45,2019-03-18T15:49:25,S1B_IW_GRDH_1SDV_20190318T154810_20190318T154835_015411_01CDBD_41F5.SAFE,640,640,32.14048568,31.33254076,32.27238455,31.35405495,32.24654218,31.46932285,32.11464331,31.44780866,32.19038699,31.42917238,32.19409664,31.42977747,32.1930468,31.43446023,32.18933714,31.43385514,335,474,353,500,468
ow,ow-0119.jpg,ow-0119.xml,ow-0119-01-000346,S1_20190318_154745_154925_VV_11,2019-03-18T15:47:45,2019-03-18T15:49:25,S1B_IW_GRDH_1SDV_20190318T154810_20190318T154835_015411_01CDBD_41F5.SAFE,640,640,32.45313941,31.47153147,32.58601369,31.49274663,32.5604489,31.60799982,32.42757463,31.58678465,32.48966754,31.52006321,32.52392419,31.52553274,32.51533602,31.56425061,32.48107937,31.55878108,220,229,385,444,35475
ow,ow-0120.jpg,ow-0120.xml,ow-0120-01-000347,S1_20190318_154745_154925_VV_12,2019-03-18T15:47:45,2019-03-18T15:49:25,S1B_IW_GRDH_1SDV_20190318T154810_20190318T154835_015411_01CDBD_41F5.SAFE,640,640,31.97538124,31.5374587,32.10806993,31.55909037,32.08200587,31.67435743,31.94931718,31.65272576,32.00790172,31.5980366,32.01432883,31.59908439,32.01241475,31.60754931,32.00598764,31.60650153,215,296,246,343,1457
ow,ow-0121.jpg,ow-0121.xml,ow-0121-01-000348,S1_20190318_154745_154925_VV_13,2019-03-18T15:47:45,2019-03-18T15:49:25,S1B_IW_GRDH_1SDV_20190318T154810_20190318T154835_015411_01CDBD_41F5.SAFE,640,640,32.11150845,31.57521366,32.24425956,31.59670673,32.2183616,31.71196953,32.08561049,31.69047646,32.16229907,31.63905853,32.16935147,31.64020035,32.16765192,31.64776447,32.16059951,31.64662265,303,298,337,340,1428
ow,ow-0122.jpg,ow-0122.xml,ow-0122-01-000349,S1_20190319_035039_035218_VV_0,2019-03-19T03:50:39,2019-03-19T03:52:18,S1B_IW_GRDH_1SDV_20190319T035039_20190319T035104_015418_01CDFB_172B.SAFE,640,640,33.83647134,34.62271411,33.69931117,34.64426914,33.6731672,34.52897249,33.81032737,34.50741746,33.81048021,34.57269318,33.78154799,34.57723994,33.77901529,34.56607058,33.80794751,34.56152381,66,290,201,352,8370
ow,ow-0122.jpg,ow-0122.xml,ow-0122-02-000350,S1_20190319_035039_035218_VV_0,2019-03-19T03:50:39,2019-03-19T03:52:18,S1B_IW_GRDH_1SDV_20190319T035039_20190319T035104_015418_01CDFB_172B.SAFE,640,640,33.83647134,34.62271411,33.69931117,34.64426914,33.6731672,34.52897249,33.81032737,34.50741746,33.81556214,34.56965569,33.8097757,34.57056505,33.8092855,34.56840323,33.81507194,34.56749388,40,302,67,314,324
ow,ow-0123.jpg,ow-0123.xml,ow-0123-01-000351,S1_20190319_035039_035218_VV_1,2019-03-19T03:50:39,2019-03-19T03:52:18,S1B_IW_GRDH_1SDV_20190319T035104_20190319T035129_015418_01CDFB_86C8.SAFE,640,640,32.22564085,33.6847453,32.08973983,33.70484036,32.06503383,33.58966978,32.20093484,33.56957472,32.15010525,33.64411468,32.14500896,33.64486824,32.14215233,33.63155164,32.14724861,33.63079808,305,279,329,353,1776
ow,ow-0124.jpg,ow-0124.xml,ow-0124-01-000352,S1_20190319_035039_035218_VV_2,2019-03-19T03:50:39,2019-03-19T03:52:18,S1B_IW_GRDH_1SDV_20190319T035129_20190319T035154_015418_01CDFB_0728.SAFE,640,640,31.43119197,32.22170946,31.29783567,32.24152804,31.27397096,32.12633619,31.40732726,32.10651761,31.36233292,32.14437324,31.3577488,32.1450545,31.35696574,32.14127477,31.36154986,32.14059351,246,472,268,493,462
ow,ow-0124.jpg,ow-0124.xml,ow-0124-02-000353,S1_20190319_035039_035218_VV_2,2019-03-19T03:50:39,2019-03-19T03:52:18,S1B_IW_GRDH_1SDV_20190319T035129_20190319T035154_015418_01CDFB_0728.SAFE,640,640,31.43119197,32.22170946,31.29783567,32.24152804,31.27397096,32.12633619,31.40732726,32.10651761,31.32844792,32.17779493,31.32407217,32.17844523,31.32362471,32.17628538,31.32800046,32.17563508,436,319,457,331,252
ow,ow-0124.jpg,ow-0124.xml,ow-0124-03-000354,S1_20190319_035039_035218_VV_2,2019-03-19T03:50:39,2019-03-19T03:52:18,S1B_IW_GRDH_1SDV_20190319T035129_20190319T035154_015418_01CDFB_0728.SAFE,640,640,31.43119197,32.22170946,31.29783567,32.24152804,31.27397096,32.12633619,31.40732726,32.10651761,31.41234405,32.17738619,31.39588288,32.17983254,31.39133367,32.1578741,31.40779484,32.15542774,45,254,124,376,9638
ow,ow-0124.jpg,ow-0124.xml,ow-0124-04-000355,S1_20190319_035039_035218_VV_2,2019-03-19T03:50:39,2019-03-19T03:52:18,S1B_IW_GRDH_1SDV_20190319T035129_20190319T035154_015418_01CDFB_0728.SAFE,640,640,31.43119197,32.22170946,31.29783567,32.24152804,31.27397096,32.12633619,31.40732726,32.10651761,31.38635069,32.2001731,31.38426699,32.20048277,31.38381953,32.19832292,31.38590322,32.19801325,188,152,198,164,120
ow,ow-0125.jpg,ow-0125.xml,ow-0125-01-000356,S1_20190319_035039_035218_VV_3,2019-03-19T03:50:39,2019-03-19T03:52:18,S1B_IW_GRDH_1SDV_20190319T035129_20190319T035154_015418_01CDFB_0728.SAFE,640,640,32.5578721,31.59978643,32.42498525,31.62071974,32.39978039,31.50545528,32.53266724,31.48452197,32.49064374,31.55951559,32.46759618,31.56314621,32.46381545,31.54585654,32.48686301,31.54222592,272,273,383,369,10656
ow,ow-0126.jpg,ow-0126.xml,ow-0126-01-000357,S1_20190319_035039_035218_VV_4,2019-03-19T03:50:39,2019-03-19T03:52:18,S1B_IW_GRDH_1SDV_20190319T035129_20190319T035154_015418_01CDFB_0728.SAFE,640,640,32.82824279,31.52295158,32.69547634,31.54416209,32.66993923,31.42888595,32.80270569,31.40767545,32.73642207,31.50890067,32.72252308,31.51112114,32.72016888,31.50049412,32.73406787,31.49827365,413,154,480,213,3953
ow,ow-0126.jpg,ow-0126.xml,ow-0126-02-000358,S1_20190319_035039_035218_VV_4,2019-03-19T03:50:39,2019-03-19T03:52:18,S1B_IW_GRDH_1SDV_20190319T035129_20190319T035154_015418_01CDFB_0728.SAFE,640,640,32.82824279,31.52295158,32.69547634,31.54416209,32.66993923,31.42888595,32.80270569,31.40767545,32.77394358,31.44266888,32.77062442,31.44319914,32.77006579,31.44067748,32.77338495,31.44014722,170,477,186,491,224
ow,ow-0127.jpg,ow-0127.xml,ow-0127-01-000359,S1_20190319_035039_035218_VV_5,2019-03-19T03:50:39,2019-03-19T03:52:18,S1B_IW_GRDH_1SDV_20190319T035129_20190319T035154_015418_01CDFB_0728.SAFE,640,640,32.19930161,31.61873064,32.06629532,31.63938628,32.04142344,31.52413656,32.17442973,31.50348093,32.12232249,31.57354869,32.11941298,31.57400053,32.11848028,31.56967867,32.12138979,31.56922683,313,307,327,331,336
ow,ow-0128.jpg,ow-0128.xml,ow-0128-01-000360,S1_20190319_035039_035218_VV_6,2019-03-19T03:50:39,2019-03-19T03:52:18,S1B_IW_GRDH_1SDV_20190319T035129_20190319T035154_015418_01CDFB_0728.SAFE,640,640,30.78184815,31.72809647,30.64921089,31.74741563,30.62590255,31.63228756,30.75853981,31.6129684,30.76130495,31.67404947,30.64607633,31.69083298,30.64523869,31.68669557,30.76046731,31.66991205,45,308,601,331,12788
ow,ow-0129.jpg,ow-0129.xml,ow-0129-01-000361,S1_20190319_035039_035218_VV_7,2019-03-19T03:50:39,2019-03-19T03:52:18,S1B_IW_GRDH_1SDV_20190319T035129_20190319T035154_015418_01CDFB_0728.SAFE,640,640,32.43579977,31.43190962,32.30375996,31.45287719,32.27848826,31.33762527,32.41052806,31.31665769,32.36122495,31.39753671,32.35647977,31.39829024,32.35264953,31.38082237,32.35739471,31.38006884,314,248,337,345,2231
ow,ow-0130.jpg,ow-0130.xml,ow-0130-01-000362,S1_20190319_154007_154147_VV_1,2019-03-19T15:40:07,2019-03-19T15:41:47,S1A_IW_GRDH_1SDV_20190319T154057_20190319T154122_026409_02F495_3769.SAFE,640,640,34.65696093,33.76779912,34.79326015,33.788177,34.76810935,33.90332514,34.63181013,33.88294726,34.73723171,33.86043504,34.76385265,33.86441509,34.76204493,33.87269136,34.73542399,33.86871131,457,434,582,480,5750
ow,ow-0130.jpg,ow-0130.xml,ow-0130-02-000363,S1_20190319_154007_154147_VV_1,2019-03-19T15:40:07,2019-03-19T15:41:47,S1A_IW_GRDH_1SDV_20190319T154057_20190319T154122_026409_02F495_3769.SAFE,640,640,34.65696093,33.76779912,34.79326015,33.788177,34.76810935,33.90332514,34.63181013,33.88294726,34.66482416,33.79925922,34.67376879,33.80059652,34.67274704,33.80527442,34.66380241,33.80393712,67,163,109,189,1092
ow,ow-0130.jpg,ow-0130.xml,ow-0130-03-000364,S1_20190319_154007_154147_VV_1,2019-03-19T15:40:07,2019-03-19T15:41:47,S1A_IW_GRDH_1SDV_20190319T154057_20190319T154122_026409_02F495_3769.SAFE,640,640,34.65696093,33.76779912,34.79326015,33.788177,34.76810935,33.90332514,34.63181013,33.88294726,34.68392656,33.81047594,34.68882481,33.81120827,34.68776376,33.81606608,34.68286551,33.81533375,165,208,188,235,621
ow,ow-0131.jpg,ow-0131.xml,ow-0131-01-000365,S1_20190319_154007_154147_VV_3,2019-03-19T15:40:07,2019-03-19T15:41:47,S1A_IW_GRDH_1SDV_20190319T154122_20190319T154147_026409_02F495_4D5C.SAFE;S1A_IW_GRDH_1SDV_20190319T154057_20190319T154122_026409_02F495_3769.SAFE,640,640,35.28820192,33.92172514,35.4248236,33.94134162,35.40060999,34.05644378,35.26398831,34.0368273,35.33036847,33.9711349,35.36452389,33.97603902,35.35847049,34.00481456,35.32431507,33.99991044,239,234,399,394,25600
ow,ow-0132.jpg,ow-0132.xml,ow-0132-01-000366,S1_20190320_034257_034437_VV_0,2019-03-20T03:42:57,2019-03-20T03:44:37,S1A_IW_GRDH_1SDV_20190320T034322_20190320T034347_026416_02F4D4_B411.SAFE,1700,1700,33.6476781,34.38198729,33.2830111,34.43225391,33.21909014,34.1265694,33.58375713,34.07630278,33.63843945,34.3388614,33.36365215,34.37673878,33.35699685,34.34491162,33.63178415,34.30703425,1,240,1282,417,226737
ow,ow-0133.jpg,ow-0133.xml,ow-0133-01-000367,S1_20190320_034257_034437_VV_6,2019-03-20T03:42:57,2019-03-20T03:44:37,S1A_IW_GRDH_1SDV_20190320T034412_20190320T034437_026416_02F4D4_1A96.SAFE,640,640,32.82263121,31.54687102,32.69001044,31.56600516,32.66675177,31.45082427,32.79937254,31.43169013,32.74840292,31.50349814,32.74260076,31.50433526,32.74067465,31.49479684,32.74647681,31.49395973,307,292,335,345,1484
ow,ow-0134.jpg,ow-0134.xml,ow-0134-01-000368,S1_20190320_153127_153307_VV_0,2019-03-20T15:31:27,2019-03-20T15:33:07,S1B_IW_GRDH_1SDV_20190320T153217_20190320T153242_015440_01CEAD_0499.SAFE,640,640,35.77397676,34.62474036,35.91145757,34.64582873,35.88459229,34.7609033,35.74711149,34.73981493,35.8301414,34.68438609,35.83314879,34.6848474,35.83016843,34.69761349,35.82716104,34.69715218,315,274,329,345,994
ow,ow-0135.jpg,ow-0135.xml,ow-0135-01-000369,S1_20190323_155609_155634_VV_1,2019-03-23T15:56:09,2019-03-23T15:56:34,S1B_IW_GRDH_1SDV_20190323T155609_20190323T155634_015484_01D019_131C.SAFE,640,640,31.86449715,31.70705356,31.99668766,31.72751137,31.9722196,31.84249642,31.84002909,31.82203861,31.91611664,31.77127318,31.92293271,31.77232804,31.92170931,31.77807729,31.91489324,31.77702243,306,303,339,335,1056
ow,ow-0135.jpg,ow-0135.xml,ow-0135-02-000370,S1_20190323_155609_155634_VV_1,2019-03-23T15:56:09,2019-03-23T15:56:34,S1B_IW_GRDH_1SDV_20190323T155609_20190323T155634_015484_01D019_131C.SAFE,640,640,31.86449715,31.70705356,31.99668766,31.72751137,31.9722196,31.84249642,31.84002909,31.82203861,31.95271634,31.72460356,31.96325027,31.72623379,31.96053585,31.73898995,31.95000191,31.73735972,431,21,482,92,3621
ow,ow-0136.jpg,ow-0136.xml,ow-0136-01-000371,S1_20190323_155609_155634_VV_2,2019-03-23T15:56:09,2019-03-23T15:56:34,S1B_IW_GRDH_1SDV_20190323T155609_20190323T155634_015484_01D019_131C.SAFE,640,640,32.21257807,31.76417734,32.34575402,31.78334304,32.32274172,31.8982366,32.18956577,31.8790709,32.2657305,31.82908235,32.27134886,31.8298909,32.27052186,31.83401989,32.2649035,31.83321133,309,310,336,333,621
ow,ow-0137.jpg,ow-0137.xml,ow-0137-01-000372,S1_20190323_155609_155634_VV_3,2019-03-23T15:56:09,2019-03-23T15:56:34,S1B_IW_GRDH_1SDV_20190323T155609_20190323T155634_015484_01D019_131C.SAFE,640,640,31.4976962,31.80686204,31.63091226,31.82686285,31.60690738,31.94172732,31.47369132,31.92172651,31.53911432,31.92507025,31.54535882,31.92600778,31.54408356,31.93210996,31.53783906,31.93117242,308,605,338,639,1020
ow,ow-0138.jpg,ow-0138.xml,ow-0138-01-000373,S1_20190323_155640_155734_VV_0,2019-03-23T15:56:40,2019-03-23T15:57:34,S1B_IW_GRDH_1SDV_20190323T155640_20190323T155709_015484_01D01A_DA9D.SAFE,1256,1256,31.26388512,32.45140337,31.52733409,32.49041839,31.47994441,32.71675033,31.21649544,32.67773532,31.43083137,32.47724172,31.43502642,32.47786298,31.43381904,32.48362939,31.42962399,32.48300814,797,6,817,38,640
ow,ow-0138.jpg,ow-0138.xml,ow-0138-02-000374,S1_20190323_155640_155734_VV_0,2019-03-23T15:56:40,2019-03-23T15:57:34,S1B_IW_GRDH_1SDV_20190323T155640_20190323T155709_015484_01D01A_DA9D.SAFE,1256,1256,31.26388512,32.45140337,31.52733409,32.49041839,31.47994441,32.71675033,31.21649544,32.67773532,31.26343359,32.46285537,31.48849788,32.49618588,31.46265239,32.61962329,31.23758811,32.58629278,9,62,1082,747,735005
ow,ow-0139.jpg,ow-0139.xml,ow-0139-01-000375,S1_20190323_155640_155734_VV_2,2019-03-23T15:56:40,2019-03-23T15:57:34,S1B_IW_GRDH_1SDV_20190323T155640_20190323T155709_015484_01D01A_DA9D.SAFE,640,640,30.40429252,32.88254946,30.53915391,32.90325559,30.51381299,33.01861778,30.37895161,32.99791165,30.44305615,32.93713393,30.48435745,32.94347518,30.47964563,32.96492534,30.43834433,32.95858409,233,261,429,380,23324
ow,ow-0140.jpg,ow-0140.xml,ow-0140-01-000376,S1_20190323_155640_155734_VV_3,2019-03-23T15:56:40,2019-03-23T15:57:34,S1B_IW_GRDH_1SDV_20190323T155640_20190323T155709_015484_01D01A_DA9D.SAFE,640,640,30.16429148,33.21650522,30.2995262,33.2374923,30.27374705,33.35285449,30.13851233,33.33186741,30.18921811,33.26345612,30.19745897,33.26473502,30.19608945,33.27086363,30.18784859,33.26958473,162,231,201,265,1326
ow,ow-0140.jpg,ow-0140.xml,ow-0140-02-000377,S1_20190323_155640_155734_VV_3,2019-03-23T15:56:40,2019-03-23T15:57:34,S1B_IW_GRDH_1SDV_20190323T155640_20190323T155709_015484_01D01A_DA9D.SAFE,640,640,30.16429148,33.21650522,30.2995262,33.2374923,30.27374705,33.35285449,30.13851233,33.33186741,30.20098841,33.27927058,30.22845796,33.28353358,30.22571893,33.29579082,30.19824937,33.29152782,232,306,362,374,8840
ow,ow-0140.jpg,ow-0140.xml,ow-0140-03-000378,S1_20190323_155640_155734_VV_3,2019-03-23T15:56:40,2019-03-23T15:57:34,S1B_IW_GRDH_1SDV_20190323T155640_20190323T155709_015484_01D01A_DA9D.SAFE,640,640,30.16429148,33.21650522,30.2995262,33.2374923,30.27374705,33.35285449,30.13851233,33.33186741,30.19736718,33.27199445,30.20117066,33.27258471,30.2002845,33.27655028,30.19648103,33.27596002,208,270,226,292,396
ow,ow-0140.jpg,ow-0140.xml,ow-0140-04-000379,S1_20190323_155640_155734_VV_3,2019-03-23T15:56:40,2019-03-23T15:57:34,S1B_IW_GRDH_1SDV_20190323T155640_20190323T155709_015484_01D01A_DA9D.SAFE,640,640,30.16429148,33.21650522,30.2995262,33.2374923,30.27374705,33.35285449,30.13851233,33.33186741,30.22688638,33.29447996,30.24843942,33.29782478,30.24690878,33.30467441,30.22535575,33.30132959,366,366,468,404,3876
ow,ow-0141.jpg,ow-0141.xml,ow-0141-01-000380,S1_20190323_155640_155734_VV_5,2019-03-23T15:56:40,2019-03-23T15:57:34,S1B_IW_GRDH_1SDV_20190323T155640_20190323T155709_015484_01D01A_DA9D.SAFE,640,640,30.0022376,33.27248552,30.13747232,33.2934726,30.11169317,33.40883479,29.97645845,33.38784771,29.99209696,33.31884344,30.11909082,33.33855162,30.11570731,33.35369291,29.98871345,33.33398473,1,257,602,341,50484
ow,ow-0141.jpg,ow-0141.xml,ow-0141-02-000381,S1_20190323_155640_155734_VV_5,2019-03-23T15:56:40,2019-03-23T15:57:34,S1B_IW_GRDH_1SDV_20190323T155640_20190323T155709_015484_01D01A_DA9D.SAFE,640,640,30.0022376,33.27248552,30.13747232,33.2934726,30.11169317,33.40883479,29.97645845,33.38784771,30.11862859,33.3347498,30.12517903,33.33576636,30.12441371,33.33919118,30.11786327,33.33817461,596,237,627,256,589
ow,ow-0142.jpg,ow-0142.xml,ow-0142-01-000382,S1_20190324_154836_155016_VV_0,2019-03-24T15:48:36,2019-03-24T15:50:16,S1A_IW_GRDH_1SDV_20190324T154901_20190324T154926_026482_02F74C_6168.SAFE,640,640,32.27257639,32.24345262,32.40626897,32.26450596,32.38075267,32.37971623,32.24706009,32.35866289,32.32468565,32.30978244,32.32969912,32.31057194,32.32898147,32.31381223,32.323968,32.31302273,309,312,333,330,432
ow,ow-0143.jpg,ow-0143.xml,ow-0143-01-000383,S1_20190324_154836_155016_VV_1,2019-03-24T15:48:36,2019-03-24T15:50:16,S1A_IW_GRDH_1SDV_20190324T154901_20190324T154926_026482_02F74C_6168.SAFE,640,640,32.25148629,32.62464432,32.38614795,32.64552327,32.36066632,32.76070265,32.22600466,32.7398237,32.30492196,32.69100538,32.30828851,32.69152735,32.30769128,32.69422687,32.30432474,32.6937049,313,312,329,327,240
ow,ow-0144.jpg,ow-0144.xml,ow-0144-01-000384,S1_20190325_035117_035258_VV_0,2019-03-25T03:51:17,2019-03-25T03:52:58,S1A_IW_GRDH_1SDV_20190325T035207_20190325T035232_026489_02F78B_61BC.SAFE,1332,1332,31.08539112,32.60349071,30.80687133,32.64347019,30.75856515,32.4037337,31.03708495,32.36375422,31.08024986,32.57904312,30.86487795,32.60995819,30.83379807,32.45571332,31.04916999,32.42479825,1,136,1031,993,882710
ow,ow-0145.jpg,ow-0145.xml,ow-0145-01-000385,S1_20190325_035117_035258_VV_1,2019-03-25T03:51:17,2019-03-25T03:52:58,S1A_IW_GRDH_1SDV_20190325T035142_20190325T035207_026489_02F78B_D467.SAFE,640,640,31.77456709,33.33161983,31.63903774,33.35129008,31.6149428,33.23609068,31.75047215,33.21642043,31.69896678,33.29251713,31.69430795,33.29319329,31.6909949,33.27735337,31.69565372,33.27667721,309,270,331,358,1936
ow,ow-0146.jpg,ow-0146.xml,ow-0146-01-000386,S1_20190325_035117_035258_VV_2,2019-03-25T03:51:17,2019-03-25T03:52:58,S1A_IW_GRDH_1SDV_20190325T035207_20190325T035232_026489_02F78B_61BC.SAFE,640,640,31.76262714,33.02786769,31.62804016,33.04759665,31.6040451,32.93236624,31.73863208,32.91263728,31.68611412,32.95911442,31.68317003,32.95954599,31.68174532,32.95270418,31.68468941,32.95227261,287,431,301,469,532
ow,ow-0146.jpg,ow-0146.xml,ow-0146-02-000387,S1_20190325_035117_035258_VV_2,2019-03-25T03:51:17,2019-03-25T03:52:58,S1A_IW_GRDH_1SDV_20190325T035207_20190325T035232_026489_02F78B_61BC.SAFE,640,640,31.76262714,33.02786769,31.62804016,33.04759665,31.6040451,32.93236624,31.73863208,32.91263728,31.68629487,32.9807965,31.68398166,32.9811356,31.68150717,32.96925246,31.68382038,32.96891337,307,314,318,380,726
ow,ow-0146.jpg,ow-0146.xml,ow-0146-03-000388,S1_20190325_035117_035258_VV_2,2019-03-25T03:51:17,2019-03-25T03:52:58,S1A_IW_GRDH_1SDV_20190325T035207_20190325T035232_026489_02F78B_61BC.SAFE,640,640,31.76262714,33.02786769,31.62804016,33.04759665,31.6040451,32.93236624,31.73863208,32.91263728,31.6880813,33.00706735,31.68198283,33.00796132,31.67815862,32.98959647,31.68425709,32.9887025,324,171,353,273,2958
ow,ow-0147.jpg,ow-0147.xml,ow-0147-01-000389,S1_20190325_035117_035258_VV_4,2019-03-25T03:51:17,2019-03-25T03:52:58,S1A_IW_GRDH_1SDV_20190325T035207_20190325T035232_026489_02F78B_61BC.SAFE,640,640,31.74924605,32.71085676,31.61471873,32.73073059,31.59054662,32.61548876,31.72507394,32.59561493,31.67688534,32.67996219,31.66994877,32.68098693,31.66269714,32.64641438,31.6696337,32.64538964,304,224,337,416,6336
ow,ow-0148.jpg,ow-0148.xml,ow-0148-01-000390,S1_20190325_035117_035258_VV_5,2019-03-25T03:51:17,2019-03-25T03:52:58,S1A_IW_GRDH_1SDV_20190325T035207_20190325T035232_026489_02F78B_61BC.SAFE,640,640,31.70357174,32.11499995,31.56995815,32.13493059,31.54588773,32.01967794,31.67950132,31.9997473,31.63513381,32.08417055,31.62031105,32.08638161,31.61275143,32.05018507,31.62757419,32.04797402,288,221,359,422,14271
ow,ow-0149.jpg,ow-0149.xml,ow-0149-01-000391,S1_20190325_035117_035258_VV_6,2019-03-25T03:51:17,2019-03-25T03:52:58,S1A_IW_GRDH_1SDV_20190325T035207_20190325T035232_026489_02F78B_61BC.SAFE,640,640,31.79988797,31.8504339,31.66633285,31.8705061,31.64209163,31.75524347,31.77564675,31.73517128,31.73318043,31.82292981,31.71627736,31.8254702,31.70779293,31.78512828,31.724696,31.78258789,283,202,364,426,18144
ow,ow-0150.jpg,ow-0150.xml,ow-0150-01-000392,S1_20190329_155637_155817_VV_0,2019-03-29T15:56:37,2019-03-29T15:58:17,S1A_IW_GRDH_1SDV_20190329T155702_20190329T155727_026555_02F9F6_EC3A.SAFE,640,640,32.29920709,31.33921459,32.43168694,31.35847805,32.40856931,31.47385783,32.27608946,31.45459437,32.34248934,31.39857061,32.36857131,31.40236311,32.36625954,31.41390108,32.34017757,31.41010859,259,286,385,350,8064
ow,ow-0151.jpg,ow-0151.xml,ow-0151-01-000393,S1_20190330_154745_154925_VV_0,2019-03-30T15:47:45,2019-03-30T15:49:25,S1B_IW_GRDH_1SDV_20190330T154835_20190330T154900_015586_01D376_146D.SAFE,640,640,33.29716937,33.82544922,33.43347157,33.84494117,33.4094779,33.96004765,33.2731757,33.94055571,33.32460284,33.8495608,33.39786527,33.86003773,33.38204444,33.93593607,33.30878201,33.92545915,148,109,492,531,145168
ow,ow-0152.jpg,ow-0152.xml,ow-0152-01-000394,S1_20190330_154745_154925_VV_3,2019-03-30T15:47:45,2019-03-30T15:49:25,S1B_IW_GRDH_1SDV_20190330T154835_20190330T154900_015586_01D376_146D.SAFE,640,640,33.71444958,34.30757138,33.85184157,34.32652935,33.82831865,34.44158049,33.69092666,34.42262253,33.7681565,34.36877025,33.78060765,34.37048831,33.77876992,34.37947668,33.76631877,34.37775862,300,291,358,341,2900
ow,ow-0153.jpg,ow-0153.xml,ow-0153-01-000395,S1_20190401_034257_034437_VV_0,2019-04-01T03:42:57,2019-04-01T03:44:37,S1A_IW_GRDH_1SDV_20190401T034322_20190401T034347_026591_02FB4C_1C41.SAFE,640,640,33.43502703,34.68659012,33.29774157,34.70551637,33.27367672,34.5904349,33.41096218,34.57150865,33.36414905,34.65159175,33.34505779,34.65422368,33.33900398,34.6252735,33.35809524,34.62264157,288,242,377,403,14329
ow,ow-0154.jpg,ow-0154.xml,ow-0154-01-000396,S1_20190401_034257_034437_VV_1,2019-04-01T03:42:57,2019-04-01T03:44:37,S1A_IW_GRDH_1SDV_20190401T034322_20190401T034347_026591_02FB4C_1C41.SAFE,640,640,34.03671749,34.28868163,33.89960707,34.30824188,33.87476734,34.19311511,34.01187775,34.17355486,33.97414511,34.2668281,33.94800843,34.27055677,33.93764561,34.22252733,33.96378228,34.21879865,262,166,384,433,32574
ow,ow-0155.jpg,ow-0155.xml,ow-0155-01-000397,S1_20190404_155610_155635_VV_7,2019-04-04T15:56:10,2019-04-04T15:56:35,S1B_IW_GRDH_1SDV_20190404T155610_20190404T155635_015659_01D5E2_CCBC.SAFE,640,640,32.10558918,31.73482712,32.23881492,31.75428984,32.21547651,31.86917193,32.08225077,31.8497092,32.15427427,31.81698064,32.15760491,31.81746721,32.15585453,31.82608337,32.15252389,31.8255968,305,406,321,454,768
ow,ow-0155.jpg,ow-0155.xml,ow-0155-02-000398,S1_20190404_155610_155635_VV_7,2019-04-04T15:56:10,2019-04-04T15:56:35,S1B_IW_GRDH_1SDV_20190404T155610_20190404T155635_015659_01D5E2_CCBC.SAFE,640,640,32.10558918,31.73482712,32.23881492,31.75428984,32.21547651,31.86917193,32.08225077,31.8497092,32.16777144,31.77902902,32.17026943,31.77939395,32.16928484,31.78424054,32.16678685,31.78387561,332,190,344,217,324
ow,ow-0156.jpg,ow-0156.xml,ow-0156-01-000399,S1_20190404_155610_155635_VV_8,2019-04-04T15:56:10,2019-04-04T15:56:35,S1B_IW_GRDH_1SDV_20190404T155610_20190404T155635_015659_01D5E2_CCBC.SAFE,640,640,30.10346286,31.4418539,30.23588327,31.4632304,30.2102485,31.57827706,30.07782809,31.55690056,30.22767925,31.48946753,30.22995523,31.48983494,30.22927431,31.49289087,30.22699833,31.49252346,629,148,640,165,187
ow,ow-0156.jpg,ow-0156.xml,ow-0156-02-000400,S1_20190404_155610_155635_VV_8,2019-04-04T15:56:10,2019-04-04T15:56:35,S1B_IW_GRDH_1SDV_20190404T155610_20190404T155635_015659_01D5E2_CCBC.SAFE,640,640,30.10346286,31.4418539,30.23588327,31.4632304,30.2102485,31.57827706,30.07782809,31.55690056,30.21606989,31.54830323,30.21689752,31.54843683,30.2102485,31.57827706,30.20942088,31.57814346,636,474,640,640,664
ow,ow-0156.jpg,ow-0156.xml,ow-0156-03-000401,S1_20190404_155610_155635_VV_8,2019-04-04T15:56:10,2019-04-04T15:56:35,S1B_IW_GRDH_1SDV_20190404T155610_20190404T155635_015659_01D5E2_CCBC.SAFE,640,640,30.10346286,31.4418539,30.23588327,31.4632304,30.2102485,31.57827706,30.07782809,31.55690056,30.11559277,31.54325688,30.11786874,31.54362429,30.11698755,31.54757902,30.11471157,31.54721161,162,534,173,556,242
ow,ow-0156.jpg,ow-0156.xml,ow-0156-04-000402,S1_20190404_155610_155635_VV_8,2019-04-04T15:56:10,2019-04-04T15:56:35,S1B_IW_GRDH_1SDV_20190404T155610_20190404T155635_015659_01D5E2_CCBC.SAFE,640,640,30.10346286,31.4418539,30.23588327,31.4632304,30.2102485,31.57827706,30.07782809,31.55690056,30.16685187,31.56140159,30.16871403,31.5617022,30.16807316,31.56457836,30.166211,31.56427776,420,587,429,603,144
ow,ow-0156.jpg,ow-0156.xml,ow-0156-05-000403,S1_20190404_155610_155635_VV_8,2019-04-04T15:56:10,2019-04-04T15:56:35,S1B_IW_GRDH_1SDV_20190404T155610_20190404T155635_015659_01D5E2_CCBC.SAFE,640,640,30.10346286,31.4418539,30.23588327,31.4632304,30.2102485,31.57827706,30.07782809,31.55690056,30.11350331,31.55167222,30.11846907,31.55247384,30.11610587,31.56307971,30.1111401,31.56227809,161,581,185,640,1416
ow,ow-0156.jpg,ow-0156.xml,ow-0156-06-000404,S1_20190404_155610_155635_VV_8,2019-04-04T15:56:10,2019-04-04T15:56:35,S1B_IW_GRDH_1SDV_20190404T155610_20190404T155635_015659_01D5E2_CCBC.SAFE,640,640,30.10346286,31.4418539,30.23588327,31.4632304,30.2102485,31.57827706,30.07782809,31.55690056,30.22767925,31.48946753,30.22995523,31.48983494,30.22927431,31.49289087,30.22699833,31.49252346,629,148,640,165,187
ow,ow-0156.jpg,ow-0156.xml,ow-0156-07-000405,S1_20190404_155610_155635_VV_8,2019-04-04T15:56:10,2019-04-04T15:56:35,S1B_IW_GRDH_1SDV_20190404T155610_20190404T155635_015659_01D5E2_CCBC.SAFE,640,640,30.10346286,31.4418539,30.23588327,31.4632304,30.2102485,31.57827706,30.07782809,31.55690056,30.21606989,31.54830323,30.21689752,31.54843683,30.2102485,31.57827706,30.20942088,31.57814346,636,474,640,640,664
ow,ow-0157.jpg,ow-0157.xml,ow-0157-01-000406,S1_20190404_155610_155635_VV_9,2019-04-04T15:56:10,2019-04-04T15:56:35,S1B_IW_GRDH_1SDV_20190404T155610_20190404T155635_015659_01D5E2_CCBC.SAFE,640,640,29.95802054,31.52274931,30.09042539,31.54439386,30.06446619,31.65938704,29.93206134,31.63774249,30.02033684,31.53368154,30.02530202,31.53449321,30.02424743,31.53916481,30.01928224,31.53835314,302,4,326,30,624
ow,ow-0157.jpg,ow-0157.xml,ow-0157-02-000407,S1_20190404_155610_155635_VV_9,2019-04-04T15:56:10,2019-04-04T15:56:35,S1B_IW_GRDH_1SDV_20190404T155610_20190404T155635_015659_01D5E2_CCBC.SAFE,640,640,29.95802054,31.52274931,30.09042539,31.54439386,30.06446619,31.65938704,29.93206134,31.63774249,30.07110988,31.61855392,30.07359247,31.61895975,30.07294349,31.62183458,30.0704609,31.62142875,628,415,640,431,192
ow,ow-0158.jpg,ow-0158.xml,ow-0158-01-000408,S1_20190404_155610_155635_VV_10,2019-04-04T15:56:10,2019-04-04T15:56:35,S1B_IW_GRDH_1SDV_20190404T155610_20190404T155635_015659_01D5E2_CCBC.SAFE,640,640,31.24980517,31.72839167,31.38290733,31.74866582,31.35857393,31.86355152,31.22547177,31.84327737,31.36775881,31.7502497,31.37254217,31.75097831,31.37128748,31.7569021,31.36650412,31.7561735,571,21,594,54,759
ow,ow-0158.jpg,ow-0158.xml,ow-0158-02-000409,S1_20190404_155610_155635_VV_10,2019-04-04T15:56:10,2019-04-04T15:56:35,S1B_IW_GRDH_1SDV_20190404T155610_20190404T155635_015659_01D5E2_CCBC.SAFE,640,640,31.24980517,31.72839167,31.38290733,31.74866582,31.35857393,31.86355152,31.22547177,31.84327737,31.31522019,31.73983811,31.31709194,31.74012321,31.31667371,31.74209781,31.31480196,31.74181271,316,8,325,19,99
ow,ow-0158.jpg,ow-0158.xml,ow-0158-03-000410,S1_20190404_155610_155635_VV_10,2019-04-04T15:56:10,2019-04-04T15:56:35,S1B_IW_GRDH_1SDV_20190404T155610_20190404T155635_015659_01D5E2_CCBC.SAFE,640,640,31.24980517,31.72839167,31.38290733,31.74866582,31.35857393,31.86355152,31.22547177,31.84327737,31.24496279,31.76341703,31.2478744,31.76386053,31.24608742,31.77229745,31.24317581,31.77185395,12,193,26,240,658
ow,ow-0158.jpg,ow-0158.xml,ow-0158-04-000411,S1_20190404_155610_155635_VV_10,2019-04-04T15:56:10,2019-04-04T15:56:35,S1B_IW_GRDH_1SDV_20190404T155610_20190404T155635_015659_01D5E2_CCBC.SAFE,640,640,31.24980517,31.72839167,31.38290733,31.74866582,31.35857393,31.86355152,31.22547177,31.84327737,31.25284642,31.73126382,31.25617398,31.73177068,31.25533752,31.73571987,31.25200996,31.73521302,17,13,33,35,352
ow,ow-0158.jpg,ow-0158.xml,ow-0158-05-000412,S1_20190404_155610_155635_VV_10,2019-04-04T15:56:10,2019-04-04T15:56:35,S1B_IW_GRDH_1SDV_20190404T155610_20190404T155635_015659_01D5E2_CCBC.SAFE,640,640,31.24980517,31.72839167,31.38290733,31.74866582,31.35857393,31.86355152,31.22547177,31.84327737,31.31845384,31.73977476,31.32157342,31.74024993,31.31997654,31.74778931,31.31685696,31.74731413,331,5,346,47,630
ow,ow-0159.jpg,ow-0159.xml,ow-0159-01-000413,S1_20190404_155610_155635_VV_11,2019-04-04T15:56:10,2019-04-04T15:56:35,S1B_IW_GRDH_1SDV_20190404T155610_20190404T155635_015659_01D5E2_CCBC.SAFE,640,640,30.07241201,31.57683017,30.20493837,31.59820355,30.17930235,31.7131884,30.04677599,31.69181503,30.07122804,31.61870324,30.07412706,31.61917079,30.07348616,31.62204541,30.07058714,31.62157787,38,226,52,242,224
ow,ow-0159.jpg,ow-0159.xml,ow-0159-02-000414,S1_20190404_155610_155635_VV_11,2019-04-04T15:56:10,2019-04-04T15:56:35,S1B_IW_GRDH_1SDV_20190404T155610_20190404T155635_015659_01D5E2_CCBC.SAFE,640,640,30.07241201,31.57683017,30.20493837,31.59820355,30.17930235,31.7131884,30.04677599,31.69181503,30.15125366,31.5936402,30.17589528,31.59761431,30.1737723,31.60713649,30.14913068,31.60316238,385,22,504,75,6307
ow,ow-0159.jpg,ow-0159.xml,ow-0159-03-000415,S1_20190404_155610_155635_VV_11,2019-04-04T15:56:10,2019-04-04T15:56:35,S1B_IW_GRDH_1SDV_20190404T155610_20190404T155635_015659_01D5E2_CCBC.SAFE,640,640,30.07241201,31.57683017,30.20493837,31.59820355,30.17930235,31.7131884,30.04677599,31.69181503,30.1680598,31.59523389,30.17447904,31.59626916,30.17383814,31.59914378,30.16741889,31.59810851,465,16,496,32,496
ow,ow-0160.jpg,ow-0160.xml,ow-0160-01-000416,S1_20190404_155610_155635_VV_12,2019-04-04T15:56:10,2019-04-04T15:56:35,S1B_IW_GRDH_1SDV_20190404T155610_20190404T155635_015659_01D5E2_CCBC.SAFE,640,640,31.04079456,31.73029579,31.17298527,31.75075184,31.1485199,31.86573717,31.0163292,31.84528112,31.03702731,31.76404514,31.03950589,31.76442869,31.03801503,31.77143561,31.03553645,31.77105206,16,185,28,224,468
ow,ow-0160.jpg,ow-0160.xml,ow-0160-02-000417,S1_20190404_155610_155635_VV_12,2019-04-04T15:56:10,2019-04-04T15:56:35,S1B_IW_GRDH_1SDV_20190404T155610_20190404T155635_015659_01D5E2_CCBC.SAFE,640,640,31.04079456,31.73029579,31.17298527,31.75075184,31.1485199,31.86573717,31.0163292,31.84528112,31.09817667,31.73936105,31.10106834,31.73980853,31.09900408,31.74951041,31.09611241,31.74906294,278,1,292,55,756
ow,ow-0160.jpg,ow-0160.xml,ow-0160-03-000418,S1_20190404_155610_155635_VV_12,2019-04-04T15:56:10,2019-04-04T15:56:35,S1B_IW_GRDH_1SDV_20190404T155610_20190404T155635_015659_01D5E2_CCBC.SAFE,640,640,31.04079456,31.73029579,31.17298527,31.75075184,31.1485199,31.86573717,31.0163292,31.84528112,31.04298699,31.76812224,31.04629175,31.76863364,31.04422749,31.77833553,31.04092272,31.77782413,48,202,64,256,864
ow,ow-0160.jpg,ow-0160.xml,ow-0160-04-000419,S1_20190404_155610_155635_VV_12,2019-04-04T15:56:10,2019-04-04T15:56:35,S1B_IW_GRDH_1SDV_20190404T155610_20190404T155635_015659_01D5E2_CCBC.SAFE,640,640,31.04079456,31.73029579,31.17298527,31.75075184,31.1485199,31.86573717,31.0163292,31.84528112,31.15738556,31.7990012,31.15945104,31.79932083,31.15807486,31.80578875,31.15600938,31.80546913,615,273,625,309,360
ow,ow-0160.jpg,ow-0160.xml,ow-0160-05-000420,S1_20190404_155610_155635_VV_12,2019-04-04T15:56:10,2019-04-04T15:56:35,S1B_IW_GRDH_1SDV_20190404T155610_20190404T155635_015659_01D5E2_CCBC.SAFE,640,640,31.04079456,31.73029579,31.17298527,31.75075184,31.1485199,31.86573717,31.0163292,31.84528112,31.11515851,31.79692064,31.11949602,31.79759185,31.11750821,31.80693441,31.1131707,31.8062632,415,297,436,349,1092
ow,ow-0160.jpg,ow-0160.xml,ow-0160-06-000421,S1_20190404_155610_155635_VV_12,2019-04-04T15:56:10,2019-04-04T15:56:35,S1B_IW_GRDH_1SDV_20190404T155610_20190404T155635_015659_01D5E2_CCBC.SAFE,640,640,31.04079456,31.73029579,31.17298527,31.75075184,31.1485199,31.86573717,31.0163292,31.84528112,31.12496311,31.77691057,31.12661549,31.77716627,31.12581272,31.78093923,31.12416034,31.78068353,441,181,449,202,168
ow,ow-0160.jpg,ow-0160.xml,ow-0160-07-000422,S1_20190404_155610_155635_VV_12,2019-04-04T15:56:10,2019-04-04T15:56:35,S1B_IW_GRDH_1SDV_20190404T155610_20190404T155635_015659_01D5E2_CCBC.SAFE,640,640,31.04079456,31.73029579,31.17298527,31.75075184,31.1485199,31.86573717,31.0163292,31.84528112,31.12095605,31.78872436,31.13892573,31.79150511,31.13655565,31.80264431,31.11858597,31.79986357,434,248,521,310,5394
ow,ow-0160.jpg,ow-0160.xml,ow-0160-08-000423,S1_20190404_155610_155635_VV_12,2019-04-04T15:56:10,2019-04-04T15:56:35,S1B_IW_GRDH_1SDV_20190404T155610_20190404T155635_015659_01D5E2_CCBC.SAFE,640,640,31.04079456,31.73029579,31.17298527,31.75075184,31.1485199,31.86573717,31.0163292,31.84528112,31.0980552,31.74695104,31.10156651,31.7474944,31.0991582,31.75881327,31.09564689,31.75826991,285,42,302,105,1071
ow,ow-0161.jpg,ow-0161.xml,ow-0161-01-000424,S1_20190404_155610_155635_VV_13,2019-04-04T15:56:10,2019-04-04T15:56:35,S1B_IW_GRDH_1SDV_20190404T155610_20190404T155635_015659_01D5E2_CCBC.SAFE,640,640,30.7795348,31.69376395,30.9117255,31.71421999,30.88726014,31.82920533,30.75506944,31.80874928,30.82201197,31.80296293,30.82758877,31.80382592,30.82682422,31.80741922,30.82124743,31.80655623,308,553,335,573,540
ow,ow-0162.jpg,ow-0162.xml,ow-0162-01-000425,S1_20190405_035850_040029_VV_0,2019-04-05T03:58:50,2019-04-05T04:00:29,S1B_IW_GRDH_1SDV_20190405T035850_20190405T035915_015666_01D628_CFEF.SAFE,640,640,31.49403234,34.62405663,31.35726976,34.64516244,31.33106097,34.52997247,31.46782355,34.50886666,31.47269523,34.57499801,31.46991724,34.57542672,31.46950773,34.57362688,31.47228572,34.57319817,46,281,59,291,130
ow,ow-0162.jpg,ow-0162.xml,ow-0162-02-000426,S1_20190405_035850_040029_VV_0,2019-04-05T03:58:50,2019-04-05T04:00:29,S1B_IW_GRDH_1SDV_20190405T035850_20190405T035915_015666_01D628_CFEF.SAFE,640,640,31.49403234,34.62405663,31.35726976,34.64516244,31.33106097,34.52997247,31.46782355,34.50886666,31.48065319,34.58178098,31.4727466,34.58300116,31.47164092,34.57814158,31.4795475,34.5769214,17,238,54,265,999
ow,ow-0162.jpg,ow-0162.xml,ow-0162-03-000427,S1_20190405_035850_040029_VV_0,2019-04-05T03:58:50,2019-04-05T04:00:29,S1B_IW_GRDH_1SDV_20190405T035850_20190405T035915_015666_01D628_CFEF.SAFE,640,640,31.49403234,34.62405663,31.35726976,34.64516244,31.33106097,34.52997247,31.46782355,34.50886666,31.4017318,34.53434317,31.37758466,34.53806966,31.37422666,34.52331095,31.3983738,34.51958445,325,558,438,640,9266
ow,ow-0163.jpg,ow-0163.xml,ow-0163-01-000428,S1_20190405_035850_040029_VV_1,2019-04-05T03:58:50,2019-04-05T04:00:29,S1B_IW_GRDH_1SDV_20190405T035850_20190405T035915_015666_01D628_CFEF.SAFE,640,640,31.5147144,34.50165038,31.37801963,34.52290942,31.35162249,34.4077154,31.48831725,34.38645635,31.44679398,34.48518473,31.43867773,34.48644699,31.43719289,34.47996733,31.44530914,34.47870507,290,145,328,181,1368
ow,ow-0163.jpg,ow-0163.xml,ow-0163-02-000429,S1_20190405_035850_040029_VV_1,2019-04-05T03:58:50,2019-04-05T04:00:29,S1B_IW_GRDH_1SDV_20190405T035850_20190405T035915_015666_01D628_CFEF.SAFE,640,640,31.5147144,34.50165038,31.37801963,34.52290942,31.35162249,34.4077154,31.48831725,34.38645635,31.43810765,34.48299395,31.43191367,34.48395725,31.43038758,34.4772976,31.43658156,34.47633429,327,164,356,201,1073
ow,ow-0163.jpg,ow-0163.xml,ow-0163-03-000430,S1_20190405_035850_040029_VV_1,2019-04-05T03:58:50,2019-04-05T04:00:29,S1B_IW_GRDH_1SDV_20190405T035850_20190405T035915_015666_01D628_CFEF.SAFE,640,640,31.5147144,34.50165038,31.37801963,34.52290942,31.35162249,34.4077154,31.48831725,34.38645635,31.43609128,34.50604898,31.4284022,34.5072448,31.42720608,34.50202507,31.43489516,34.50082925,360,42,396,71,1044
ow,ow-0164.jpg,ow-0164.xml,ow-0164-01-000431,S1_20190405_035850_040029_VV_2,2019-04-05T03:58:50,2019-04-05T04:00:29,S1B_IW_GRDH_1SDV_20190405T035940_20190405T040005_015666_01D628_676F.SAFE,640,640,30.71066799,31.88163475,30.57751417,31.90269536,30.55208995,31.78742854,30.68524377,31.76636793,30.63823395,31.85096785,30.62762325,31.85264612,30.62273704,31.83049328,30.63334773,31.82881501,305,226,356,349,6273
ow,ow-0165.jpg,ow-0165.xml,ow-0165-01-000432,S1_20190405_035850_040029_VV_3,2019-04-05T03:58:50,2019-04-05T04:00:29,S1B_IW_GRDH_1SDV_20190405T035940_20190405T040005_015666_01D628_676F.SAFE,640,640,31.12336893,31.76663131,30.99046161,31.78824821,30.96436838,31.67296314,31.09727569,31.65134624,31.03806684,31.73792317,31.03287515,31.73876758,31.02985812,31.72543774,31.03504981,31.72459333,366,228,391,302,1850
ow,ow-0165.jpg,ow-0165.xml,ow-0165-02-000433,S1_20190405_035850_040029_VV_3,2019-04-05T03:58:50,2019-04-05T04:00:29,S1B_IW_GRDH_1SDV_20190405T035940_20190405T040005_015666_01D628_676F.SAFE,640,640,31.12336893,31.76663131,30.99046161,31.78824821,30.96436838,31.67296314,31.09727569,31.65134624,31.02492631,31.72362519,31.02139596,31.72419939,31.02058055,31.72059673,31.0241109,31.72002253,412,316,429,336,340
ow,ow-0165.jpg,ow-0165.xml,ow-0165-03-000434,S1_20190405_035850_040029_VV_3,2019-04-05T03:58:50,2019-04-05T04:00:29,S1B_IW_GRDH_1SDV_20190405T035940_20190405T040005_015666_01D628_676F.SAFE,640,640,31.12336893,31.76663131,30.99046161,31.78824821,30.96436838,31.67296314,31.09727569,31.65134624,31.09043843,31.70960812,31.08732341,31.71011477,31.08532565,31.70128826,31.08844066,31.70078161,93,334,108,383,735
ow,ow-0166.jpg,ow-0166.xml,ow-0166-01-000435,S1_20190405_035850_040029_VV_8,2019-04-05T03:58:50,2019-04-05T04:00:29,S1B_IW_GRDH_1SDV_20190405T035940_20190405T040005_015666_01D628_676F.SAFE,640,640,30.24401299,31.61355046,30.11159677,31.63436789,30.08661635,31.5190972,30.21903257,31.49827977,30.16473113,31.62582828,30.16245522,31.62618608,30.16214297,31.6247452,30.16441887,31.6243874,383,1,394,9,88
ow,ow-0166.jpg,ow-0166.xml,ow-0166-02-000436,S1_20190405_035850_040029_VV_8,2019-04-05T03:58:50,2019-04-05T04:00:29,S1B_IW_GRDH_1SDV_20190405T035940_20190405T040005_015666_01D628_676F.SAFE,640,640,30.24401299,31.61355046,30.11159677,31.63436789,30.08661635,31.5190972,30.21903257,31.49827977,30.21119546,31.56972688,30.18243631,31.57424817,30.17794764,31.55353546,30.20670679,31.54901418,109,263,248,378,15985
ow,ow-0166.jpg,ow-0166.xml,ow-0166-03-000437,S1_20190405_035850_040029_VV_8,2019-04-05T03:58:50,2019-04-05T04:00:29,S1B_IW_GRDH_1SDV_20190405T035940_20190405T040005_015666_01D628_676F.SAFE,640,640,30.24401299,31.61355046,30.11159677,31.63436789,30.08661635,31.5190972,30.21903257,31.49827977,30.12577703,31.57738204,30.12308733,31.5778049,30.12254088,31.57528335,30.12523059,31.5748605,516,294,529,308,182
ow,ow-0166.jpg,ow-0166.xml,ow-0166-04-000438,S1_20190405_035850_040029_VV_8,2019-04-05T03:58:50,2019-04-05T04:00:29,S1B_IW_GRDH_1SDV_20190405T035940_20190405T040005_015666_01D628_676F.SAFE,640,640,30.24401299,31.61355046,30.11159677,31.63436789,30.08661635,31.5190972,30.21903257,31.49827977,30.15045563,31.60833041,30.14776592,31.60875326,30.14706335,31.60551128,30.14975305,31.60508842,432,107,445,125,234
ow,ow-0166.jpg,ow-0166.xml,ow-0166-05-000439,S1_20190405_035850_040029_VV_8,2019-04-05T03:58:50,2019-04-05T04:00:29,S1B_IW_GRDH_1SDV_20190405T035940_20190405T040005_015666_01D628_676F.SAFE,640,640,30.24401299,31.61355046,30.11159677,31.63436789,30.08661635,31.5190972,30.21903257,31.49827977,30.13045736,31.58614482,30.12818146,31.58650262,30.12743985,31.58308052,30.12971576,31.58272272,503,243,514,262,209
ow,ow-0166.jpg,ow-0166.xml,ow-0166-06-000440,S1_20190405_035850_040029_VV_8,2019-04-05T03:58:50,2019-04-05T04:00:29,S1B_IW_GRDH_1SDV_20190405T035940_20190405T040005_015666_01D628_676F.SAFE,640,640,30.24401299,31.61355046,30.11159677,31.63436789,30.08661635,31.5190972,30.21903257,31.49827977,30.16567233,31.61338803,30.16008602,31.61426627,30.15801733,31.60472041,30.16360364,31.60384218,366,67,393,120,1431
ow,ow-0166.jpg,ow-0166.xml,ow-0166-07-000441,S1_20190405_035850_040029_VV_8,2019-04-05T03:58:50,2019-04-05T04:00:29,S1B_IW_GRDH_1SDV_20190405T035940_20190405T040005_015666_01D628_676F.SAFE,640,640,30.24401299,31.61355046,30.11159677,31.63436789,30.08661635,31.5190972,30.21903257,31.49827977,30.15082309,31.59225542,30.13530556,31.59469496,30.12906046,31.56587729,30.14457798,31.56343775,414,193,489,353,12000
ow,ow-0166.jpg,ow-0166.xml,ow-0166-08-000442,S1_20190405_035850_040029_VV_8,2019-04-05T03:58:50,2019-04-05T04:00:29,S1B_IW_GRDH_1SDV_20190405T035940_20190405T040005_015666_01D628_676F.SAFE,640,640,30.24401299,31.61355046,30.11159677,31.63436789,30.08661635,31.5190972,30.21903257,31.49827977,30.15884493,31.6045903,30.14849991,31.60621666,30.14596284,31.59450948,30.15630785,31.59288312,389,120,439,185,3250
ow,ow-0166.jpg,ow-0166.xml,ow-0166-09-000443,S1_20190405_035850_040029_VV_8,2019-04-05T03:58:50,2019-04-05T04:00:29,S1B_IW_GRDH_1SDV_20190405T035940_20190405T040005_015666_01D628_676F.SAFE,640,640,30.24401299,31.61355046,30.11159677,31.63436789,30.08661635,31.5190972,30.21903257,31.49827977,30.23373586,31.56711449,30.21221822,31.57049732,30.20983727,31.55951059,30.23135491,31.55612775,1,258,105,319,6344
ow,ow-0166.jpg,ow-0166.xml,ow-0166-10-000444,S1_20190405_035850_040029_VV_8,2019-04-05T03:58:50,2019-04-05T04:00:29,S1B_IW_GRDH_1SDV_20190405T035940_20190405T040005_015666_01D628_676F.SAFE,640,640,30.24401299,31.61355046,30.11159677,31.63436789,30.08661635,31.5190972,30.21903257,31.49827977,30.16473113,31.62582828,30.16245522,31.62618608,30.16214297,31.6247452,30.16441887,31.6243874,383,1,394,9,88
ow,ow-0166.jpg,ow-0166.xml,ow-0166-11-000445,S1_20190405_035850_040029_VV_8,2019-04-05T03:58:50,2019-04-05T04:00:29,S1B_IW_GRDH_1SDV_20190405T035940_20190405T040005_015666_01D628_676F.SAFE,640,640,30.24401299,31.61355046,30.11159677,31.63436789,30.08661635,31.5190972,30.21903257,31.49827977,30.17777946,31.56361923,30.14715821,31.56843326,30.14376244,31.55276365,30.17438369,31.54794962,259,324,407,411,12876
ow,ow-0166.jpg,ow-0166.xml,ow-0166-12-000446,S1_20190405_035850_040029_VV_8,2019-04-05T03:58:50,2019-04-05T04:00:29,S1B_IW_GRDH_1SDV_20190405T035940_20190405T040005_015666_01D628_676F.SAFE,640,640,30.24401299,31.61355046,30.11159677,31.63436789,30.08661635,31.5190972,30.21903257,31.49827977,30.11899566,31.59446538,30.11754736,31.59469307,30.11719607,31.59307207,30.11864437,31.59284438,565,208,572,217,63
ow,ow-0166.jpg,ow-0166.xml,ow-0166-13-000447,S1_20190405_035850_040029_VV_8,2019-04-05T03:58:50,2019-04-05T04:00:29,S1B_IW_GRDH_1SDV_20190405T035940_20190405T040005_015666_01D628_676F.SAFE,640,640,30.24401299,31.61355046,30.11159677,31.63436789,30.08661635,31.5190972,30.21903257,31.49827977,30.10488772,31.58662599,30.10219801,31.58704885,30.10172963,31.58488752,30.10441933,31.58446467,623,262,636,274,156
ow,ow-0166.jpg,ow-0166.xml,ow-0166-14-000448,S1_20190405_035850_040029_VV_8,2019-04-05T03:58:50,2019-04-05T04:00:29,S1B_IW_GRDH_1SDV_20190405T035940_20190405T040005_015666_01D628_676F.SAFE,640,640,30.24401299,31.61355046,30.11159677,31.63436789,30.08661635,31.5190972,30.21903257,31.49827977,30.1566582,31.6241175,30.1531409,31.62467046,30.15243832,31.62142847,30.15595563,31.62087551,419,17,436,35,306
ow,ow-0167.jpg,ow-0167.xml,ow-0167-01-000449,S1_20190405_035850_040029_VV_9,2019-04-05T03:58:50,2019-04-05T04:00:29,S1B_IW_GRDH_1SDV_20190405T035940_20190405T040005_015666_01D628_676F.SAFE,640,640,30.11327957,31.63978542,29.98074772,31.66032875,29.95609554,31.54507428,30.08862739,31.52453095,30.07538836,31.53365321,30.07269631,31.53407049,30.07238816,31.53262981,30.07508021,31.53221253,71,602,84,610,104
ow,ow-0167.jpg,ow-0167.xml,ow-0167-02-000450,S1_20190405_035850_040029_VV_9,2019-04-05T03:58:50,2019-04-05T04:00:29,S1B_IW_GRDH_1SDV_20190405T035940_20190405T040005_015666_01D628_676F.SAFE,640,640,30.11327957,31.63978542,29.98074772,31.66032875,29.95609554,31.54507428,30.08862739,31.52453095,30.10192107,31.5916831,30.09011745,31.59351274,30.08865373,31.58666951,30.10045734,31.58483987,5,268,62,306,2166
ow,ow-0167.jpg,ow-0167.xml,ow-0167-03-000451,S1_20190405_035850_040029_VV_9,2019-04-05T03:58:50,2019-04-05T04:00:29,S1B_IW_GRDH_1SDV_20190405T035940_20190405T040005_015666_01D628_676F.SAFE,640,640,30.11327957,31.63978542,29.98074772,31.66032875,29.95609554,31.54507428,30.08862739,31.52453095,30.08396296,31.59074561,30.08064967,31.5912592,30.08022596,31.58927826,30.08353925,31.58876468,88,288,104,299,176
ow,ow-0168.jpg,ow-0168.xml,ow-0168-01-000452,S1_20190405_154836_155016_VV_2,2019-04-05T15:48:36,2019-04-05T15:50:16,S1A_IW_GRDH_1SDV_20190405T154836_20190405T154901_026657_02FDC3_95CA.SAFE,640,640,33.55172443,31.28155544,33.68414608,31.30157621,33.6600582,31.41673302,33.52763655,31.39671226,33.60429279,31.34556134,33.60905169,31.34628084,33.60758383,31.3532982,33.60282493,31.35257871,309,302,332,341,897
ow,ow-0169.jpg,ow-0169.xml,ow-0169-01-000453,S1_20190405_154836_155016_VV_8,2019-04-05T15:48:36,2019-04-05T15:50:16,S1A_IW_GRDH_1SDV_20190405T154836_20190405T154901_026657_02FDC3_95CA.SAFE,640,640,32.34787364,31.26793759,32.47977592,31.28918521,32.45421986,31.40441567,32.32231758,31.38316804,32.34460571,31.28363493,32.34831546,31.28423251,32.34751684,31.28783347,32.34380708,31.28723588,1,87,19,107,360
ow,ow-0169.jpg,ow-0169.xml,ow-0169-02-000454,S1_20190405_154836_155016_VV_8,2019-04-05T15:48:36,2019-04-05T15:50:16,S1A_IW_GRDH_1SDV_20190405T154836_20190405T154901_026657_02FDC3_95CA.SAFE,640,640,32.34787364,31.26793759,32.47977592,31.28918521,32.45421986,31.40441567,32.32231758,31.38316804,32.43420008,31.37918612,32.43914641,31.37998291,32.43786861,31.38574443,32.43292227,31.38494765,520,522,544,554,768
ow,ow-0169.jpg,ow-0169.xml,ow-0169-03-000455,S1_20190405_154836_155016_VV_8,2019-04-05T15:48:36,2019-04-05T15:50:16,S1A_IW_GRDH_1SDV_20190405T154836_20190405T154901_026657_02FDC3_95CA.SAFE,640,640,32.34787364,31.26793759,32.47977592,31.28918521,32.45421986,31.40441567,32.32231758,31.38316804,32.40485053,31.30266353,32.40856028,31.30326112,32.40732241,31.30884259,32.40361266,31.308245,303,137,321,168,558
ow,ow-0170.jpg,ow-0170.xml,ow-0170-01-000456,S1_20190405_154836_155016_VV_15,2019-04-05T15:48:36,2019-04-05T15:50:16,S1A_IW_GRDH_1SDV_20190405T154901_20190405T154926_026657_02FDC3_00D2.SAFE;S1A_IW_GRDH_1SDV_20190405T154836_20190405T154901_026657_02FDC3_95CA.SAFE,640,640,32.15034882,31.61041279,32.28304342,31.63177083,32.25733776,31.74701193,32.12464316,31.72565389,32.23710071,31.63071805,32.2393814,31.63108514,32.2385781,31.63468643,32.23629741,31.63431933,425,34,436,54,220
ow,ow-0170.jpg,ow-0170.xml,ow-0170-02-000457,S1_20190405_154836_155016_VV_15,2019-04-05T15:48:36,2019-04-05T15:50:16,S1A_IW_GRDH_1SDV_20190405T154901_20190405T154926_026657_02FDC3_00D2.SAFE;S1A_IW_GRDH_1SDV_20190405T154836_20190405T154901_026657_02FDC3_95CA.SAFE,640,640,32.15034882,31.61041279,32.28304342,31.63177083,32.25733776,31.74701193,32.12464316,31.72565389,32.17866875,31.70972782,32.18654749,31.71099595,32.18433841,31.72089949,32.17645967,31.71963135,235,508,273,563,2090
ow,ow-0170.jpg,ow-0170.xml,ow-0170-03-000458,S1_20190405_154836_155016_VV_15,2019-04-05T15:48:36,2019-04-05T15:50:16,S1A_IW_GRDH_1SDV_20190405T154901_20190405T154926_026657_02FDC3_00D2.SAFE;S1A_IW_GRDH_1SDV_20190405T154836_20190405T154901_026657_02FDC3_95CA.SAFE,640,640,32.15034882,31.61041279,32.28304342,31.63177083,32.25733776,31.74701193,32.12464316,31.72565389,32.22760124,31.64056732,32.23008927,31.64096778,32.22948679,31.64366875,32.22699877,31.64326828,391,95,403,110,180
ow,ow-0170.jpg,ow-0170.xml,ow-0170-04-000459,S1_20190405_154836_155016_VV_15,2019-04-05T15:48:36,2019-04-05T15:50:16,S1A_IW_GRDH_1SDV_20190405T154901_20190405T154926_026657_02FDC3_00D2.SAFE;S1A_IW_GRDH_1SDV_20190405T154836_20190405T154901_026657_02FDC3_95CA.SAFE,640,640,32.15034882,31.61041279,32.28304342,31.63177083,32.25733776,31.74701193,32.12464316,31.72565389,32.24720573,31.6720752,32.24907175,31.67237555,32.2486701,31.67417619,32.24680408,31.67387584,515,247,524,257,90
ow,ow-0170.jpg,ow-0170.xml,ow-0170-05-000460,S1_20190405_154836_155016_VV_15,2019-04-05T15:48:36,2019-04-05T15:50:16,S1A_IW_GRDH_1SDV_20190405T154901_20190405T154926_026657_02FDC3_00D2.SAFE;S1A_IW_GRDH_1SDV_20190405T154836_20190405T154901_026657_02FDC3_95CA.SAFE,640,640,32.15034882,31.61041279,32.28304342,31.63177083,32.25733776,31.74701193,32.12464316,31.72565389,32.23906659,31.63345935,32.24093261,31.6337597,32.24033013,31.63646066,32.23846412,31.63616031,437,47,446,62,135
ow,ow-0170.jpg,ow-0170.xml,ow-0170-06-000461,S1_20190405_154836_155016_VV_15,2019-04-05T15:48:36,2019-04-05T15:50:16,S1A_IW_GRDH_1SDV_20190405T154901_20190405T154926_026657_02FDC3_00D2.SAFE;S1A_IW_GRDH_1SDV_20190405T154836_20190405T154901_026657_02FDC3_95CA.SAFE,640,640,32.15034882,31.61041279,32.28304342,31.63177083,32.25733776,31.74701193,32.12464316,31.72565389,32.2412333,31.63530032,32.24372132,31.63570079,32.24295818,31.63912201,32.24047016,31.63872155,449,55,461,74,228
ow,ow-0170.jpg,ow-0170.xml,ow-0170-07-000462,S1_20190405_154836_155016_VV_15,2019-04-05T15:48:36,2019-04-05T15:50:16,S1A_IW_GRDH_1SDV_20190405T154901_20190405T154926_026657_02FDC3_00D2.SAFE;S1A_IW_GRDH_1SDV_20190405T154836_20190405T154901_026657_02FDC3_95CA.SAFE,640,640,32.15034882,31.61041279,32.28304342,31.63177083,32.25733776,31.74701193,32.12464316,31.72565389,32.26436788,31.67409144,32.26830726,31.67472551,32.26742362,31.67868692,32.26348425,31.67805286,597,243,616,265,418
ow,ow-0170.jpg,ow-0170.xml,ow-0170-08-000463,S1_20190405_154836_155016_VV_15,2019-04-05T15:48:36,2019-04-05T15:50:16,S1A_IW_GRDH_1SDV_20190405T154901_20190405T154926_026657_02FDC3_00D2.SAFE;S1A_IW_GRDH_1SDV_20190405T154836_20190405T154901_026657_02FDC3_95CA.SAFE,640,640,32.15034882,31.61041279,32.28304342,31.63177083,32.25733776,31.74701193,32.12464316,31.72565389,32.25353548,31.65910434,32.25540149,31.65940468,32.25479902,31.66210565,32.252933,31.6618053,531,172,540,187,135
ow,ow-0170.jpg,ow-0170.xml,ow-0170-09-000464,S1_20190405_154836_155016_VV_15,2019-04-05T15:48:36,2019-04-05T15:50:16,S1A_IW_GRDH_1SDV_20190405T154901_20190405T154926_026657_02FDC3_00D2.SAFE;S1A_IW_GRDH_1SDV_20190405T154836_20190405T154901_026657_02FDC3_95CA.SAFE,640,640,32.15034882,31.61041279,32.28304342,31.63177083,32.25733776,31.74701193,32.12464316,31.72565389,32.25442021,31.6493607,32.25794491,31.64992802,32.25742277,31.65226886,32.25389807,31.65170154,525,119,542,132,221
ow,ow-0171.jpg,ow-0171.xml,ow-0171-01-000465,S1_20190405_154836_155016_VV_17,2019-04-05T15:48:36,2019-04-05T15:50:16,S1A_IW_GRDH_1SDV_20190405T154901_20190405T154926_026657_02FDC3_00D2.SAFE,640,640,32.83561475,32.56544933,32.9695547,32.58592928,32.94473199,32.70111218,32.81079205,32.68063223,32.88697434,32.61903473,32.8997405,32.62098673,32.89357361,32.64960248,32.88080745,32.64765048,291,246,352,405,9699
ow,ow-0172.jpg,ow-0172.xml,ow-0172-01-000466,S1_20190405_154836_155016_VV_18,2019-04-05T15:48:36,2019-04-05T15:50:16,S1A_IW_GRDH_1SDV_20190405T154901_20190405T154926_026657_02FDC3_00D2.SAFE,640,640,33.13289868,32.79626057,33.26793659,32.81625953,33.24352764,32.93139196,33.10848973,32.911393,33.18729043,32.86201973,33.19003339,32.86242595,33.18911805,32.86674342,33.18637509,32.86633719,314,311,327,335,312
ow,ow-0173.jpg,ow-0173.xml,ow-0173-01-000467,S1_20190405_154836_155016_VV_19,2019-04-05T15:48:36,2019-04-05T15:50:16,S1A_IW_GRDH_1SDV_20190405T154901_20190405T154926_026657_02FDC3_00D2.SAFE,640,640,33.30226484,32.88463246,33.43736483,32.90448404,33.41313465,33.01960675,33.27803466,32.99975516,33.34202714,32.96557927,33.41928745,32.97693189,33.41288917,33.00733148,33.33562886,32.99597885,261,405,627,574,61854
ow,ow-0173.jpg,ow-0173.xml,ow-0173-02-000468,S1_20190405_154836_155016_VV_19,2019-04-05T15:48:36,2019-04-05T15:50:16,S1A_IW_GRDH_1SDV_20190405T154901_20190405T154926_026657_02FDC3_00D2.SAFE,640,640,33.30226484,32.88463246,33.43736483,32.90448404,33.41313465,33.01960675,33.27803466,32.99975516,33.29932898,32.90478516,33.36139054,32.91390448,33.35639306,32.93764854,33.2943315,32.92852921,6,111,300,243,38808
ow,ow-0174.jpg,ow-0174.xml,ow-0174-01-000469,S1_20190405_154836_155016_VV_20,2019-04-05T15:48:36,2019-04-05T15:50:16,S1A_IW_GRDH_1SDV_20190405T154926_20190405T154951_026657_02FDC3_6F15.SAFE,640,640,33.83949546,34.20487216,33.97673548,34.22366985,33.95342693,34.33868966,33.81618692,34.31989197,33.94624214,34.3088913,33.95095976,34.30953747,33.9493573,34.31744508,33.94463968,34.31679891,580,484,602,528,968
ow,ow-0175.jpg,ow-0175.xml,ow-0175-01-000470,S1_20190406_035117_035258_VV_0,2019-04-06T03:51:17,2019-04-06T03:52:58,S1A_IW_GRDH_1SDV_20190406T035207_20190406T035232_026664_02FE02_3AA5.SAFE,1032,1032,33.24818102,32.25150192,33.03379712,32.28613301,32.99198309,32.10015632,33.20636699,32.06552523,33.23115854,32.17674834,33.21973304,32.17859399,33.21608646,32.16237509,33.22751196,32.16052945,1,415,56,505,4950
ow,ow-0175.jpg,ow-0175.xml,ow-0175-02-000471,S1_20190406_035117_035258_VV_0,2019-04-06T03:51:17,2019-04-06T03:52:58,S1A_IW_GRDH_1SDV_20190406T035207_20190406T035232_026664_02FE02_3AA5.SAFE,1032,1032,33.24818102,32.25150192,33.03379712,32.28613301,32.99198309,32.10015632,33.20636699,32.06552523,33.23096937,32.19601467,33.13229461,32.21195437,33.12054454,32.15969347,33.21921931,32.14375378,22,312,497,602,137750
ow,ow-0175.jpg,ow-0175.xml,ow-0175-03-000472,S1_20190406_035117_035258_VV_0,2019-04-06T03:51:17,2019-04-06T03:52:58,S1A_IW_GRDH_1SDV_20190406T035207_20190406T035232_026664_02FE02_3AA5.SAFE,1032,1032,33.24818102,32.25150192,33.03379712,32.28613301,32.99198309,32.10015632,33.20636699,32.06552523,33.18933635,32.25596517,33.06781059,32.27559616,33.05476396,32.21756855,33.17628972,32.19793756,278,27,863,349,188370
ow,ow-0175.jpg,ow-0175.xml,ow-0175-04-000473,S1_20190406_035117_035258_VV_0,2019-04-06T03:51:17,2019-04-06T03:52:58,S1A_IW_GRDH_1SDV_20190406T035207_20190406T035232_026664_02FE02_3AA5.SAFE,1032,1032,33.24818102,32.25150192,33.03379712,32.28613301,32.99198309,32.10015632,33.20636699,32.06552523,33.13041021,32.20740314,33.06040306,32.21871193,33.04861248,32.16627083,33.11861963,32.15496203,501,338,838,629,98067
ow,ow-0175.jpg,ow-0175.xml,ow-0175-05-000474,S1_20190406_035117_035258_VV_0,2019-04-06T03:51:17,2019-04-06T03:52:58,S1A_IW_GRDH_1SDV_20190406T035207_20190406T035232_026664_02FE02_3AA5.SAFE,1032,1032,33.24818102,32.25150192,33.03379712,32.28613301,32.99198309,32.10015632,33.20636699,32.06552523,33.05336399,32.17782911,33.04547001,32.17910429,33.04482173,32.17622093,33.05271571,32.17494575,828,563,866,579,608
ow,ow-0175.jpg,ow-0175.xml,ow-0175-06-000475,S1_20190406_035117_035258_VV_0,2019-04-06T03:51:17,2019-04-06T03:52:58,S1A_IW_GRDH_1SDV_20190406T035207_20190406T035232_026664_02FE02_3AA5.SAFE,1032,1032,33.24818102,32.25150192,33.03379712,32.28613301,32.99198309,32.10015632,33.20636699,32.06552523,33.05030324,32.18336593,33.04656399,32.18396996,33.04603726,32.18162723,33.04977651,32.1810232,848,536,866,549,234
ow,ow-0175.jpg,ow-0175.xml,ow-0175-07-000476,S1_20190406_035117_035258_VV_0,2019-04-06T03:51:17,2019-04-06T03:52:58,S1A_IW_GRDH_1SDV_20190406T035207_20190406T035232_026664_02FE02_3AA5.SAFE,1032,1032,33.24818102,32.25150192,33.03379712,32.28613301,32.99198309,32.10015632,33.20636699,32.06552523,33.07478346,32.14766309,33.05359435,32.15108593,33.05173055,32.14279627,33.07291965,32.13937343,697,706,799,752,4692
ow,ow-0175.jpg,ow-0175.xml,ow-0175-08-000477,S1_20190406_035117_035258_VV_0,2019-04-06T03:51:17,2019-04-06T03:52:58,S1A_IW_GRDH_1SDV_20190406T035207_20190406T035232_026664_02FE02_3AA5.SAFE,1032,1032,33.24818102,32.25150192,33.03379712,32.28613301,32.99198309,32.10015632,33.20636699,32.06552523,33.08822521,32.14904008,33.08427822,32.14967767,33.08334631,32.14553284,33.0872933,32.14489525,636,687,655,710,437
ow,ow-0175.jpg,ow-0175.xml,ow-0175-09-000478,S1_20190406_035117_035258_VV_0,2019-04-06T03:51:17,2019-04-06T03:52:58,S1A_IW_GRDH_1SDV_20190406T035207_20190406T035232_026664_02FE02_3AA5.SAFE,1032,1032,33.24818102,32.25150192,33.03379712,32.28613301,32.99198309,32.10015632,33.20636699,32.06552523,33.09177732,32.14473118,33.08907675,32.14516743,33.0885095,32.14264449,33.09121007,32.14220824,615,707,628,721,182
ow,ow-0176.jpg,ow-0176.xml,ow-0176-01-000479,S1_20190406_035117_035258_VV_3,2019-04-06T03:51:17,2019-04-06T03:52:58,S1A_IW_GRDH_1SDV_20190406T035142_20190406T035207_026664_02FE02_BB0A.SAFE,640,640,33.32485783,34.25787106,33.18802867,34.27897014,33.16228259,34.16365559,33.29911175,34.14255651,33.25154033,34.21773515,33.23935398,34.21961429,33.23589435,34.20411889,33.2480807,34.20223976,291,276,348,362,4902
ow,ow-0177.jpg,ow-0177.xml,ow-0177-01-000480,S1_20190406_035117_035258_VV_4,2019-04-06T03:51:17,2019-04-06T03:52:58,S1A_IW_GRDH_1SDV_20190406T035207_20190406T035232_026664_02FE02_3AA5.SAFE;S1A_IW_GRDH_1SDV_20190406T035142_20190406T035207_026664_02FE02_BB0A.SAFE,640,640,32.4592842,33.03213679,32.32412864,33.05269331,32.29895157,32.93743862,32.43410714,32.9168821,32.38134359,32.98798449,32.37711998,32.98862688,32.37605782,32.98376457,32.38028144,32.98312218,313,301,333,328,540
ow,ow-0178.jpg,ow-0178.xml,ow-0178-01-000481,S1_20190406_035117_035258_VV_5,2019-04-06T03:51:17,2019-04-06T03:52:58,S1A_IW_GRDH_1SDV_20190406T035207_20190406T035232_026664_02FE02_3AA5.SAFE,640,640,33.03330606,32.71591913,32.8993336,32.73708969,32.87359089,32.62177755,33.00756335,32.60060698,32.95418892,32.67022358,32.94832763,32.6711498,32.9474025,32.66700577,32.95326379,32.66607955,318,312,346,335,644
ow,ow-0178.jpg,ow-0178.xml,ow-0178-02-000482,S1_20190406_035117_035258_VV_5,2019-04-06T03:51:17,2019-04-06T03:52:58,S1A_IW_GRDH_1SDV_20190406T035207_20190406T035232_026664_02FE02_3AA5.SAFE,640,640,33.03330606,32.71591913,32.8993336,32.73708969,32.87359089,32.62177755,33.00756335,32.60060698,32.96083089,32.67085279,32.95266694,32.67214287,32.95178203,32.66817902,32.95994598,32.66688894,288,303,327,325,858
ow,ow-0179.jpg,ow-0179.xml,ow-0179-01-000483,S1_20190406_035117_035258_VV_6,2019-04-06T03:51:17,2019-04-06T03:52:58,S1A_IW_GRDH_1SDV_20190406T035207_20190406T035232_026664_02FE02_3AA5.SAFE,640,640,32.83748169,31.91562168,32.70440639,31.93681875,32.67881128,31.82149351,32.81188658,31.80029643,32.77073445,31.87289574,32.75139695,31.87597594,32.74891742,31.86480381,32.76825493,31.86172361,266,286,359,348,5766
ow,ow-0180.jpg,ow-0180.xml,ow-0180-01-000484,S1_20190406_035117_035258_VV_7,2019-04-06T03:51:17,2019-04-06T03:52:58,S1A_IW_GRDH_1SDV_20190406T035232_20190406T035258_026664_02FE02_55D2.SAFE,640,640,32.31959889,31.41854211,32.18722001,31.43935665,32.16220052,31.32403784,32.2945794,31.30322329,32.2068399,31.34049687,32.18015728,31.3446923,32.17734259,31.33171893,32.2040252,31.3275235,448,514,577,586,9288
ow,ow-0180.jpg,ow-0180.xml,ow-0180-02-000485,S1_20190406_035117_035258_VV_7,2019-04-06T03:51:17,2019-04-06T03:52:58,S1A_IW_GRDH_1SDV_20190406T035232_20190406T035258_026664_02FE02_55D2.SAFE,640,640,32.31959889,31.41854211,32.18722001,31.43935665,32.16220052,31.32403784,32.2945794,31.30322329,32.30479232,31.4104356,32.26962918,31.41596446,32.26685358,31.40317128,32.30201672,31.39764242,61,56,231,127,12070
ow,ow-0181.jpg,ow-0181.xml,ow-0181-01-000486,S1_20190406_153942_154057_VV_2,2019-04-06T15:39:42,2019-04-06T15:40:57,S1B_IW_GRDH_1SDV_20190406T154032_20190406T154057_015688_01D6ED_B234.SAFE,640,640,34.3072892,33.79849584,34.44322867,33.81918175,34.41774522,33.93434674,34.28180574,33.91366084,34.40409632,33.88986079,34.41429178,33.89141223,34.41249997,33.89950977,34.40230451,33.89795833,533,412,581,457,2160
ow,ow-0181.jpg,ow-0181.xml,ow-0181-02-000487,S1_20190406_153942_154057_VV_2,2019-04-06T15:39:42,2019-04-06T15:40:57,S1B_IW_GRDH_1SDV_20190406T154032_20190406T154057_015688_01D6ED_B234.SAFE,640,640,34.3072892,33.79849584,34.44322867,33.81918175,34.41774522,33.93434674,34.28180574,33.91366084,34.30499606,33.87831479,34.32814826,33.88183786,34.32667499,33.88849583,34.3035228,33.88497277,70,431,179,468,4033
ow,ow-0181.jpg,ow-0181.xml,ow-0181-03-000488,S1_20190406_153942_154057_VV_2,2019-04-06T15:39:42,2019-04-06T15:40:57,S1B_IW_GRDH_1SDV_20190406T154032_20190406T154057_015688_01D6ED_B234.SAFE,640,640,34.3072892,33.79849584,34.44322867,33.81918175,34.41774522,33.93434674,34.28180574,33.91366084,34.34210043,33.87931085,34.39520179,33.88739128,34.39253399,33.89944762,34.33943263,33.89136719,240,406,490,473,16750
ow,ow-0182.jpg,ow-0182.xml,ow-0182-01-000489,S1_20190406_153942_154057_VV_3,2019-04-06T15:39:42,2019-04-06T15:40:57,S1B_IW_GRDH_1SDV_20190406T154032_20190406T154057_015688_01D6ED_B234.SAFE,640,640,34.02129263,33.85704802,34.15709906,33.87803233,34.13124779,33.99320803,33.99544136,33.97222372,34.07614958,33.92957827,34.08527408,33.93098815,34.0834968,33.93890648,34.07437231,33.93749659,324,344,367,388,1892
ow,ow-0182.jpg,ow-0182.xml,ow-0182-02-000490,S1_20190406_153942_154057_VV_3,2019-04-06T15:39:42,2019-04-06T15:40:57,S1B_IW_GRDH_1SDV_20190406T154032_20190406T154057_015688_01D6ED_B234.SAFE,640,640,34.02129263,33.85704802,34.15709906,33.87803233,34.13124779,33.99320803,33.99544136,33.97222372,34.10674642,33.93411977,34.11014158,33.93464438,34.10905098,33.93950336,34.10565582,33.93897875,468,343,484,370,432
ow,ow-0182.jpg,ow-0182.xml,ow-0182-03-000491,S1_20190406_153942_154057_VV_3,2019-04-06T15:39:42,2019-04-06T15:40:57,S1B_IW_GRDH_1SDV_20190406T154032_20190406T154057_015688_01D6ED_B234.SAFE,640,640,34.02129263,33.85704802,34.15709906,33.87803233,34.13124779,33.99320803,33.99544136,33.97222372,34.09948217,33.94007305,34.10372612,33.94072881,34.10283748,33.94468798,34.09859353,33.94403222,441,381,461,403,440
ow,ow-0182.jpg,ow-0182.xml,ow-0182-04-000492,S1_20190406_153942_154057_VV_3,2019-04-06T15:39:42,2019-04-06T15:40:57,S1B_IW_GRDH_1SDV_20190406T154032_20190406T154057_015688_01D6ED_B234.SAFE,640,640,34.02129263,33.85704802,34.15709906,33.87803233,34.13124779,33.99320803,33.99544136,33.97222372,34.05453668,33.93294204,34.05687085,33.93330271,34.05650732,33.93492237,34.05417315,33.9345617,229,380,240,389,99
ow,ow-0182.jpg,ow-0182.xml,ow-0182-05-000493,S1_20190406_153942_154057_VV_3,2019-04-06T15:39:42,2019-04-06T15:40:57,S1B_IW_GRDH_1SDV_20190406T154032_20190406T154057_015688_01D6ED_B234.SAFE,640,640,34.02129263,33.85704802,34.15709906,33.87803233,34.13124779,33.99320803,33.99544136,33.97222372,34.045459,33.90491231,34.04673218,33.90510904,34.04644943,33.90636877,34.04517625,33.90617204,159,237,165,244,42
ow,ow-0182.jpg,ow-0182.xml,ow-0182-06-000494,S1_20190406_153942_154057_VV_3,2019-04-06T15:39:42,2019-04-06T15:40:57,S1B_IW_GRDH_1SDV_20190406T154032_20190406T154057_015688_01D6ED_B234.SAFE,640,640,34.02129263,33.85704802,34.15709906,33.87803233,34.13124779,33.99320803,33.99544136,33.97222372,34.08639647,33.93674768,34.09042822,33.93737065,34.08990312,33.93971016,34.08587137,33.93908718,378,374,397,387,247
ow,ow-0182.jpg,ow-0182.xml,ow-0182-07-000495,S1_20190406_153942_154057_VV_3,2019-04-06T15:39:42,2019-04-06T15:40:57,S1B_IW_GRDH_1SDV_20190406T154032_20190406T154057_015688_01D6ED_B234.SAFE,640,640,34.02129263,33.85704802,34.15709906,33.87803233,34.13124779,33.99320803,33.99544136,33.97222372,34.09564214,33.93761767,34.09840071,33.93804392,34.09783521,33.94056339,34.09507665,33.94013714,421,371,434,385,182
ow,ow-0183.jpg,ow-0183.xml,ow-0183-01-000496,S1_20190406_153942_154057_VV_4,2019-04-06T15:39:42,2019-04-06T15:40:57,S1B_IW_GRDH_1SDV_20190406T154032_20190406T154057_015688_01D6ED_B234.SAFE,640,640,34.16930792,33.89630247,34.30518087,33.91713758,34.27951351,34.03230761,34.14364055,34.0114725,34.21790258,33.9590267,34.235099,33.96166364,34.23369532,33.967962,34.21649889,33.96532506,285,297,366,332,2835
ow,ow-0184.jpg,ow-0184.xml,ow-0184-01-000497,S1_20190406_153942_154057_VV_5,2019-04-06T15:39:42,2019-04-06T15:40:57,S1B_IW_GRDH_1SDV_20190406T154032_20190406T154057_015688_01D6ED_B234.SAFE,640,640,34.29754988,33.97414621,34.43421541,33.99480835,34.40862103,34.10995827,34.2719555,34.08929612,34.34971935,34.03038525,34.36060988,34.03203176,34.3573306,34.04678534,34.34644007,34.04513883,293,260,344,342,4182
ow,ow-0185.jpg,ow-0185.xml,ow-0185-01-000498,S1_20190407_034234_034349_VV_2,2019-04-07T03:42:34,2019-04-07T03:43:49,S1B_IW_GRDH_1SDV_20190407T034259_20190407T034324_015695_01D728_6F12.SAFE,640,640,33.27237406,33.60798281,33.1367738,33.62705671,33.11408181,33.51186822,33.24968208,33.49279432,33.19587767,33.56121752,33.18930953,33.56214141,33.18856495,33.55836179,33.19513309,33.5574379,309,311,340,332,651
ow,ow-0186.jpg,ow-0186.xml,ow-0186-01-000499,S1_20190408_033454_033634_VV_0,2019-04-08T03:34:54,2019-04-08T03:36:34,S1A_IW_GRDH_1SDV_20190408T033454_20190408T033519_026693_02FF08_729E.SAFE,640,640,35.454512,34.69788913,35.31728148,34.71679724,35.29328231,34.60173399,35.43051282,34.58282588,35.38525172,34.68098377,35.37495943,34.68240188,35.36367232,34.6282862,35.37396461,34.62686809,298,143,346,444,14448
ow,ow-0187.jpg,ow-0187.xml,ow-0187-01-000500,S1_20190410_155637_155817_VV_5,2019-04-10T15:56:37,2019-04-10T15:58:17,S1A_IW_GRDH_1SDV_20190410T155702_20190410T155727_026730_030069_18D5.SAFE,640,640,32.03539157,31.63560195,32.16870147,31.65508881,32.14521603,31.77048834,32.01190613,31.75100148,32.08738342,31.68999229,32.09654847,31.69133201,32.09570446,31.69547918,32.08653941,31.69413946,294,252,338,275,1012
ow,ow-0187.jpg,ow-0187.xml,ow-0187-02-000501,S1_20190410_155637_155817_VV_5,2019-04-10T15:56:37,2019-04-10T15:58:17,S1A_IW_GRDH_1SDV_20190410T155702_20190410T155727_026730_030069_18D5.SAFE,640,640,32.03539157,31.63560195,32.16870147,31.65508881,32.14521603,31.77048834,32.01190613,31.75100148,32.08824777,31.70998596,32.10324513,31.71217823,32.1007498,31.72443943,32.08575244,31.72224716,317,359,389,427,4896
ow,ow-0187.jpg,ow-0187.xml,ow-0187-03-000502,S1_20190410_155637_155817_VV_5,2019-04-10T15:56:37,2019-04-10T15:58:17,S1A_IW_GRDH_1SDV_20190410T155702_20190410T155727_026730_030069_18D5.SAFE,640,640,32.03539157,31.63560195,32.16870147,31.65508881,32.14521603,31.77048834,32.01190613,31.75100148,32.08444033,31.68232072,32.08839797,31.68289923,32.08788422,31.6854236,32.08392658,31.68484508,273,213,292,227,266
ow,ow-0188.jpg,ow-0188.xml,ow-0188-01-000503,S1_20190410_155637_155817_VV_7,2019-04-10T15:56:37,2019-04-10T15:58:17,S1A_IW_GRDH_1SDV_20190410T155702_20190410T155727_026730_030069_18D5.SAFE,640,640,29.96560228,31.49668889,30.09800074,31.51832846,30.07192456,31.63385782,29.9395261,31.61221825,30.01734344,31.56111062,30.02375649,31.56215879,30.0220045,31.56992092,30.01559145,31.56887275,309,299,340,342,1333
ow,ow-0189.jpg,ow-0189.xml,ow-0189-01-000504,S1_20190411_154746_154926_VV_1,2019-04-11T15:47:46,2019-04-11T15:49:26,S1B_IW_GRDH_1SDV_20190411T154811_20190411T154836_015761_01D947_1908.SAFE,640,640,32.65031409,31.35787695,32.78244997,31.37884951,32.75725521,31.49409613,32.62511934,31.47312357,32.74711968,31.3987679,32.74980369,31.3991939,32.74893762,31.4031555,32.74625361,31.4027295,495,137,508,159,286
ow,ow-0189.jpg,ow-0189.xml,ow-0189-02-000505,S1_20190411_154746_154926_VV_1,2019-04-11T15:47:46,2019-04-11T15:49:26,S1B_IW_GRDH_1SDV_20190411T154811_20190411T154836_015761_01D947_1908.SAFE,640,640,32.65031409,31.35787695,32.78244997,31.37884951,32.75725521,31.49409613,32.62511934,31.47312357,32.65944791,31.44801552,32.66171899,31.44837599,32.66081356,31.45251767,32.65854247,31.4521572,135,476,146,499,253
ow,ow-0190.jpg,ow-0190.xml,ow-0190-01-000506,S1_20190411_154746_154926_VV_2,2019-04-11T15:47:46,2019-04-11T15:49:26,S1B_IW_GRDH_1SDV_20190411T154811_20190411T154836_015761_01D947_1908.SAFE,640,640,32.27192138,31.34100034,32.40393952,31.36224444,32.37841974,31.4775031,32.2464016,31.456259,32.31133454,31.39937842,32.31257221,31.39957758,32.31209372,31.40173868,32.31085605,31.40153952,245,279,251,291,72
ow,ow-0190.jpg,ow-0190.xml,ow-0190-02-000507,S1_20190411_154746_154926_VV_2,2019-04-11T15:47:46,2019-04-11T15:49:26,S1B_IW_GRDH_1SDV_20190411T154811_20190411T154836_015761_01D947_1908.SAFE,640,640,32.27192138,31.34100034,32.40393952,31.36224444,32.37841974,31.4775031,32.2464016,31.456259,32.3373617,31.41401112,32.34107471,31.41460861,32.33991834,31.41983127,32.33620533,31.41923378,382,335,400,364,522
ow,ow-0190.jpg,ow-0190.xml,ow-0190-03-000508,S1_20190411_154746_154926_VV_2,2019-04-11T15:47:46,2019-04-11T15:49:26,S1B_IW_GRDH_1SDV_20190411T154811_20190411T154836_015761_01D947_1908.SAFE,640,640,32.27192138,31.34100034,32.40393952,31.36224444,32.37841974,31.4775031,32.2464016,31.456259,32.32501106,31.40997209,32.32893035,31.41060277,32.32825248,31.41366433,32.32433319,31.41303365,320,324,339,341,323
ow,ow-0190.jpg,ow-0190.xml,ow-0190-04-000509,S1_20190411_154746_154926_VV_2,2019-04-11T15:47:46,2019-04-11T15:49:26,S1B_IW_GRDH_1SDV_20190411T154811_20190411T154836_015761_01D947_1908.SAFE,640,640,32.27192138,31.34100034,32.40393952,31.36224444,32.37841974,31.4775031,32.2464016,31.456259,32.31838253,31.40517527,32.3243646,31.4061379,32.32312849,31.41172074,32.31714642,31.41075812,284,304,313,335,899
ow,ow-0190.jpg,ow-0190.xml,ow-0190-05-000510,S1_20190411_154746_154926_VV_2,2019-04-11T15:47:46,2019-04-11T15:49:26,S1B_IW_GRDH_1SDV_20190411T154811_20190411T154836_015761_01D947_1908.SAFE,640,640,32.27192138,31.34100034,32.40393952,31.36224444,32.37841974,31.4775031,32.2464016,31.456259,32.36830432,31.44696658,32.3713985,31.44746448,32.36948451,31.45610888,32.36639034,31.45561098,561,485,576,533,720
ow,ow-0191.jpg,ow-0191.xml,ow-0191-01-000511,S1_20190411_154746_154926_VV_4,2019-04-11T15:47:46,2019-04-11T15:49:26,S1B_IW_GRDH_1SDV_20190411T154811_20190411T154836_015761_01D947_1908.SAFE,640,640,32.02330958,31.56211906,32.15606046,31.58361358,32.1301608,31.69887662,31.99740992,31.6773821,32.07471648,31.62513141,32.08239114,31.62637406,32.07996305,31.63717997,32.07228839,31.63593732,305,293,342,353,2220
ow,ow-0191.jpg,ow-0191.xml,ow-0191-02-000512,S1_20190411_154746_154926_VV_4,2019-04-11T15:47:46,2019-04-11T15:49:26,S1B_IW_GRDH_1SDV_20190411T154811_20190411T154836_015761_01D947_1908.SAFE,640,640,32.02330958,31.56211906,32.15606046,31.58361358,32.1301608,31.69887662,31.99740992,31.6773821,32.07846027,31.62760409,32.08343842,31.62841014,32.08202204,31.63471359,32.07704388,31.63390754,325,303,349,338,840
ow,ow-0191.jpg,ow-0191.xml,ow-0191-03-000513,S1_20190411_154746_154926_VV_4,2019-04-11T15:47:46,2019-04-11T15:49:26,S1B_IW_GRDH_1SDV_20190411T154811_20190411T154836_015761_01D947_1908.SAFE,640,640,32.02330958,31.56211906,32.15606046,31.58361358,32.1301608,31.69887662,31.99740992,31.6773821,32.07107397,31.62603483,32.07563728,31.6267737,32.07413995,31.63343735,32.06957664,31.63269848,289,301,311,338,814
ow,ow-0192.jpg,ow-0192.xml,ow-0192-01-000514,S1_20190411_154746_154926_VV_5,2019-04-11T15:47:46,2019-04-11T15:49:26,S1B_IW_GRDH_1SDV_20190411T154836_20190411T154901_015761_01D947_D398.SAFE,640,640,31.69446346,32.87722832,31.82892927,32.89883012,31.8025397,33.01405959,31.66807389,32.99245779,31.73333672,32.92435405,31.7688441,32.93005827,31.76051489,32.96642757,31.72500751,32.96072335,228,219,397,421,34138
ow,ow-0193.jpg,ow-0193.xml,ow-0193-01-000515,S1_20190411_154746_154926_VV_6,2019-04-11T15:47:46,2019-04-11T15:49:26,S1B_IW_GRDH_1SDV_20190411T154836_20190411T154901_015761_01D947_D398.SAFE,640,640,33.01902378,33.20347393,33.1541281,33.22361454,33.12951333,33.33878525,32.99440901,33.31864465,33.07837518,33.27229885,33.08829691,33.27377793,33.08575851,33.28565491,33.07583679,33.28417583,340,323,387,389,3102
ow,ow-0193.jpg,ow-0193.xml,ow-0193-02-000516,S1_20190411_154746_154926_VV_6,2019-04-11T15:47:46,2019-04-11T15:49:26,S1B_IW_GRDH_1SDV_20190411T154836_20190411T154901_015761_01D947_D398.SAFE,640,640,33.01902378,33.20347393,33.1541281,33.22361454,33.12951333,33.33878525,32.99440901,33.31864465,33.06398795,33.25604181,33.07053206,33.25701737,33.06891672,33.26457545,33.0623726,33.26359989,258,247,289,289,1302
ow,ow-0194.jpg,ow-0194.xml,ow-0194-01-000517,S1_20190411_154746_154926_VV_7,2019-04-11T15:47:46,2019-04-11T15:49:26,S1B_IW_GRDH_1SDV_20190411T154836_20190411T154901_015761_01D947_D398.SAFE,640,640,33.38990917,33.51497591,33.52614855,33.53461901,33.50196998,33.64973559,33.3657306,33.6300925,33.3917119,33.57008956,33.39405351,33.57042718,33.39378906,33.57168627,33.39144745,33.57134865,61,296,72,303,77
ow,ow-0194.jpg,ow-0194.xml,ow-0194-02-000518,S1_20190411_154746_154926_VV_7,2019-04-11T15:47:46,2019-04-11T15:49:26,S1B_IW_GRDH_1SDV_20190411T154836_20190411T154901_015761_01D947_D398.SAFE,640,640,33.38990917,33.51497591,33.52614855,33.53461901,33.50196998,33.64973559,33.3657306,33.6300925,33.49467393,33.59049421,33.50318889,33.5917219,33.50228219,33.59603877,33.49376723,33.59481108,550,326,590,350,960
ow,ow-0195.jpg,ow-0195.xml,ow-0195-01-000519,S1_20190411_154746_154926_VV_8,2019-04-11T15:47:46,2019-04-11T15:49:26,S1B_IW_GRDH_1SDV_20190411T154836_20190411T154901_015761_01D947_D398.SAFE,640,640,31.99359394,33.42596738,32.12925368,33.44696154,32.10341898,33.56214941,31.96775923,33.54115525,32.08395671,33.52375418,32.09794662,33.5259192,32.09613012,33.53401835,32.0821402,33.53185333,512,450,578,495,2970
ow,ow-0195.jpg,ow-0195.xml,ow-0195-02-000520,S1_20190411_154746_154926_VV_8,2019-04-11T15:47:46,2019-04-11T15:49:26,S1B_IW_GRDH_1SDV_20190411T154836_20190411T154901_015761_01D947_D398.SAFE,640,640,31.99359394,33.42596738,32.12925368,33.44696154,32.10341898,33.56214941,31.96775923,33.54115525,32.02662201,33.46255121,32.04379145,33.46520829,32.04044101,33.48014671,32.02327157,33.47748964,188,169,269,252,6723
ow,ow-0195.jpg,ow-0195.xml,ow-0195-03-000521,S1_20190411_154746_154926_VV_8,2019-04-11T15:47:46,2019-04-11T15:49:26,S1B_IW_GRDH_1SDV_20190411T154836_20190411T154901_015761_01D947_D398.SAFE,640,640,31.99359394,33.42596738,32.12925368,33.44696154,32.10341898,33.56214941,31.96775923,33.54115525,32.09609988,33.53513104,32.10797011,33.53696803,32.10659764,33.54308738,32.09472741,33.54125039,579,501,635,535,1904
ow,ow-0195.jpg,ow-0195.xml,ow-0195-04-000522,S1_20190411_154746_154926_VV_8,2019-04-11T15:47:46,2019-04-11T15:49:26,S1B_IW_GRDH_1SDV_20190411T154836_20190411T154901_015761_01D947_D398.SAFE,640,640,31.99359394,33.42596738,32.12925368,33.44696154,32.10341898,33.56214941,31.96775923,33.54115525,31.99150535,33.44408074,32.02054501,33.4485748,32.01816338,33.45919368,31.98912371,33.45469962,9,99,146,158,8083
ow,ow-0196.jpg,ow-0196.xml,ow-0196-01-000523,S1_20190412_035040_035219_VV_0,2019-04-12T03:50:40,2019-04-12T03:52:19,S1B_IW_GRDH_1SDV_20190412T035105_20190412T035130_015768_01D985_01C9.SAFE,894,894,33.19217321,33.33456366,33.00296797,33.36409171,32.96667594,33.20315139,33.15588118,33.17362335,33.16461955,33.33867743,33.11975209,33.3456796,33.08918397,33.21012249,33.13405143,33.20312032,130,1,342,754,159636
ow,ow-0197.jpg,ow-0197.xml,ow-0197-01-000524,S1_20190412_035040_035219_VV_2,2019-04-12T03:50:40,2019-04-12T03:52:19,S1B_IW_GRDH_1SDV_20190412T035040_20190412T035105_015768_01D985_9F88.SAFE,640,640,32.38416967,34.74405954,32.24625524,34.76390857,32.22222478,34.64868174,32.3601392,34.62883271,32.31521247,34.7295052,32.24129896,34.74014304,32.23270056,34.69891344,32.30661407,34.6882756,297,132,640,361,78547
ow,ow-0198.jpg,ow-0198.xml,ow-0198-01-000525,S1_20190412_035040_035219_VV_3,2019-04-12T03:50:40,2019-04-12T03:52:19,S1B_IW_GRDH_1SDV_20190412T035105_20190412T035130_015768_01D985_01C9.SAFE,640,640,33.29179585,33.41832799,33.15641258,33.43961463,33.1302506,33.32439518,33.26563387,33.30310854,33.16260767,33.34242836,33.13531948,33.34671895,33.1302506,33.32439518,33.15753879,33.32010459,511,516,640,640,15996
ow,ow-0198.jpg,ow-0198.xml,ow-0198-02-000526,S1_20190412_035040_035219_VV_3,2019-04-12T03:50:40,2019-04-12T03:52:19,S1B_IW_GRDH_1SDV_20190412T035105_20190412T035130_015768_01D985_01C9.SAFE,640,640,33.29179585,33.41832799,33.15641258,33.43961463,33.1302506,33.32439518,33.26563387,33.30310854,33.25200327,33.39456498,33.21456133,33.40045206,33.19498072,33.3142175,33.23242266,33.30833042,157,161,334,640,84783
ow,ow-0198.jpg,ow-0198.xml,ow-0198-03-000527,S1_20190412_035040_035219_VV_3,2019-04-12T03:50:40,2019-04-12T03:52:19,S1B_IW_GRDH_1SDV_20190412T035105_20190412T035130_015768_01D985_01C9.SAFE,640,640,33.29179585,33.41832799,33.15641258,33.43961463,33.1302506,33.32439518,33.26563387,33.30310854,33.18543278,33.41882989,33.15285618,33.42395199,33.14280017,33.37966451,33.17537677,33.37454241,486,87,640,333,37884
ow,ow-0199.jpg,ow-0199.xml,ow-0199-01-000528,S1_20190412_035040_035219_VV_4,2019-04-12T03:50:40,2019-04-12T03:52:19,S1B_IW_GRDH_1SDV_20190412T035105_20190412T035130_015768_01D985_01C9.SAFE,640,640,32.93127943,33.35651352,32.79569915,33.37735522,32.77008049,33.26215076,32.90566077,33.24130905,32.85780387,33.32461914,32.85377883,33.32523788,32.85257796,33.31983767,32.856603,33.31921893,303,232,322,262,570
ow,ow-0199.jpg,ow-0199.xml,ow-0199-02-000529,S1_20190412_035040_035219_VV_4,2019-04-12T03:50:40,2019-04-12T03:52:19,S1B_IW_GRDH_1SDV_20190412T035105_20190412T035130_015768_01D985_01C9.SAFE,640,640,32.93127943,33.35651352,32.79569915,33.37735522,32.77008049,33.26215076,32.90566077,33.24130905,32.88225954,33.31341335,32.82590899,33.32207568,32.82030491,33.29687471,32.87665546,33.28821237,180,272,446,412,37240
ow,ow-0200.jpg,ow-0200.xml,ow-0200-01-000530,S1_20190412_035040_035219_VV_5,2019-04-12T03:50:40,2019-04-12T03:52:19,S1B_IW_GRDH_1SDV_20190412T035105_20190412T035130_015768_01D985_01C9.SAFE,640,640,32.81379815,32.97081655,32.67920578,32.9918348,32.6535521,32.87660798,32.78814447,32.85558973,32.73996941,32.95980333,32.72945438,32.96144539,32.72660843,32.94866241,32.73712346,32.94702036,328,121,378,192,3550
ow,ow-0200.jpg,ow-0200.xml,ow-0200-02-000531,S1_20190412_035040_035219_VV_5,2019-04-12T03:50:40,2019-04-12T03:52:19,S1B_IW_GRDH_1SDV_20190412T035105_20190412T035130_015768_01D985_01C9.SAFE,640,640,32.81379815,32.97081655,32.67920578,32.9918348,32.6535521,32.87660798,32.78814447,32.85558973,32.75020553,32.96863772,32.738639,32.97044398,32.73627405,32.95982151,32.74784058,32.95801525,290,65,345,124,3245
ow,ow-0200.jpg,ow-0200.xml,ow-0200-03-000532,S1_20190412_035040_035219_VV_5,2019-04-12T03:50:40,2019-04-12T03:52:19,S1B_IW_GRDH_1SDV_20190412T035105_20190412T035130_015768_01D985_01C9.SAFE,640,640,32.81379815,32.97081655,32.67920578,32.9918348,32.6535521,32.87660798,32.78814447,32.85558973,32.73006478,32.88794727,32.72606907,32.88857125,32.72510706,32.88425024,32.72910277,32.88362626,300,515,319,539,456
ow,ow-0200.jpg,ow-0200.xml,ow-0200-04-000533,S1_20190412_035040_035219_VV_5,2019-04-12T03:50:40,2019-04-12T03:52:19,S1B_IW_GRDH_1SDV_20190412T035105_20190412T035130_015768_01D985_01C9.SAFE,640,640,32.81379815,32.97081655,32.67920578,32.9918348,32.6535521,32.87660798,32.78814447,32.85558973,32.74924949,32.93599796,32.73852416,32.93767285,32.73647988,32.92849071,32.74720521,32.92681582,261,241,312,292,2601
ow,ow-0200.jpg,ow-0200.xml,ow-0200-05-000534,S1_20190412_035040_035219_VV_5,2019-04-12T03:50:40,2019-04-12T03:52:19,S1B_IW_GRDH_1SDV_20190412T035105_20190412T035130_015768_01D985_01C9.SAFE,640,640,32.81379815,32.97081655,32.67920578,32.9918348,32.6535521,32.87660798,32.78814447,32.85558973,32.7390913,32.91187467,32.73299258,32.91282706,32.73126898,32.90508526,32.73736769,32.90413287,283,379,312,422,1247
ow,ow-0200.jpg,ow-0200.xml,ow-0200-06-000535,S1_20190412_035040_035219_VV_5,2019-04-12T03:50:40,2019-04-12T03:52:19,S1B_IW_GRDH_1SDV_20190412T035105_20190412T035130_015768_01D985_01C9.SAFE,640,640,32.81379815,32.97081655,32.67920578,32.9918348,32.6535521,32.87660798,32.78814447,32.85558973,32.72586809,32.8837588,32.72250329,32.88428425,32.72089993,32.87708258,32.72426474,32.87655712,315,541,331,581,640
ow,ow-0200.jpg,ow-0200.xml,ow-0200-07-000536,S1_20190412_035040_035219_VV_5,2019-04-12T03:50:40,2019-04-12T03:52:19,S1B_IW_GRDH_1SDV_20190412T035105_20190412T035130_015768_01D985_01C9.SAFE,640,640,32.81379815,32.97081655,32.67920578,32.9918348,32.6535521,32.87660798,32.78814447,32.85558973,32.72954313,32.88169448,32.72512682,32.88238414,32.7244454,32.87932343,32.72886171,32.87863377,296,549,317,566,357
ow,ow-0200.jpg,ow-0200.xml,ow-0200-08-000537,S1_20190412_035040_035219_VV_5,2019-04-12T03:50:40,2019-04-12T03:52:19,S1B_IW_GRDH_1SDV_20190412T035105_20190412T035130_015768_01D985_01C9.SAFE,640,640,32.81379815,32.97081655,32.67920578,32.9918348,32.6535521,32.87660798,32.78814447,32.85558973,32.74097636,32.92816113,32.73613945,32.92891648,32.73489685,32.92333518,32.73973376,32.92257983,291,290,314,321,713
ow,ow-0200.jpg,ow-0200.xml,ow-0200-09-000538,S1_20190412_035040_035219_VV_5,2019-04-12T03:50:40,2019-04-12T03:52:19,S1B_IW_GRDH_1SDV_20190412T035105_20190412T035130_015768_01D985_01C9.SAFE,640,640,32.81379815,32.97081655,32.67920578,32.9918348,32.6535521,32.87660798,32.78814447,32.85558973,32.74027461,32.92305428,32.7348068,32.92390814,32.73376462,32.91922705,32.73923243,32.91837319,289,318,315,344,676
ow,ow-0201.jpg,ow-0201.xml,ow-0201-01-000539,S1_20190412_035040_035219_VV_6,2019-04-12T03:50:40,2019-04-12T03:52:19,S1B_IW_GRDH_1SDV_20190412T035105_20190412T035130_015768_01D985_01C9.SAFE,640,640,32.75857659,32.86008785,32.62392045,32.88095954,32.59844358,32.76573885,32.73309972,32.74486717,32.68287176,32.82378185,32.66498774,32.82655387,32.65368238,32.77542469,32.6715664,32.77265267,311,258,396,542,24140
ow,ow-0202.jpg,ow-0202.xml,ow-0202-01-000540,S1_20190412_035040_035219_VV_7,2019-04-12T03:50:40,2019-04-12T03:52:19,S1B_IW_GRDH_1SDV_20190412T035105_20190412T035130_015768_01D985_01C9.SAFE,640,640,32.58339765,32.87133015,32.44861493,32.89191012,32.42349167,32.77670246,32.55827439,32.75612249,32.51723537,32.78247737,32.50881145,32.78376361,32.5045719,32.76432232,32.51299582,32.76303607,215,532,255,640,4320
ow,ow-0202.jpg,ow-0202.xml,ow-0202-02-000541,S1_20190412_035040_035219_VV_7,2019-04-12T03:50:40,2019-04-12T03:52:19,S1B_IW_GRDH_1SDV_20190412T035105_20190412T035130_015768_01D985_01C9.SAFE,640,640,32.58339765,32.87133015,32.44861493,32.89191012,32.42349167,32.77670246,32.55827439,32.75612249,32.5275393,32.80378278,32.52311674,32.80445806,32.5220176,32.79941772,32.52644015,32.79874244,189,409,210,437,588
ow,ow-0202.jpg,ow-0202.xml,ow-0202-03-000542,S1_20190412_035040_035219_VV_7,2019-04-12T03:50:40,2019-04-12T03:52:19,S1B_IW_GRDH_1SDV_20190412T035105_20190412T035130_015768_01D985_01C9.SAFE,640,640,32.58339765,32.87133015,32.44861493,32.89191012,32.42349167,32.77670246,32.55827439,32.75612249,32.56625062,32.86055591,32.53065956,32.86599031,32.52716585,32.84996924,32.56275692,32.84453484,68,72,237,161,15041
ow,ow-0202.jpg,ow-0202.xml,ow-0202-04-000543,S1_20190412_035040_035219_VV_7,2019-04-12T03:50:40,2019-04-12T03:52:19,S1B_IW_GRDH_1SDV_20190412T035105_20190412T035130_015768_01D985_01C9.SAFE,640,640,32.58339765,32.87133015,32.44861493,32.89191012,32.42349167,32.77670246,32.55827439,32.75612249,32.43384228,32.79223456,32.42710314,32.79326356,32.42627878,32.78948331,32.43301792,32.78845431,608,548,640,569,672
ow,ow-0203.jpg,ow-0203.xml,ow-0203-01-000544,S1_20190412_035040_035219_VV_9,2019-04-12T03:50:40,2019-04-12T03:52:19,S1B_IW_GRDH_1SDV_20190412T035130_20190412T035155_015768_01D985_E914.SAFE,640,640,33.20679316,31.95987492,33.07414947,31.98136428,33.04827943,31.86608019,33.18092311,31.84459083,33.10957194,31.90375372,33.07951986,31.90862241,33.07325446,31.88070204,33.10330654,31.87583336,394,385,539,540,22475
ow,ow-0203.jpg,ow-0203.xml,ow-0203-02-000545,S1_20190412_035040_035219_VV_9,2019-04-12T03:50:40,2019-04-12T03:52:19,S1B_IW_GRDH_1SDV_20190412T035130_20190412T035155_015768_01D985_E914.SAFE,640,640,33.20679316,31.95987492,33.07414947,31.98136428,33.04827943,31.86608019,33.18092311,31.84459083,33.20094957,31.96063494,33.14934289,31.96899565,33.13636745,31.91117348,33.18797413,31.90281277,28,1,277,322,79929
ow,ow-0204.jpg,ow-0204.xml,ow-0204-01-000546,S1_20190412_154008_154148_VV_0,2019-04-12T15:40:08,2019-04-12T15:41:48,S1A_IW_GRDH_1SDV_20190412T154123_20190412T154148_026759_03016C_2C5E.SAFE,640,640,34.09684156,34.52501971,34.23398785,34.54566974,34.20846486,34.66083321,34.07131856,34.64018317,34.15364292,34.62543036,34.15814303,34.62610793,34.1562288,34.63474519,34.15172869,34.63406762,357,494,378,542,1008
ow,ow-0204.jpg,ow-0204.xml,ow-0204-02-000547,S1_20190412_154008_154148_VV_0,2019-04-12T15:40:08,2019-04-12T15:41:48,S1A_IW_GRDH_1SDV_20190412T154123_20190412T154148_026759_03016C_2C5E.SAFE,640,640,34.09684156,34.52501971,34.23398785,34.54566974,34.20846486,34.66083321,34.07131856,34.64018317,34.15119835,34.58750087,34.15526988,34.58811392,34.15379433,34.5947718,34.1497228,34.59415876,308,292,327,329,703
ow,ow-0204.jpg,ow-0204.xml,ow-0204-03-000548,S1_20190412_154008_154148_VV_0,2019-04-12T15:40:08,2019-04-12T15:41:48,S1A_IW_GRDH_1SDV_20190412T154123_20190412T154148_026759_03016C_2C5E.SAFE,640,640,34.09684156,34.52501971,34.23398785,34.54566974,34.20846486,34.66083321,34.07131856,34.64018317,34.14990979,34.55234871,34.15526707,34.55315535,34.15415044,34.55819375,34.14879316,34.55738711,267,104,292,132,700
ow,ow-0204.jpg,ow-0204.xml,ow-0204-04-000549,S1_20190412_154008_154148_VV_0,2019-04-12T15:40:08,2019-04-12T15:41:48,S1A_IW_GRDH_1SDV_20190412T154123_20190412T154148_026759_03016C_2C5E.SAFE,640,640,34.09684156,34.52501971,34.23398785,34.54566974,34.20846486,34.66083321,34.07131856,34.64018317,34.14223619,34.53501586,34.15059354,34.53627422,34.1487192,34.54473154,34.14036184,34.54347317,215,17,254,64,1833
ow,ow-0205.jpg,ow-0205.xml,ow-0205-01-000550,S1_20190416_155641_155735_VV_0,2019-04-16T15:56:41,2019-04-16T15:57:35,S1B_IW_GRDH_1SDV_20190416T155710_20190416T155735_015834_01DBB3_443C.SAFE,640,640,31.21393483,34.15620479,31.3508545,34.17562743,31.32680118,34.29089675,31.1898815,34.27147411,31.26298138,34.20933673,31.28373327,34.21228047,31.27835885,34.23803596,31.25760697,34.23509222,273,249,370,392,13871
ow,ow-0206.jpg,ow-0206.xml,ow-0206-01-000551,S1_20190422_155638_155818_VV_0,2019-04-22T15:56:38,2019-04-22T15:58:18,S1A_IW_GRDH_1SDV_20190422T155703_20190422T155728_026905_0306B7_01CA.SAFE,2492,2492,30.5512571,31.58574555,31.06823874,31.66666822,30.97070466,32.11637547,30.45372302,32.0354528,30.56180333,31.64393212,30.86074817,31.69072569,30.85659944,31.70985449,30.5576546,31.66306092,108,303,1549,409,152746
ow,ow-0207.jpg,ow-0207.xml,ow-0207-01-000552,S1_20190422_155638_155818_VV_2,2019-04-22T15:56:38,2019-04-22T15:58:18,S1A_IW_GRDH_1SDV_20190422T155753_20190422T155818_026905_0306B7_9E35.SAFE,640,640,31.77924932,34.62040217,31.91734779,34.6392241,31.89382477,34.75451277,31.7557263,34.73569084,31.82627341,34.6725428,31.83296255,34.67345449,31.83208044,34.67777782,31.82539129,34.67686613,260,247,291,271,744
ow,ow-0207.jpg,ow-0207.xml,ow-0207-02-000553,S1_20190422_155638_155818_VV_2,2019-04-22T15:56:38,2019-04-22T15:58:18,S1A_IW_GRDH_1SDV_20190422T155753_20190422T155818_026905_0306B7_9E35.SAFE,640,640,31.77924932,34.62040217,31.91734779,34.6392241,31.89382477,34.75451277,31.7557263,34.73569084,31.82861724,34.68822953,31.87047834,34.69393493,31.86000324,34.74527442,31.81814214,34.73956902,285,330,479,615,55290
ow,ow-0207.jpg,ow-0207.xml,ow-0207-03-000554,S1_20190422_155638_155818_VV_2,2019-04-22T15:56:38,2019-04-22T15:58:18,S1A_IW_GRDH_1SDV_20190422T155753_20190422T155818_026905_0306B7_9E35.SAFE,640,640,31.77924932,34.62040217,31.91734779,34.6392241,31.89382477,34.75451277,31.7557263,34.73569084,31.83716662,34.68328488,31.87255436,34.688108,31.86571798,34.72161377,31.83033025,34.71679065,319,297,483,483,30504
ow,ow-0208.jpg,ow-0208.xml,ow-0208-01-000555,S1_20190423_035928_040108_VV_0,2019-04-23T03:59:28,2019-04-23T04:01:08,S1A_IW_GRDH_1SDV_20190423T040043_20190423T040108_026912_0306F7_63E0.SAFE;S1A_IW_GRDH_1SDV_20190423T040018_20190423T040043_026912_0306F7_E21A.SAFE,640,640,30.26674129,31.66781717,30.13397178,31.6886161,30.10894259,31.57330424,30.24171209,31.55250531,30.19655315,31.62907002,30.184106,31.63101992,30.17996054,31.6119214,30.19240768,31.6099715,288,267,348,373,6360
ow,ow-0209.jpg,ow-0209.xml,ow-0209-01-000556,S1_20190423_154746_154926_VV_1,2019-04-23T15:47:46,2019-04-23T15:49:26,S1B_IW_GRDH_1SDV_20190423T154811_20190423T154836_015936_01DF14_D0D6.SAFE,640,640,32.68934222,31.43049556,32.82147778,31.45146791,32.79628254,31.56671404,32.66414699,31.5457417,32.73988342,31.49441351,32.74855482,31.49578983,32.74694075,31.50317278,32.73826935,31.50179647,302,300,344,341,1722
ow,ow-0210.jpg,ow-0210.xml,ow-0210-01-000557,S1_20190423_154746_154926_VV_2,2019-04-23T15:47:46,2019-04-23T15:49:26,S1B_IW_GRDH_1SDV_20190423T154811_20190423T154836_015936_01DF14_D0D6.SAFE,640,640,31.98284128,31.96610604,32.1155925,31.98760007,32.08969247,32.10286287,31.95694125,32.08136884,32.09548797,32.00245001,32.0983919,32.00292019,32.09786581,32.00526146,32.09496188,32.00479128,562,97,576,110,182
ow,ow-0210.jpg,ow-0210.xml,ow-0210-02-000558,S1_20190423_154746_154926_VV_2,2019-04-23T15:47:46,2019-04-23T15:49:26,S1B_IW_GRDH_1SDV_20190423T154811_20190423T154836_015936_01DF14_D0D6.SAFE,640,640,31.98284128,31.96610604,32.1155925,31.98760007,32.08969247,32.10286287,31.95694125,32.08136884,31.96475681,32.04754398,31.96683104,32.04787982,31.96630495,32.0502211,31.96423071,32.04988525,1,452,11,465,130
ow,ow-0210.jpg,ow-0210.xml,ow-0210-03-000559,S1_20190423_154746_154926_VV_2,2019-04-23T15:47:46,2019-04-23T15:49:26,S1B_IW_GRDH_1SDV_20190423T154811_20190423T154836_015936_01DF14_D0D6.SAFE,640,640,31.98284128,31.96610604,32.1155925,31.98760007,32.08969247,32.10286287,31.95694125,32.08136884,32.04611688,32.03178633,32.06229593,32.03440591,32.05565905,32.06394201,32.03948,32.06132242,363,297,441,461,12792
ow,ow-0210.jpg,ow-0210.xml,ow-0210-04-000560,S1_20190423_154746_154926_VV_2,2019-04-23T15:47:46,2019-04-23T15:49:26,S1B_IW_GRDH_1SDV_20190423T154811_20190423T154836_015936_01DF14_D0D6.SAFE,640,640,31.98284128,31.96610604,32.1155925,31.98760007,32.08969247,32.10286287,31.95694125,32.08136884,32.0109715,32.03990801,32.01677937,32.04084837,32.0160914,32.04391004,32.01028353,32.04296967,208,371,236,388,476
ow,ow-0210.jpg,ow-0210.xml,ow-0210-05-000561,S1_20190423_154746_154926_VV_2,2019-04-23T15:47:46,2019-04-23T15:49:26,S1B_IW_GRDH_1SDV_20190423T154811_20190423T154836_015936_01DF14_D0D6.SAFE,640,640,31.98284128,31.96610604,32.1155925,31.98760007,32.08969247,32.10286287,31.95694125,32.08136884,32.05532074,32.09319136,32.05635786,32.09335928,32.0559127,32.09534036,32.05487558,32.09517244,470,618,475,629,55
ow,ow-0210.jpg,ow-0210.xml,ow-0210-06-000562,S1_20190423_154746_154926_VV_2,2019-04-23T15:47:46,2019-04-23T15:49:26,S1B_IW_GRDH_1SDV_20190423T154811_20190423T154836_015936_01DF14_D0D6.SAFE,640,640,31.98284128,31.96610604,32.1155925,31.98760007,32.08969247,32.10286287,31.95694125,32.08136884,32.05662099,32.09601499,32.05786553,32.0962165,32.05754178,32.09765728,32.05629724,32.09745578,479,632,485,640,48
ow,ow-0211.jpg,ow-0211.xml,ow-0211-01-000563,S1_20190423_154746_154926_VV_3,2019-04-23T15:47:46,2019-04-23T15:49:26,S1B_IW_GRDH_1SDV_20190423T154811_20190423T154836_015936_01DF14_D0D6.SAFE,640,640,32.19526511,32.0012769,32.3281388,32.02249372,32.30257183,32.13774715,32.16969813,32.11653033,32.19047626,32.04806012,32.19213718,32.04832533,32.19177765,32.04994609,32.19011673,32.04968088,26,255,34,264,72
ow,ow-0211.jpg,ow-0211.xml,ow-0211-02-000564,S1_20190423_154746_154926_VV_3,2019-04-23T15:47:46,2019-04-23T15:49:26,S1B_IW_GRDH_1SDV_20190423T154811_20190423T154836_015936_01DF14_D0D6.SAFE,640,640,32.19526511,32.0012769,32.3281388,32.02249372,32.30257183,32.13774715,32.16969813,32.11653033,32.30617126,32.08760414,32.30887026,32.08803511,32.30799139,32.09199695,32.3052924,32.09156598,605,368,618,390,286
ow,ow-0212.jpg,ow-0212.xml,ow-0212-01-000565,S1_20190423_154746_154926_VV_4,2019-04-23T15:47:46,2019-04-23T15:49:26,S1B_IW_GRDH_1SDV_20190423T154811_20190423T154836_015936_01DF14_D0D6.SAFE,640,640,31.85500077,32.06500459,31.9885656,32.0866199,31.96234426,32.20186104,31.82877943,32.18024573,31.87680876,32.09373765,31.88286091,32.09471709,31.88191858,32.09885857,31.87586643,32.09787913,131,135,160,158,667
ow,ow-0212.jpg,ow-0212.xml,ow-0212-02-000566,S1_20190423_154746_154926_VV_4,2019-04-23T15:47:46,2019-04-23T15:49:26,S1B_IW_GRDH_1SDV_20190423T154811_20190423T154836_015936_01DF14_D0D6.SAFE,640,640,31.85500077,32.06500459,31.9885656,32.0866199,31.96234426,32.20186104,31.82877943,32.18024573,31.85804668,32.10582359,31.86514232,32.1069719,31.86366736,32.11345422,31.85657173,32.1123059,57,216,91,252,1224
ow,ow-0213.jpg,ow-0213.xml,ow-0213-01-000567,S1_20190423_154746_154926_VV_6,2019-04-23T15:47:46,2019-04-23T15:49:26,S1B_IW_GRDH_1SDV_20190423T154836_20190423T154901_015936_01DF14_E7F4.SAFE,640,640,33.59989992,33.84007843,33.73632474,33.85926905,33.71270329,33.97435109,33.57627847,33.95516047,33.60741926,33.92845972,33.64152546,33.93325738,33.63624755,33.95897102,33.60214134,33.95417336,117,472,277,615,22880
ow,ow-0213.jpg,ow-0213.xml,ow-0213-02-000568,S1_20190423_154746_154926_VV_6,2019-04-23T15:47:46,2019-04-23T15:49:26,S1B_IW_GRDH_1SDV_20190423T154836_20190423T154901_015936_01DF14_E7F4.SAFE,640,640,33.59989992,33.84007843,33.73632474,33.85926905,33.71270329,33.97435109,33.57627847,33.95516047,33.66016862,33.94180011,33.68169817,33.94482863,33.67896694,33.95813499,33.65743739,33.95510647,370,504,471,578,7474
ow,ow-0213.jpg,ow-0213.xml,ow-0213-03-000569,S1_20190423_154746_154926_VV_6,2019-04-23T15:47:46,2019-04-23T15:49:26,S1B_IW_GRDH_1SDV_20190423T154836_20190423T154901_015936_01DF14_E7F4.SAFE,640,640,33.59989992,33.84007843,33.73632474,33.85926905,33.71270329,33.97435109,33.57627847,33.95516047,33.69062319,33.93553867,33.71982663,33.93964666,33.71488089,33.96374196,33.68567745,33.95963397,503,447,640,581,18358
ow,ow-0214.jpg,ow-0214.xml,ow-0214-01-000570,S1_20190423_154746_154926_VV_7,2019-04-23T15:47:46,2019-04-23T15:49:26,S1B_IW_GRDH_1SDV_20190423T154836_20190423T154901_015936_01DF14_E7F4.SAFE,640,640,33.72355439,33.92148528,33.85997921,33.94067589,33.83635776,34.05575793,33.69993294,34.03656731,33.73992349,33.96781968,33.78426156,33.97405663,33.77809783,34.00408585,33.73375977,33.9978489,118,238,326,405,34736
ow,ow-0215.jpg,ow-0215.xml,ow-0215-01-000571,S1_20190423_154746_154926_VV_8,2019-04-23T15:47:46,2019-04-23T15:49:26,S1B_IW_GRDH_1SDV_20190423T154836_20190423T154901_015936_01DF14_E7F4.SAFE,640,640,33.88124201,33.98904313,34.01762791,34.00790906,33.99437904,34.12296409,33.85799315,34.10409816,33.95181758,34.02245987,33.97802925,34.02608567,33.96259055,34.1024894,33.93637888,34.09886361,353,128,476,553,52275
ow,ow-0216.jpg,ow-0216.xml,ow-0216-01-000572,S1_20190424_035041_035220_VV_0,2019-04-24T03:50:41,2019-04-24T03:52:20,S1B_IW_GRDH_1SDV_20190424T035041_20190424T035106_015943_01DF52_4650.SAFE,640,640,31.90513005,34.69263581,31.76708381,34.71217267,31.74344017,34.59696715,31.88148641,34.57743029,31.85461995,34.69959897,31.84081533,34.70155265,31.83593883,34.67779151,31.84974345,34.67583783,234,1,298,133,8448
ow,ow-0216.jpg,ow-0216.xml,ow-0216-02-000573,S1_20190424_035041_035220_VV_0,2019-04-24T03:50:41,2019-04-24T03:52:20,S1B_IW_GRDH_1SDV_20190424T035041_20190424T035106_015943_01DF52_4650.SAFE,640,640,31.90513005,34.69263581,31.76708381,34.71217267,31.74344017,34.59696715,31.88148641,34.57743029,31.88574084,34.59924186,31.8807798,34.59994396,31.87996705,34.59598377,31.88492809,34.59528167,1,519,24,541,506
ow,ow-0216.jpg,ow-0216.xml,ow-0216-03-000574,S1_20190424_035041_035220_VV_0,2019-04-24T03:50:41,2019-04-24T03:52:20,S1B_IW_GRDH_1SDV_20190424T035041_20190424T035106_015943_01DF52_4650.SAFE,640,640,31.90513005,34.69263581,31.76708381,34.71217267,31.74344017,34.59696715,31.88148641,34.57743029,31.85706738,34.5925561,31.84930227,34.59365505,31.84841564,34.58933484,31.85618074,34.58823589,124,577,160,601,864
ow,ow-0216.jpg,ow-0216.xml,ow-0216-04-000575,S1_20190424_035041_035220_VV_0,2019-04-24T03:50:41,2019-04-24T03:52:20,S1B_IW_GRDH_1SDV_20190424T035041_20190424T035106_015943_01DF52_4650.SAFE,640,640,31.90513005,34.69263581,31.76708381,34.71217267,31.74344017,34.59696715,31.88148641,34.57743029,31.78014458,34.63196902,31.75145684,34.63602902,31.74610008,34.60992777,31.77478782,34.60586777,507,423,640,568,19285
ow,ow-0217.jpg,ow-0217.xml,ow-0217-01-000576,S1_20190424_154008_154148_VV_0,2019-04-24T15:40:08,2019-04-24T15:41:48,S1A_IW_GRDH_1SDV_20190424T154123_20190424T154148_026934_0307C2_8DFF.SAFE,640,640,35.41608267,34.50130909,35.55382984,34.52054476,35.53005091,34.63566435,35.39230374,34.61642867,35.47236012,34.51508995,35.47623426,34.51563095,35.47370775,34.52786241,35.46983361,34.5273214,267,32,285,100,1224
ow,ow-0217.jpg,ow-0217.xml,ow-0217-02-000577,S1_20190424_154008_154148_VV_0,2019-04-24T15:40:08,2019-04-24T15:41:48,S1A_IW_GRDH_1SDV_20190424T154123_20190424T154148_026934_0307C2_8DFF.SAFE,640,640,35.41608267,34.50130909,35.55382984,34.52054476,35.53005091,34.63566435,35.39230374,34.61642867,35.47360575,34.60983098,35.47554282,34.61010148,35.47427956,34.61621721,35.47234249,34.61594671,361,543,370,577,306
ow,ow-0218.jpg,ow-0218.xml,ow-0218-01-000578,S1_20190425_034258_034438_VV_0,2019-04-25T03:42:58,2019-04-25T03:44:38,S1A_IW_GRDH_1SDV_20190425T034413_20190425T034438_026941_030806_CB88.SAFE;S1A_IW_GRDH_1SDV_20190425T034348_20190425T034413_026941_030806_FC8B.SAFE,1661,1661,33.10469499,32.18615839,32.75817151,32.23602391,32.69753211,31.93704895,33.0440556,31.88718343,32.8326188,32.22197626,32.81071334,32.22512851,32.76007707,31.97547272,32.78198253,31.97232047,1301,18,1406,1405,145635
ow,ow-0219.jpg,ow-0219.xml,ow-0219-01-000579,S1_20190425_034258_034438_VV_1,2019-04-25T03:42:58,2019-04-25T03:44:38,S1A_IW_GRDH_1SDV_20190425T034323_20190425T034348_026941_030806_C553.SAFE,640,640,35.42268985,34.55308407,35.28526032,34.57417747,35.25892267,34.45891409,35.3963522,34.43782069,35.34493789,34.51338079,35.33978428,34.5141718,35.33673899,34.50084447,35.3418926,34.50005347,309,277,333,351,1776
ow,ow-0220.jpg,ow-0220.xml,ow-0220-01-000580,S1_20190425_034258_034438_VV_3,2019-04-25T03:42:58,2019-04-25T03:44:38,S1A_IW_GRDH_1SDV_20190425T034323_20190425T034348_026941_030806_C553.SAFE,640,640,35.23571931,34.15065983,35.09920723,34.17161808,35.07262083,34.05643116,35.20913291,34.03547291,35.15813327,34.11784562,35.14896137,34.11925375,35.14185782,34.08847725,35.15102972,34.08706911,317,240,360,411,7353
ow,ow-0221.jpg,ow-0221.xml,ow-0221-01-000581,S1_20190425_034258_034438_VV_4,2019-04-25T03:42:58,2019-04-25T03:44:38,S1A_IW_GRDH_1SDV_20190425T034348_20190425T034413_026941_030806_FC8B.SAFE,640,640,32.91504149,32.33211257,32.7815225,32.35132625,32.75815729,32.23612777,32.89167627,32.21691408,32.83101341,32.30104086,32.82329435,32.30215165,32.80887363,32.23105259,32.8165927,32.2299418,362,233,399,628,14615
ow,ow-0222.jpg,ow-0222.xml,ow-0222-01-000582,S1_20190426_033409_033549_VV_0,2019-04-26T03:34:09,2019-04-26T03:35:49,S1B_IW_GRDH_1SDV_20190426T033434_20190426T033459_015972_01E03C_59CB.SAFE;S1B_IW_GRDH_1SDV_20190426T033409_20190426T033434_015972_01E03C_2784.SAFE,640,640,35.47468343,34.68033428,35.33707248,34.6990914,35.31299669,34.58416569,35.45060764,34.56540857,35.39252227,34.64812902,35.37080554,34.65108913,35.36410946,34.61912542,35.38582619,34.61616531,341,235,442,413,17978
ow,ow-0223.jpg,ow-0223.xml,ow-0223-01-000583,S1_20190427_160450_160630_VV_2,2019-04-27T16:04:50,2019-04-27T16:06:30,S1A_IW_GRDH_1SDV_20190427T160515_20190427T160540_026978_03096D_9164.SAFE,640,640,30.10757701,31.50650171,30.24072158,31.52586484,30.21737035,31.64128742,30.08422578,31.62192429,30.1705609,31.56356014,30.17264129,31.56386269,30.17088995,31.57251938,30.16880956,31.57221683,348,258,358,306,480
ow,ow-0223.jpg,ow-0223.xml,ow-0223-02-000584,S1_20190427_160450_160630_VV_2,2019-04-27T16:04:50,2019-04-27T16:06:30,S1A_IW_GRDH_1SDV_20190427T160515_20190427T160540_026978_03096D_9164.SAFE,640,640,30.10757701,31.50650171,30.24072158,31.52586484,30.21737035,31.64128742,30.08422578,31.62192429,30.1584152,31.51667989,30.16028754,31.51695218,30.15977673,31.51947705,30.15790439,31.51920476,247,15,256,29,126
ow,ow-0223.jpg,ow-0223.xml,ow-0223-03-000585,S1_20190427_160450_160630_VV_2,2019-04-27T16:04:50,2019-04-27T16:06:30,S1A_IW_GRDH_1SDV_20190427T160515_20190427T160540_026978_03096D_9164.SAFE,640,640,30.10757701,31.50650171,30.24072158,31.52586484,30.21737035,31.64128742,30.08422578,31.62192429,30.14216088,31.60231601,30.14424127,31.60261856,30.14383992,31.60460238,30.14175954,31.60429983,252,489,262,500,110
ow,ow-0223.jpg,ow-0223.xml,ow-0223-04-000586,S1_20190427_160450_160630_VV_2,2019-04-27T16:04:50,2019-04-27T16:06:30,S1A_IW_GRDH_1SDV_20190427T160515_20190427T160540_026978_03096D_9164.SAFE,640,640,30.10757701,31.50650171,30.24072158,31.52586484,30.21737035,31.64128742,30.08422578,31.62192429,30.18628108,31.63193912,30.18960969,31.6324232,30.18866105,31.63711224,30.18533244,31.63662817,486,614,502,640,416
ow,ow-0223.jpg,ow-0223.xml,ow-0223-05-000587,S1_20190427_160450_160630_VV_2,2019-04-27T16:04:50,2019-04-27T16:06:30,S1A_IW_GRDH_1SDV_20190427T160515_20190427T160540_026978_03096D_9164.SAFE,640,640,30.10757701,31.50650171,30.24072158,31.52586484,30.21737035,31.64128742,30.08422578,31.62192429,30.22106953,31.61453426,30.22273383,31.6147763,30.22182168,31.61928499,30.22015737,31.61904295,632,493,640,518,200
ow,ow-0224.jpg,ow-0224.xml,ow-0224-01-000588,S1_20190427_160450_160630_VV_3,2019-04-27T16:04:50,2019-04-27T16:06:30,S1A_IW_GRDH_1SDV_20190427T160515_20190427T160540_026978_03096D_9164.SAFE,640,640,30.22000691,31.60602529,30.35315148,31.62538843,30.32980025,31.740811,30.19665568,31.72144787,30.22210654,31.62211123,30.22501907,31.6225348,30.22447178,31.62524001,30.22155924,31.62481644,25,85,39,100,210
ow,ow-0224.jpg,ow-0224.xml,ow-0224-02-000589,S1_20190427_160450_160630_VV_3,2019-04-27T16:04:50,2019-04-27T16:06:30,S1A_IW_GRDH_1SDV_20190427T160515_20190427T160540_026978_03096D_9164.SAFE,640,640,30.22000691,31.60602529,30.35315148,31.62538843,30.32980025,31.740811,30.19665568,31.72144787,30.22110601,31.61435391,30.22277032,31.61459595,30.22185816,31.61910464,30.22019386,31.6188626,13,44,21,69,200
ow,ow-0224.jpg,ow-0224.xml,ow-0224-03-000590,S1_20190427_160450_160630_VV_3,2019-04-27T16:04:50,2019-04-27T16:06:30,S1A_IW_GRDH_1SDV_20190427T160515_20190427T160540_026978_03096D_9164.SAFE,640,640,30.22000691,31.60602529,30.35315148,31.62538843,30.32980025,31.740811,30.19665568,31.72144787,30.20908663,31.66106162,30.21366347,31.66172723,30.21264186,31.66677697,30.20806501,31.66611136,1,305,23,333,616
ow,ow-0224.jpg,ow-0224.xml,ow-0224-04-000591,S1_20190427_160450_160630_VV_3,2019-04-27T16:04:50,2019-04-27T16:06:30,S1A_IW_GRDH_1SDV_20190427T160515_20190427T160540_026978_03096D_9164.SAFE,640,640,30.22000691,31.60602529,30.35315148,31.62538843,30.32980025,31.740811,30.19665568,31.72144787,30.32093114,31.62163091,30.3234276,31.62199397,30.32163977,31.63083101,30.31914331,31.63046795,486,5,498,54,588
ow,ow-0224.jpg,ow-0224.xml,ow-0224-05-000592,S1_20190427_160450_160630_VV_3,2019-04-27T16:04:50,2019-04-27T16:06:30,S1A_IW_GRDH_1SDV_20190427T160515_20190427T160540_026978_03096D_9164.SAFE,640,640,30.22000691,31.60602529,30.35315148,31.62538843,30.32980025,31.740811,30.19665568,31.72144787,30.28591859,31.61579644,30.28924721,31.61628052,30.28797019,31.62259269,30.28464157,31.62210862,317,1,333,36,560
ow,ow-0225.jpg,ow-0225.xml,ow-0225-01-000593,S1_20190428_155611_155636_VV_2,2019-04-28T15:56:11,2019-04-28T15:56:36,S1B_IW_GRDH_1SDV_20190428T155611_20190428T155636_016009_01E182_C2CE.SAFE,640,640,31.76907873,31.82604644,31.90240957,31.84577161,31.87873516,31.96061365,31.74540432,31.94088847,31.81647131,31.88982613,31.83292934,31.89226096,31.83189358,31.8972853,31.81543556,31.89485047,282,307,361,335,2212
ow,ow-0226.jpg,ow-0226.xml,ow-0226-01-000594,S1_20190428_155642_155736_VV_0,2019-04-28T15:56:42,2019-04-28T15:57:36,S1B_IW_GRDH_1SDV_20190428T155711_20190428T155736_016009_01E183_B373.SAFE,640,640,30.69246281,34.45676893,30.82965827,34.47678556,30.80477003,34.59207389,30.66757457,34.57205726,30.72487846,34.51761347,30.75596181,34.52214848,30.7530841,34.5354787,30.72200076,34.53094368,206,302,351,376,10730
ow,ow-0227.jpg,ow-0227.xml,ow-0227-01-000595,S1_20190429_035851_040030_VV_0,2019-04-29T03:58:51,2019-04-29T04:00:30,S1B_IW_GRDH_1SDV_20190429T035851_20190429T035916_016016_01E1C8_1C16.SAFE,640,640,30.60902872,34.62814004,30.47192968,34.64848383,30.44666301,34.53332024,30.58376205,34.51297646,30.55634912,34.58764869,30.54927995,34.58869767,30.54710859,34.5788008,30.55417776,34.57775182,198,260,231,315,1815
ow,ow-0227.jpg,ow-0227.xml,ow-0227-02-000596,S1_20190429_035851_040030_VV_0,2019-04-29T03:58:51,2019-04-29T04:00:30,S1B_IW_GRDH_1SDV_20190429T035851_20190429T035916_016016_01E1C8_1C16.SAFE,640,640,30.60902872,34.62814004,30.47192968,34.64848383,30.44666301,34.53332024,30.58376205,34.51297646,30.50673413,34.58330545,30.50416353,34.5836869,30.50329499,34.57972815,30.50586559,34.57934671,418,323,430,345,264
ow,ow-0227.jpg,ow-0227.xml,ow-0227-03-000597,S1_20190429_035851_040030_VV_0,2019-04-29T03:58:51,2019-04-29T04:00:30,S1B_IW_GRDH_1SDV_20190429T035851_20190429T035916_016016_01E1C8_1C16.SAFE,640,640,30.60902872,34.62814004,30.47192968,34.64848383,30.44666301,34.53332024,30.58376205,34.51297646,30.53913209,34.58277143,30.53806101,34.58293037,30.53782413,34.58185071,30.53889522,34.58169177,271,300,276,306,30
ow,ow-0227.jpg,ow-0227.xml,ow-0227-04-000598,S1_20190429_035851_040030_VV_0,2019-04-29T03:58:51,2019-04-29T04:00:30,S1B_IW_GRDH_1SDV_20190429T035851_20190429T035916_016016_01E1C8_1C16.SAFE,640,640,30.60902872,34.62814004,30.47192968,34.64848383,30.44666301,34.53332024,30.58376205,34.51297646,30.52468307,34.57841244,30.52146981,34.57888925,30.52079866,34.57583022,30.52401192,34.57535341,332,335,347,352,255
ow,ow-0228.jpg,ow-0228.xml,ow-0228-01-000599,S1_20190429_035851_040030_VV_1,2019-04-29T03:58:51,2019-04-29T04:00:30,S1B_IW_GRDH_1SDV_20190429T035916_20190429T035941_016016_01E1C8_BA61.SAFE,640,640,30.19362587,34.01249581,30.05736525,34.03257598,30.03260911,33.91740834,30.16886974,33.89732817,30.14131365,33.98883004,30.09639023,33.99545022,30.08466975,33.94092554,30.12959317,33.93430536,215,169,426,472,63933
ow,ow-0229.jpg,ow-0229.xml,ow-0229-01-000600,S1_20190429_154837_155017_VV_0,2019-04-29T15:48:37,2019-04-29T15:50:17,S1A_IW_GRDH_1SDV_20190429T154927_20190429T154952_027007_030A73_C58E.SAFE,1262,1262,32.32632049,33.55416938,32.59383564,33.59496829,32.54365515,33.82214831,32.27614001,33.78134941,32.32399974,33.5785641,32.54466794,33.61221834,32.53023409,33.6775641,32.30956589,33.64390986,14,133,1055,496,377883
ow,ow-0230.jpg,ow-0230.xml,ow-0230-01-000601,S1_20190429_154837_155017_VV_2,2019-04-29T15:48:37,2019-04-29T15:50:17,S1A_IW_GRDH_1SDV_20190429T154837_20190429T154902_027007_030A73_8C50.SAFE,640,640,32.57269909,31.26560056,32.70466339,31.28670926,32.67926164,31.40198165,32.54729734,31.38087295,32.62500555,31.33046532,32.62912943,31.33112497,32.62789903,31.33670848,32.62377515,31.33604883,312,303,332,334,620
ow,ow-0231.jpg,ow-0231.xml,ow-0231-01-000602,S1_20190429_154837_155017_VV_3,2019-04-29T15:48:37,2019-04-29T15:50:17,S1A_IW_GRDH_1SDV_20190429T154837_20190429T154902_027007_030A73_8C50.SAFE,640,640,32.53994826,31.39403607,32.6728263,31.41497303,32.64761459,31.53024354,32.51473656,31.50930658,32.59149436,31.45786678,32.60021448,31.45924077,32.59867814,31.46626506,32.58995802,31.46489108,305,299,347,338,1638
ow,ow-0232.jpg,ow-0232.xml,ow-0232-01-000603,S1_20190429_154837_155017_VV_4,2019-04-29T15:48:37,2019-04-29T15:50:17,S1A_IW_GRDH_1SDV_20190429T154837_20190429T154902_027007_030A73_8C50.SAFE,640,640,32.2275665,31.47987469,32.36026103,31.50123135,32.33454611,31.61651962,32.20185158,31.59516296,32.29179868,31.49618396,32.30278745,31.49795255,32.30073829,31.50713959,32.28974952,31.50537099,316,32,369,83,2703
ow,ow-0232.jpg,ow-0232.xml,ow-0232-02-000604,S1_20190429_154837_155017_VV_4,2019-04-29T15:48:37,2019-04-29T15:50:17,S1A_IW_GRDH_1SDV_20190429T154837_20190429T154902_027007_030A73_8C50.SAFE,640,640,32.2275665,31.47987469,32.36026103,31.50123135,32.33454611,31.61651962,32.20185158,31.59516296,32.26273244,31.58798047,32.2660498,31.58851438,32.26371939,31.59896238,32.26040202,31.59842847,276,549,292,607,928
ow,ow-0233.jpg,ow-0233.xml,ow-0233-01-000605,S1_20190429_154837_155017_VV_5,2019-04-29T15:48:37,2019-04-29T15:50:17,S1A_IW_GRDH_1SDV_20190429T154902_20190429T154927_027007_030A73_CA6D.SAFE,640,640,32.56505918,31.80360517,32.69793721,31.82454213,32.67272551,31.93981263,32.53984747,31.91887567,32.61754651,31.87000631,32.62128371,31.87059516,32.6207322,31.8731167,32.61699501,31.87252785,312,312,330,326,252
ow,ow-0234.jpg,ow-0234.xml,ow-0234-01-000606,S1_20190429_154837_155017_VV_6,2019-04-29T15:48:37,2019-04-29T15:50:17,S1A_IW_GRDH_1SDV_20190429T154902_20190429T154927_027007_030A73_CA6D.SAFE,640,640,32.64202769,32.19755283,32.77584958,32.21831288,32.75067705,32.33355807,32.61685516,32.31279803,32.72872101,32.27374179,32.75799454,32.27828305,32.75567395,32.28890722,32.72640041,32.28436596,478,337,618,396,8260
ow,ow-0234.jpg,ow-0234.xml,ow-0234-02-000607,S1_20190429_154837_155017_VV_6,2019-04-29T15:48:37,2019-04-29T15:50:17,S1A_IW_GRDH_1SDV_20190429T154902_20190429T154927_027007_030A73_CA6D.SAFE,640,640,32.64202769,32.19755283,32.77584958,32.21831288,32.75067705,32.33355807,32.61685516,32.31279803,32.63739519,32.24449429,32.65809577,32.24770561,32.65428056,32.26517246,32.63357998,32.26196114,26,256,125,353,9603
ow,ow-0235.jpg,ow-0235.xml,ow-0235-01-000608,S1_20190429_154837_155017_VV_7,2019-04-29T15:48:37,2019-04-29T15:50:17,S1A_IW_GRDH_1SDV_20190429T154902_20190429T154927_027007_030A73_CA6D.SAFE,640,640,32.78315968,32.23032408,32.91704226,32.25093968,32.89204372,32.36617721,32.75816113,32.34556161,32.82010512,32.29220716,32.85252981,32.2972,32.85108458,32.30386217,32.81865989,32.29886933,233,302,388,339,5735
ow,ow-0236.jpg,ow-0236.xml,ow-0236-01-000609,S1_20190429_154837_155017_VV_8,2019-04-29T15:48:37,2019-04-29T15:50:17,S1A_IW_GRDH_1SDV_20190429T154902_20190429T154927_027007_030A73_CA6D.SAFE,640,640,32.15471222,32.7977757,32.28931328,32.81879547,32.26365238,32.93402899,32.12905132,32.91300922,32.20543748,32.86121864,32.21532225,32.86276228,32.21343777,32.87122474,32.20355301,32.8696811,298,298,345,345,2209
ow,ow-0237.jpg,ow-0237.xml,ow-0237-01-000610,S1_20190429_154837_155017_VV_9,2019-04-29T15:48:37,2019-04-29T15:50:17,S1A_IW_GRDH_1SDV_20190429T154902_20190429T154927_027007_030A73_CA6D.SAFE,640,640,33.92969177,33.30519459,34.06502024,33.32428054,34.04170264,33.43938813,33.90637416,33.42030218,33.98035952,33.36857866,33.99241221,33.3702785,33.99124633,33.37603388,33.97919364,33.37433404,292,304,349,336,1824
ow,ow-0238.jpg,ow-0238.xml,ow-0238-01-000611,S1_20190430_035118_035259_VV_1,2019-04-30T03:51:18,2019-04-30T03:52:59,S1A_IW_GRDH_1SDV_20190430T035208_20190430T035233_027014_030AB6_6298.SAFE,640,640,32.71804531,32.88589114,32.58394739,32.90677575,32.55855048,32.79147522,32.6926484,32.77059061,32.64194558,32.84146915,32.63586926,32.84241549,32.63424228,32.83502905,32.64031859,32.83408271,306,302,335,343,1189
ow,ow-0239.jpg,ow-0239.xml,ow-0239-01-000612,S1_20190430_035118_035259_VV_5,2019-04-30T03:51:18,2019-04-30T03:52:59,S1A_IW_GRDH_1SDV_20190430T035208_20190430T035233_027014_030AB6_6298.SAFE,640,640,32.81762319,31.5605169,32.68542043,31.58174475,32.65990692,31.46640695,32.79210968,31.4451791,32.75212659,31.49843992,32.74696242,31.49926913,32.74512864,31.49097923,32.75029281,31.49015002,242,389,267,435,1150
ow,ow-0239.jpg,ow-0239.xml,ow-0239-02-000613,S1_20190430_035118_035259_VV_5,2019-04-30T03:51:18,2019-04-30T03:52:59,S1A_IW_GRDH_1SDV_20190430T035208_20190430T035233_027014_030AB6_6298.SAFE,640,640,32.81762319,31.5605169,32.68542043,31.58174475,32.65990692,31.46640695,32.79210968,31.4451791,32.72640027,31.55426356,32.72412803,31.55462841,32.72317128,31.55030324,32.72544351,31.54993839,420,112,431,136,264
ow,ow-0239.jpg,ow-0239.xml,ow-0239-03-000614,S1_20190430_035118_035259_VV_5,2019-04-30T03:51:18,2019-04-30T03:52:59,S1A_IW_GRDH_1SDV_20190430T035208_20190430T035233_027014_030AB6_6298.SAFE,640,640,32.81762319,31.5605169,32.68542043,31.58174475,32.65990692,31.46640695,32.79210968,31.4451791,32.71956864,31.48276673,32.71667671,31.48323108,32.71552063,31.47800484,32.71841256,31.47754048,378,501,392,530,406
ow,ow-0239.jpg,ow-0239.xml,ow-0239-04-000615,S1_20190430_035118_035259_VV_5,2019-04-30T03:51:18,2019-04-30T03:52:59,S1A_IW_GRDH_1SDV_20190430T035208_20190430T035233_027014_030AB6_6298.SAFE,640,640,32.81762319,31.5605169,32.68542043,31.58174475,32.65990692,31.46640695,32.79210968,31.4451791,32.76035671,31.50663585,32.75746477,31.50710021,32.75662761,31.50331568,32.75951954,31.50285133,212,338,226,359,294
ow,ow-0240.jpg,ow-0240.xml,ow-0240-01-000616,S1_20190430_035118_035259_VV_6,2019-04-30T03:51:18,2019-04-30T03:52:59,S1A_IW_GRDH_1SDV_20190430T035233_20190430T035259_027014_030AB6_B4D3.SAFE;S1A_IW_GRDH_1SDV_20190430T035208_20190430T035233_027014_030AB6_6298.SAFE,640,640,32.38664393,31.46288385,32.25426411,31.48370028,32.22924274,31.36838154,32.36162256,31.3475651,32.30953626,31.41705921,32.30664045,31.41751457,32.30589763,31.41409104,32.30879344,31.41363568,314,311,328,330,266
ow,ow-0241.jpg,ow-0241.xml,ow-0241-01-000617,S1_20190430_035118_035259_VV_7,2019-04-30T03:51:18,2019-04-30T03:52:59,S1A_IW_GRDH_1SDV_20190430T035233_20190430T035259_027014_030AB6_B4D3.SAFE;S1A_IW_GRDH_1SDV_20190430T035208_20190430T035233_027014_030AB6_6298.SAFE,640,640,33.0942599,31.3830581,32.9622361,31.40469595,32.93623309,31.28934384,33.06825689,31.267706,33.02117336,31.27803924,33.01849163,31.27847876,33.01792282,31.27595543,33.02060455,31.27551591,231,626,244,640,182
ow,ow-0241.jpg,ow-0241.xml,ow-0241-02-000618,S1_20190430_035118_035259_VV_7,2019-04-30T03:51:18,2019-04-30T03:52:59,S1A_IW_GRDH_1SDV_20190430T035233_20190430T035259_027014_030AB6_B4D3.SAFE;S1A_IW_GRDH_1SDV_20190430T035208_20190430T035233_027014_030AB6_6298.SAFE,640,640,33.0942599,31.3830581,32.9622361,31.40469595,32.93623309,31.28934384,33.06825689,31.267706,33.02256105,31.28229732,33.01967303,31.28277065,33.01886044,31.2791659,33.02174846,31.27869257,229,602,243,622,280
ow,ow-0242.jpg,ow-0242.xml,ow-0242-01-000619,S1_20190430_035118_035259_VV_8,2019-04-30T03:51:18,2019-04-30T03:52:59,S1A_IW_GRDH_1SDV_20190430T035233_20190430T035259_027014_030AB6_B4D3.SAFE,640,640,32.94494923,31.32851577,32.81280707,31.34988044,32.78712971,31.23453681,32.91927187,31.21317214,32.88283809,31.28011728,32.87932806,31.28068477,32.87868613,31.27780118,32.88219615,31.27723368,240,313,257,329,272
ow,ow-0243.jpg,ow-0243.xml,ow-0243-01-000620,S1_20190430_153943_154058_VV_1,2019-04-30T15:39:43,2019-04-30T15:40:58,S1B_IW_GRDH_1SDV_20190430T154033_20190430T154058_016038_01E28F_07FE.SAFE,640,640,33.84793452,34.38676751,33.98520755,34.40771094,33.95942492,34.52291118,33.82215189,34.50196774,33.90195074,34.45364482,33.90624053,34.45429931,33.90583767,34.45609931,33.90154789,34.45544483,311,315,331,325,200
ow,ow-0244.jpg,ow-0244.xml,ow-0244-01-000621,S1_20190501_034219_034359_VV_1,2019-05-01T03:42:19,2019-05-01T03:43:59,S1B_IW_GRDH_1SDV_20190501T034244_20190501T034309_016045_01E2CB_793F.SAFE,640,640,33.7409231,34.40242657,33.60391199,34.42170098,33.57974593,34.30662137,33.71675705,34.28734696,33.66581128,34.36486094,33.65853257,34.36588489,33.65381263,34.34340841,33.66109135,34.34238445,305,260,339,385,4250
ow,ow-0245.jpg,ow-0245.xml,ow-0245-01-000622,S1_20190501_034219_034359_VV_2,2019-05-01T03:42:19,2019-05-01T03:43:59,S1B_IW_GRDH_1SDV_20190501T034244_20190501T034309_016045_01E2CB_793F.SAFE,640,640,34.84053961,33.95608225,34.70404586,33.97658558,34.67836377,33.86143394,34.81485752,33.84093061,34.80201469,33.94048474,34.74123232,33.94961513,34.72554216,33.87926467,34.78632454,33.87013428,159,115,444,506,111435
ow,ow-0245.jpg,ow-0245.xml,ow-0245-02-000623,S1_20190501_034219_034359_VV_2,2019-05-01T03:42:19,2019-05-01T03:43:59,S1B_IW_GRDH_1SDV_20190501T034244_20190501T034309_016045_01E2CB_793F.SAFE,640,640,34.84053961,33.95608225,34.70404586,33.97658558,34.67836377,33.86143394,34.81485752,33.84093061,34.72989551,33.96005784,34.72413718,33.96092282,34.72285308,33.95516524,34.72861141,33.95430025,506,68,533,100,864
ow,ow-0246.jpg,ow-0246.xml,ow-0246-01-000624,S1_20190501_034219_034359_VV_4,2019-05-01T03:42:19,2019-05-01T03:43:59,S1B_IW_GRDH_1SDV_20190501T034309_20190501T034334_016045_01E2CB_53B9.SAFE,640,640,34.64720448,32.72174781,34.5126635,32.7424699,34.48797235,32.62713049,34.62251333,32.60640839,34.57225972,32.67800135,34.56027716,32.67984691,34.55765373,32.6675921,34.56963628,32.66574654,302,297,359,365,3876
ow,ow-0247.jpg,ow-0247.xml,ow-0247-01-000625,S1_20190501_034219_034359_VV_7,2019-05-01T03:42:19,2019-05-01T03:43:59,S1B_IW_GRDH_1SDV_20190501T034334_20190501T034359_016045_01E2CB_7F2B.SAFE;S1B_IW_GRDH_1SDV_20190501T034309_20190501T034334_016045_01E2CB_53B9.SAFE,640,640,32.86078811,31.9883943,32.72749447,32.00748633,32.70438921,31.89235318,32.83768284,31.87326115,32.7601871,31.95579677,32.71853284,31.96176303,32.71376738,31.93801682,32.75542164,31.93205056,439,254,639,386,26400
ow,ow-0248.jpg,ow-0248.xml,ow-0248-01-000626,S1_20190501_034219_034359_VV_10,2019-05-01T03:42:19,2019-05-01T03:43:59,S1B_IW_GRDH_1SDV_20190501T034334_20190501T034359_016045_01E2CB_7F2B.SAFE;S1B_IW_GRDH_1SDV_20190501T034309_20190501T034334_016045_01E2CB_53B9.SAFE,640,640,34.38714266,31.66974466,34.25438388,31.69053952,34.22925171,31.57527458,34.3620105,31.55447972,34.36097636,31.62057506,34.35682765,31.6212249,34.35608154,31.61780297,34.36023025,31.61715314,72,286,92,305,380
ow,ow-0248.jpg,ow-0248.xml,ow-0248-02-000627,S1_20190501_034219_034359_VV_10,2019-05-01T03:42:19,2019-05-01T03:43:59,S1B_IW_GRDH_1SDV_20190501T034334_20190501T034359_016045_01E2CB_7F2B.SAFE;S1B_IW_GRDH_1SDV_20190501T034309_20190501T034334_016045_01E2CB_53B9.SAFE,640,640,34.38714266,31.66974466,34.25438388,31.69053952,34.22925171,31.57527458,34.3620105,31.55447972,34.37444768,31.61250489,34.37382538,31.61260236,34.37343269,31.61080135,34.37405499,31.61070387,1,318,4,328,30
ow,ow-0248.jpg,ow-0248.xml,ow-0248-03-000628,S1_20190501_034219_034359_VV_10,2019-05-01T03:42:19,2019-05-01T03:43:59,S1B_IW_GRDH_1SDV_20190501T034334_20190501T034359_016045_01E2CB_7F2B.SAFE;S1B_IW_GRDH_1SDV_20190501T034309_20190501T034334_016045_01E2CB_53B9.SAFE,640,640,34.38714266,31.66974466,34.25438388,31.69053952,34.22925171,31.57527458,34.3620105,31.55447972,34.37260204,31.60404012,34.36637897,31.60501488,34.36531871,31.60015214,34.37154178,31.59917738,1,365,31,392,810
ow,ow-0248.jpg,ow-0248.xml,ow-0248-04-000629,S1_20190501_034219_034359_VV_10,2019-05-01T03:42:19,2019-05-01T03:43:59,S1B_IW_GRDH_1SDV_20190501T034334_20190501T034359_016045_01E2CB_7F2B.SAFE;S1B_IW_GRDH_1SDV_20190501T034309_20190501T034334_016045_01E2CB_53B9.SAFE,640,640,34.38714266,31.66974466,34.25438388,31.69053952,34.22925171,31.57527458,34.3620105,31.55447972,34.35396882,31.62483899,34.35085729,31.62532637,34.35042533,31.62334525,34.35353686,31.62285787,109,269,124,280,165
ow,ow-0248.jpg,ow-0248.xml,ow-0248-05-000630,S1_20190501_034219_034359_VV_10,2019-05-01T03:42:19,2019-05-01T03:43:59,S1B_IW_GRDH_1SDV_20190501T034334_20190501T034359_016045_01E2CB_7F2B.SAFE;S1B_IW_GRDH_1SDV_20190501T034309_20190501T034334_016045_01E2CB_53B9.SAFE,640,640,34.38714266,31.66974466,34.25438388,31.69053952,34.22925171,31.57527458,34.3620105,31.55447972,34.35017591,31.60252405,34.34727181,31.60297894,34.34683985,31.60099782,34.34974395,31.60054293,104,392,118,403,154
ow,ow-0248.jpg,ow-0248.xml,ow-0248-06-000631,S1_20190501_034219_034359_VV_10,2019-05-01T03:42:19,2019-05-01T03:43:59,S1B_IW_GRDH_1SDV_20190501T034334_20190501T034359_016045_01E2CB_7F2B.SAFE;S1B_IW_GRDH_1SDV_20190501T034309_20190501T034334_016045_01E2CB_53B9.SAFE,640,640,34.38714266,31.66974466,34.25438388,31.69053952,34.22925171,31.57527458,34.3620105,31.55447972,34.34801283,31.61031296,34.34676822,31.61050792,34.3465326,31.60942731,34.34777722,31.60923236,122,352,128,358,36
ow,ow-0248.jpg,ow-0248.xml,ow-0248-07-000632,S1_20190501_034219_034359_VV_10,2019-05-01T03:42:19,2019-05-01T03:43:59,S1B_IW_GRDH_1SDV_20190501T034334_20190501T034359_016045_01E2CB_7F2B.SAFE;S1B_IW_GRDH_1SDV_20190501T034309_20190501T034334_016045_01E2CB_53B9.SAFE,640,640,34.38714266,31.66974466,34.25438388,31.69053952,34.22925171,31.57527458,34.3620105,31.55447972,34.34287311,31.62117566,34.34059132,31.62153307,34.34012009,31.61937186,34.34240188,31.61901444,157,298,168,310,132
ow,ow-0248.jpg,ow-0248.xml,ow-0248-08-000633,S1_20190501_034219_034359_VV_10,2019-05-01T03:42:19,2019-05-01T03:43:59,S1B_IW_GRDH_1SDV_20190501T034334_20190501T034359_016045_01E2CB_7F2B.SAFE;S1B_IW_GRDH_1SDV_20190501T034309_20190501T034334_016045_01E2CB_53B9.SAFE,640,640,34.38714266,31.66974466,34.25438388,31.69053952,34.22925171,31.57527458,34.3620105,31.55447972,34.31578054,31.56283853,34.31370618,31.56316345,34.31347057,31.56208284,34.31554492,31.56175792,224,634,234,640,60
ow,ow-0248.jpg,ow-0248.xml,ow-0248-09-000634,S1_20190501_034219_034359_VV_10,2019-05-01T03:42:19,2019-05-01T03:43:59,S1B_IW_GRDH_1SDV_20190501T034334_20190501T034359_016045_01E2CB_7F2B.SAFE;S1B_IW_GRDH_1SDV_20190501T034309_20190501T034334_016045_01E2CB_53B9.SAFE,640,640,34.38714266,31.66974466,34.25438388,31.69053952,34.22925171,31.57527458,34.3620105,31.55447972,34.34678621,31.61944521,34.34222263,31.62016004,34.34151578,31.61691821,34.34607937,31.61620339,137,304,159,322,396
ow,ow-0248.jpg,ow-0248.xml,ow-0248-10-000635,S1_20190501_034219_034359_VV_10,2019-05-01T03:42:19,2019-05-01T03:43:59,S1B_IW_GRDH_1SDV_20190501T034334_20190501T034359_016045_01E2CB_7F2B.SAFE;S1B_IW_GRDH_1SDV_20190501T034309_20190501T034334_016045_01E2CB_53B9.SAFE,640,640,34.38714266,31.66974466,34.25438388,31.69053952,34.22925171,31.57527458,34.3620105,31.55447972,34.26672592,31.57890363,34.264859,31.57919605,34.26442704,31.57721494,34.26629396,31.57692251,469,589,478,600,99
ow,ow-0248.jpg,ow-0248.xml,ow-0248-11-000636,S1_20190501_034219_034359_VV_10,2019-05-01T03:42:19,2019-05-01T03:43:59,S1B_IW_GRDH_1SDV_20190501T034334_20190501T034359_016045_01E2CB_7F2B.SAFE;S1B_IW_GRDH_1SDV_20190501T034309_20190501T034334_016045_01E2CB_53B9.SAFE,640,640,34.38714266,31.66974466,34.25438388,31.69053952,34.22925171,31.57527458,34.3620105,31.55447972,34.26025524,31.57283958,34.25776602,31.57322948,34.25733406,31.57124836,34.25982329,31.57085846,493,627,505,638,132
ow,ow-0249.jpg,ow-0249.xml,ow-0249-01-000637,S1_20190504_155639_155819_VV_0,2019-05-04T15:56:39,2019-05-04T15:58:19,S1A_IW_GRDH_1SDV_20190504T155704_20190504T155729_027080_030D1A_1E63.SAFE,640,640,32.19644128,31.67248539,32.3298097,31.69182375,32.30650238,31.80720993,32.17313395,31.78787157,32.24077328,31.70786266,32.27223989,31.7124253,32.26419158,31.75226959,32.23272497,31.74770695,240,156,391,377,33371
ow,ow-0250.jpg,ow-0250.xml,ow-0250-01-000638,S1_20190504_155639_155819_VV_1,2019-05-04T15:56:39,2019-05-04T15:58:19,S1A_IW_GRDH_1SDV_20190504T155704_20190504T155729_027080_030D1A_1E63.SAFE,640,640,30.0264288,32.02738037,30.15982478,32.04870779,30.13395433,32.16420534,30.00055835,32.14287792,30.07700572,32.09266651,30.0849261,32.09393283,30.08379427,32.09898584,30.07587389,32.09771953,302,306,340,334,1064
ow,ow-0250.jpg,ow-0250.xml,ow-0250-02-000639,S1_20190504_155639_155819_VV_1,2019-05-04T15:56:39,2019-05-04T15:58:19,S1A_IW_GRDH_1SDV_20190504T155704_20190504T155729_027080_030D1A_1E63.SAFE,640,640,30.0264288,32.02738037,30.15982478,32.04870779,30.13395433,32.16420534,30.00055835,32.14287792,30.07654592,32.09857468,30.08425788,32.09980768,30.08348985,32.10323651,30.07577789,32.10200352,306,338,343,357,703
ow,ow-0250.jpg,ow-0250.xml,ow-0250-03-000640,S1_20190504_155639_155819_VV_1,2019-05-04T15:56:39,2019-05-04T15:58:19,S1A_IW_GRDH_1SDV_20190504T155704_20190504T155729_027080_030D1A_1E63.SAFE,640,640,30.0264288,32.02738037,30.15982478,32.04870779,30.13395433,32.16420534,30.00055835,32.14287792,30.0869397,32.10229265,30.0929842,32.10325905,30.09181195,32.10849253,30.08576744,32.10752613,358,349,387,378,841
ow,ow-0251.jpg,ow-0251.xml,ow-0251-01-000641,S1_20190505_154747_154927_VV_0,2019-05-05T15:47:47,2019-05-05T15:49:27,S1B_IW_GRDH_1SDV_20190505T154902_20190505T154927_016111_01E4F1_B729.SAFE;S1B_IW_GRDH_1SDV_20190505T154837_20190505T154902_016111_01E4F1_83FC.SAFE,640,640,33.57011248,34.39059471,33.70753715,34.40968202,33.68384526,34.52485688,33.54642059,34.50576957,33.62030012,34.45476204,33.63275423,34.45649182,33.63193982,34.46045096,33.61948571,34.45872117,287,309,345,331,1276
ow,ow-0252.jpg,ow-0252.xml,ow-0252-01-000642,S1_20190506_035041_035220_VV_0,2019-05-06T03:50:41,2019-05-06T03:52:20,S1B_IW_GRDH_1SDV_20190506T035106_20190506T035131_016118_01E530_B2A0.SAFE,640,640,32.64409155,33.66789136,32.50831616,33.68828432,32.48324592,33.57309903,32.61902131,33.55270607,32.56968416,33.62498165,32.55759166,33.6267979,32.55504547,33.6150994,32.56713796,33.61328315,297,291,354,356,3705
ow,ow-0253.jpg,ow-0253.xml,ow-0253-01-000643,S1_20190506_035041_035220_VV_1,2019-05-06T03:50:41,2019-05-06T03:52:20,S1B_IW_GRDH_1SDV_20190506T035106_20190506T035131_016118_01E530_B2A0.SAFE,640,640,32.48404834,33.55866724,32.34827296,33.5790602,32.32320272,33.46387491,32.45897811,33.44348195,32.42987077,33.53018999,32.41014091,33.53315334,32.40598865,33.51407577,32.42571851,33.51111242,219,197,312,303,9858
ow,ow-0253.jpg,ow-0253.xml,ow-0253-02-000644,S1_20190506_035041_035220_VV_1,2019-05-06T03:50:41,2019-05-06T03:52:20,S1B_IW_GRDH_1SDV_20190506T035106_20190506T035131_016118_01E530_B2A0.SAFE,640,640,32.48404834,33.55866724,32.34827296,33.5790602,32.32320272,33.46387491,32.45897811,33.44348195,32.38539969,33.49598006,32.37903522,33.49693598,32.37829094,33.49351641,32.38465542,33.49256049,388,417,418,436,570
ow,ow-0253.jpg,ow-0253.xml,ow-0253-03-000645,S1_20190506_035041_035220_VV_1,2019-05-06T03:50:41,2019-05-06T03:52:20,S1B_IW_GRDH_1SDV_20190506T035106_20190506T035131_016118_01E530_B2A0.SAFE,640,640,32.48404834,33.55866724,32.34827296,33.5790602,32.32320272,33.46387491,32.45897811,33.44348195,32.35914476,33.48003637,32.34917375,33.48153398,32.34686259,33.47091534,32.3568336,33.46941773,492,524,539,583,2773
ow,ow-0254.jpg,ow-0254.xml,ow-0254-01-000646,S1_20190506_035041_035220_VV_2,2019-05-06T03:50:41,2019-05-06T03:52:20,S1B_IW_GRDH_1SDV_20190506T035106_20190506T035131_016118_01E530_B2A0.SAFE,640,640,32.34104449,33.03964857,32.2061999,33.0600796,32.18125648,32.94487882,32.31610106,32.9244478,32.26364717,32.99374447,32.25922258,32.99441487,32.25840413,32.99063484,32.26282871,32.98996445,310,310,331,331,441
ow,ow-0255.jpg,ow-0255.xml,ow-0255-01-000647,S1_20190506_035041_035220_VV_3,2019-05-06T03:50:41,2019-05-06T03:52:20,S1B_IW_GRDH_1SDV_20190506T035131_20190506T035156_016118_01E530_855F.SAFE,640,640,32.18669184,31.67061972,32.05368554,31.69127536,32.02881535,31.57602666,32.16182165,31.55537102,32.12045267,31.62842326,32.09967044,31.63165071,32.0965228,31.61706454,32.11730504,31.6138371,266,282,366,363,8100
ow,ow-0256.jpg,ow-0256.xml,ow-0256-01-000648,S1_20190507_034258_034438_VV_1,2019-05-07T03:42:58,2019-05-07T03:44:38,S1A_IW_GRDH_1SDV_20190507T034323_20190507T034348_027116_030E69_EB1D.SAFE,640,640,35.06258406,33.84516041,34.92696643,33.86598538,34.90116576,33.75072127,35.03678338,33.7298963,34.93791278,33.75625596,34.93007239,33.7574599,34.92797608,33.74809469,34.93581648,33.74689075,478,580,515,632,1924
ow,ow-0256.jpg,ow-0256.xml,ow-0256-02-000649,S1_20190507_034258_034438_VV_1,2019-05-07T03:42:58,2019-05-07T03:44:38,S1A_IW_GRDH_1SDV_20190507T034323_20190507T034348_027116_030E69_EB1D.SAFE,640,640,35.06258406,33.84516041,34.92696643,33.86598538,34.90116576,33.75072127,35.03678338,33.7298963,35.0343514,33.84632878,35.02121344,33.8483462,35.01774647,33.83285758,35.03088443,33.83084016,130,17,192,103,5332
ow,ow-0256.jpg,ow-0256.xml,ow-0256-03-000650,S1_20190507_034258_034438_VV_1,2019-05-07T03:42:58,2019-05-07T03:44:38,S1A_IW_GRDH_1SDV_20190507T034323_20190507T034348_027116_030E69_EB1D.SAFE,640,640,35.06258406,33.84516041,34.92696643,33.86598538,34.90116576,33.75072127,35.03678338,33.7298963,35.02046089,33.83225447,34.96833287,33.84025907,34.95220745,33.768219,35.00433547,33.7602144,179,104,425,504,98400
ow,ow-0257.jpg,ow-0257.xml,ow-0257-01-000651,S1_20190509_160450_160630_VV_0,2019-05-09T16:04:50,2019-05-09T16:06:30,S1A_IW_GRDH_1SDV_20190509T160515_20190509T160540_027153_030F91_9213.SAFE,640,640,30.04437279,31.59122109,30.17751745,31.61058507,30.15416512,31.72600782,30.02102046,31.70664385,30.12491807,31.63134042,30.13115923,31.6322481,30.12966322,31.63964237,30.12342207,31.63873469,414,153,444,194,1230
ow,ow-0257.jpg,ow-0257.xml,ow-0257-02-000652,S1_20190509_160450_160630_VV_0,2019-05-09T16:04:50,2019-05-09T16:06:30,S1A_IW_GRDH_1SDV_20190509T160515_20190509T160540_027153_030F91_9213.SAFE,640,640,30.04437279,31.59122109,30.17751745,31.61058507,30.15416512,31.72600782,30.02102046,31.70664385,30.06831648,31.68140411,30.07018883,31.68167642,30.06942258,31.68546372,30.06755023,31.68519142,197,467,206,488,189
ow,ow-0258.jpg,ow-0258.xml,ow-0258-01-000653,S1_20190509_160450_160630_VV_1,2019-05-09T16:04:50,2019-05-09T16:06:30,S1A_IW_GRDH_1SDV_20190509T160515_20190509T160540_027153_030F91_9213.SAFE,640,640,30.20049869,32.11668384,30.33451176,32.13581833,30.31132029,32.25121285,30.17730722,32.23207837,30.26209869,32.18316274,30.27026511,32.18432875,30.26424983,32.21425921,30.2560834,32.2130932,348,311,387,477,6474
ow,ow-0258.jpg,ow-0258.xml,ow-0258-02-000654,S1_20190509_160450_160630_VV_1,2019-05-09T16:04:50,2019-05-09T16:06:30,S1A_IW_GRDH_1SDV_20190509T160515_20190509T160540_027153_030F91_9213.SAFE,640,640,30.20049869,32.11668384,30.33451176,32.13581833,30.31132029,32.25121285,30.17730722,32.23207837,30.24571669,32.14892152,30.24781065,32.1492205,30.24741205,32.15120384,30.24531809,32.15090486,240,139,250,150,110
ow,ow-0259.jpg,ow-0259.xml,ow-0259-01-000655,S1_20190510_155611_155636_VV_1,2019-05-10T15:56:11,2019-05-10T15:56:36,S1B_IW_GRDH_1SDV_20190510T155611_20190510T155636_016184_01E73C_075F.SAFE,640,640,32.0442036,31.50789958,32.17710306,31.52739117,32.15376557,31.64231972,32.02086611,31.62282812,32.16387634,31.57778476,32.16678352,31.57821114,32.16565311,31.58377799,32.16274593,31.58335161,626,283,640,314,434
ow,ow-0259.jpg,ow-0259.xml,ow-0259-02-000656,S1_20190510_155611_155636_VV_1,2019-05-10T15:56:11,2019-05-10T15:56:36,S1B_IW_GRDH_1SDV_20190510T155611_20190510T155636_016184_01E73C_075F.SAFE,640,640,32.0442036,31.50789958,32.17710306,31.52739117,32.15376557,31.64231972,32.02086611,31.62282812,32.02857439,31.58697386,32.03106625,31.58733933,32.03033696,31.59093085,32.02784509,31.59056538,2,440,14,460,240
ow,ow-0260.jpg,ow-0260.xml,ow-0260-01-000657,S1_20190510_155611_155636_VV_3,2019-05-10T15:56:11,2019-05-10T15:56:36,S1B_IW_GRDH_1SDV_20190510T155611_20190510T155636_016184_01E73C_075F.SAFE,640,640,32.10269301,31.63482431,32.2358088,31.65429858,32.21246504,31.76922241,32.07934925,31.74974814,32.16476541,31.67718806,32.16705333,31.67752278,32.16632384,31.68111414,32.16403591,31.68077943,330,180,341,200,220
ow,ow-0260.jpg,ow-0260.xml,ow-0260-02-000658,S1_20190510_155611_155636_VV_3,2019-05-10T15:56:11,2019-05-10T15:56:36,S1B_IW_GRDH_1SDV_20190510T155611_20190510T155636_016184_01E73C_075F.SAFE,640,640,32.10269301,31.63482431,32.2358088,31.65429858,32.21246504,31.76922241,32.07934925,31.74974814,32.15554642,31.70043167,32.16033027,31.70113153,32.1597102,31.70418419,32.15492635,31.70348433,309,313,332,330,391
ow,ow-0261.jpg,ow-0261.xml,ow-0261-01-000659,S1_20190510_155642_155736_VV_0,2019-05-10T15:56:42,2019-05-10T15:57:36,S1B_IW_GRDH_1SDV_20190510T155642_20190510T155711_016184_01E73D_7764.SAFE,640,640,30.1736337,33.11946659,30.30836645,33.14047132,30.28266608,33.25584501,30.14793334,33.23484028,30.21747422,33.18375309,30.23936829,33.18716636,30.23820374,33.19239423,30.21630967,33.18898096,267,308,371,337,3016
ow,ow-0262.jpg,ow-0262.xml,ow-0262-01-000660,S1_20190510_155642_155736_VV_1,2019-05-10T15:56:42,2019-05-10T15:57:36,S1B_IW_GRDH_1SDV_20190510T155642_20190510T155711_016184_01E73D_7764.SAFE,640,640,30.4121492,33.55093476,30.54777042,33.57161703,30.52231588,33.68695759,30.38669466,33.66627531,30.45753694,33.62119329,30.46664899,33.62258288,30.46501831,33.62997188,30.45590626,33.62858229,278,340,321,381,1763
ow,ow-0262.jpg,ow-0262.xml,ow-0262-02-000661,S1_20190510_155642_155736_VV_1,2019-05-10T15:56:42,2019-05-10T15:57:36,S1B_IW_GRDH_1SDV_20190510T155642_20190510T155711_016184_01E73D_7764.SAFE,640,640,30.4121492,33.55093476,30.54777042,33.57161703,30.52231588,33.68695759,30.38669466,33.66627531,30.46347357,33.60719583,30.47661187,33.60919943,30.47486187,33.61712909,30.46172357,33.61512549,291,260,353,304,2728
ow,ow-0263.jpg,ow-0263.xml,ow-0263-01-000662,S1_20190511_035851_040030_VV_0,2019-05-11T03:58:51,2019-05-11T04:00:30,S1B_IW_GRDH_1SDV_20190511T040006_20190511T040030_016191_01E77E_DF94.SAFE;S1B_IW_GRDH_1SDV_20190511T035941_20190511T040006_016191_01E77E_E4AA.SAFE,640,640,30.13258081,31.49562104,30.00004834,31.51616896,29.97539115,31.40091402,30.10792362,31.3803661,30.05636501,31.44938715,30.05284462,31.44993296,30.05222819,31.44705159,30.05574858,31.44650578,310,312,327,328,272
ow,ow-0264.jpg,ow-0264.xml,ow-0264-01-000663,S1_20190511_154837_155017_VV_0,2019-05-11T15:48:37,2019-05-11T15:50:17,S1A_IW_GRDH_1SDV_20190511T154837_20190511T154902_027182_031070_1CA1.SAFE,640,640,34.24102789,31.64272532,34.37453082,31.66195895,34.35135876,31.7771038,34.21785583,31.75787018,34.29209048,31.70043723,34.30377198,31.70212017,34.30029617,31.7193919,34.28861467,31.71770896,292,272,348,368,5376
ow,ow-0265.jpg,ow-0265.xml,ow-0265-01-000664,S1_20190511_154837_155017_VV_1,2019-05-11T15:48:37,2019-05-11T15:50:17,S1A_IW_GRDH_1SDV_20190511T154902_20190511T154927_027182_031070_D831.SAFE,640,640,32.52542844,32.91844847,32.66015838,32.93917493,32.6348515,33.05439655,32.50012156,33.0336701,32.55557931,32.97240775,32.59263004,32.97810752,32.58800362,32.99917148,32.55095289,32.9934717,193,265,369,382,20592
ow,ow-0266.jpg,ow-0266.xml,ow-0266-01-000665,S1_20190512_035118_035259_VV_0,2019-05-12T03:51:18,2019-05-12T03:52:59,S1A_IW_GRDH_1SDV_20190512T035208_20190512T035233_027189_0310AB_E893.SAFE,640,640,31.41780253,32.37310966,31.28407102,32.39275897,31.26034308,32.27753023,31.39407459,32.25788092,31.34842877,32.33730071,31.33380189,32.33944986,31.32868555,32.31460366,31.34331244,32.31245452,288,248,358,386,9660
ow,ow-0267.jpg,ow-0267.xml,ow-0267-01-000666,S1_20190512_035118_035259_VV_1,2019-05-12T03:51:18,2019-05-12T03:52:59,S1A_IW_GRDH_1SDV_20190512T035208_20190512T035233_027189_0310AB_E893.SAFE,640,640,31.45427708,32.22510679,31.32054557,32.2447561,31.29681763,32.12952736,31.43054914,32.10987805,31.35413276,32.17786665,31.34577454,32.17909473,31.34447692,32.17279316,31.35283514,32.17156508,420,334,460,369,1400
ow,ow-0267.jpg,ow-0267.xml,ow-0267-02-000667,S1_20190512_035118_035259_VV_1,2019-05-12T03:51:18,2019-05-12T03:52:59,S1A_IW_GRDH_1SDV_20190512T035208_20190512T035233_027189_0310AB_E893.SAFE,640,640,31.45427708,32.22510679,31.32054557,32.2447561,31.29681763,32.12952736,31.43054914,32.10987805,31.35917522,32.22535377,31.34747371,32.22707309,31.34269105,32.20384729,31.35439255,32.20212798,442,74,498,203,7224
ow,ow-0267.jpg,ow-0267.xml,ow-0267-03-000668,S1_20190512_035118_035259_VV_1,2019-05-12T03:51:18,2019-05-12T03:52:59,S1A_IW_GRDH_1SDV_20190512T035208_20190512T035233_027189_0310AB_E893.SAFE,640,640,31.45427708,32.22510679,31.32054557,32.2447561,31.29681763,32.12952736,31.43054914,32.10987805,31.40551183,32.13674335,31.38754166,32.13938373,31.38553961,32.1296613,31.40350978,32.12702093,142,515,228,569,4644
ow,ow-0268.jpg,ow-0268.xml,ow-0268-01-000669,S1_20190512_035118_035259_VV_2,2019-05-12T03:51:18,2019-05-12T03:52:59,S1A_IW_GRDH_1SDV_20190512T035208_20190512T035233_027189_0310AB_E893.SAFE,640,640,31.56644649,32.05502794,31.43283238,32.07496035,31.40876075,31.95970853,31.54237486,31.93977612,31.52821927,31.96064271,31.51256136,31.96297854,31.50947719,31.9482119,31.52513509,31.94587608,86,539,161,621,6150
ow,ow-0268.jpg,ow-0268.xml,ow-0268-02-000670,S1_20190512_035118_035259_VV_2,2019-05-12T03:51:18,2019-05-12T03:52:59,S1A_IW_GRDH_1SDV_20190512T035208_20190512T035233_027189_0310AB_E893.SAFE,640,640,31.56644649,32.05502794,31.43283238,32.07496035,31.40876075,31.95970853,31.54237486,31.93977612,31.45779672,32.06770805,31.45048969,32.0687981,31.44902283,32.06177495,31.45632985,32.06068489,517,19,552,58,1365
ow,ow-0269.jpg,ow-0269.xml,ow-0269-01-000671,S1_20190512_035118_035259_VV_3,2019-05-12T03:51:18,2019-05-12T03:52:59,S1A_IW_GRDH_1SDV_20190512T035208_20190512T035233_027189_0310AB_E893.SAFE,640,640,31.68079089,31.91345906,31.54723548,31.93353277,31.52299309,31.81827079,31.6565485,31.79819708,31.61852578,31.87432644,31.58972789,31.87865484,31.5852582,31.85740341,31.61405609,31.85307502,251,261,389,379,16284
ow,ow-0270.jpg,ow-0270.xml,ow-0270-01-000672,S1_20190512_035118_035259_VV_4,2019-05-12T03:51:18,2019-05-12T03:52:59,S1A_IW_GRDH_1SDV_20190512T035208_20190512T035233_027189_0310AB_E893.SAFE,640,640,31.42721593,31.73847919,31.29443145,31.75833112,31.27056737,31.64308056,31.40335184,31.62322863,31.36527265,31.69241522,31.33290644,31.69725412,31.33126578,31.68933065,31.363632,31.68449174,245,298,401,342,6864
ow,ow-0271.jpg,ow-0271.xml,ow-0271-01-000673,S1_20190512_153943_154058_VV_0,2019-05-12T15:39:43,2019-05-12T15:40:58,S1B_IW_GRDH_1SDV_20190512T154033_20190512T154058_016213_01E833_AEAB.SAFE,640,640,34.18343601,34.10834831,34.320105,34.12900433,34.29450008,34.24423329,34.15783109,34.22357727,34.2369386,34.17151786,34.2435585,34.17251839,34.24139809,34.18224083,34.23477818,34.18124031,306,296,337,350,1674
ow,ow-0272.jpg,ow-0272.xml,ow-0272-01-000674,S1_20190512_153943_154058_VV_1,2019-05-12T15:39:43,2019-05-12T15:40:58,S1B_IW_GRDH_1SDV_20190512T154033_20190512T154058_016213_01E833_AEAB.SAFE,640,640,34.39926208,34.31722529,34.53606488,34.33757411,34.51083971,34.45278944,34.37403691,34.43244062,34.45074849,34.38046378,34.46314625,34.38230789,34.46156967,34.38950885,34.44917192,34.38766474,296,299,354,339,2320
ow,ow-0273.jpg,ow-0273.xml,ow-0273-01-000675,S1_20190513_034219_034359_VV_0,2019-05-13T03:42:19,2019-05-13T03:43:59,S1B_IW_GRDH_1SDV_20190513T034244_20190513T034309_016220_01E86A_B3F7.SAFE,640,640,33.94649042,34.53699304,33.80960687,34.55657787,33.78505725,34.44147612,33.92194079,34.42189129,33.86930518,34.49132401,33.86395817,34.49208904,33.86296084,34.48741304,33.86830786,34.486648,306,306,331,332,650
ow,ow-0274.jpg,ow-0274.xml,ow-0274-01-000676,S1_20190513_034219_034359_VV_5,2019-05-13T03:42:19,2019-05-13T03:43:59,S1B_IW_GRDH_1SDV_20190513T034334_20190513T034359_016220_01E86A_D898.SAFE,640,640,32.85307091,31.53774679,32.72062444,31.55706396,32.6970296,31.44195758,32.82947608,31.42264041,32.82092532,31.45370968,32.81161268,31.45506791,32.81120714,31.45308952,32.82051978,31.45173128,70,479,115,490,495
ow,ow-0274.jpg,ow-0274.xml,ow-0274-02-000677,S1_20190513_034219_034359_VV_5,2019-05-13T03:42:19,2019-05-13T03:43:59,S1B_IW_GRDH_1SDV_20190513T034334_20190513T034359_016220_01E86A_D898.SAFE,640,640,32.85307091,31.53774679,32.72062444,31.55706396,32.6970296,31.44195758,32.82947608,31.42264041,32.75945739,31.51879961,32.73276114,31.52269323,32.73047539,31.5115423,32.75717164,31.50764868,421,176,550,238,7998
ow,ow-0275.jpg,ow-0275.xml,ow-0275-01-000678,S1_20190513_034219_034359_VV_6,2019-05-13T03:42:19,2019-05-13T03:43:59,S1B_IW_GRDH_1SDV_20190513T034334_20190513T034359_016220_01E86A_D898.SAFE,640,640,33.11412084,31.44828168,32.98170697,31.46788517,32.95778138,31.35275214,33.09019525,31.33314865,33.04228499,31.4032878,33.03731947,31.40402293,33.03653442,31.40024512,33.04149994,31.39950999,293,300,317,321,504
ow,ow-0275.jpg,ow-0275.xml,ow-0275-02-000679,S1_20190513_034219_034359_VV_6,2019-05-13T03:42:19,2019-05-13T03:43:59,S1B_IW_GRDH_1SDV_20190513T034334_20190513T034359_016220_01E86A_D898.SAFE,640,640,33.11412084,31.44828168,32.98170697,31.46788517,32.95778138,31.35275214,33.09019525,31.33314865,33.03747415,31.40066229,33.03209484,31.40145868,33.03142193,31.39822056,33.03680125,31.39742417,313,318,339,336,468
ow,ow-0276.jpg,ow-0276.xml,ow-0276-01-000680,S1_20190515_160406_160546_VV_0,2019-05-15T16:04:06,2019-05-15T16:05:46,S1B_IW_GRDH_1SDV_20190515T160431_20190515T160456_016257_01E988_22CD.SAFE,640,640,30.05856859,31.48443912,30.19151477,31.50386178,30.16806408,31.6190209,30.03511791,31.59959824,30.10841571,31.54323191,30.1229567,31.54535626,30.11965894,31.56155052,30.10511796,31.55942616,289,278,359,368,6300
ow,ow-0276.jpg,ow-0276.xml,ow-0276-02-000681,S1_20190515_160406_160546_VV_0,2019-05-15T16:04:06,2019-05-15T16:05:46,S1B_IW_GRDH_1SDV_20190515T160431_20190515T160456_016257_01E988_22CD.SAFE,640,640,30.05856859,31.48443912,30.19151477,31.50386178,30.16806408,31.6190209,30.03511791,31.59959824,30.11243666,31.55289852,30.13154767,31.55569053,30.12619799,31.5819612,30.10708697,31.5791692,317,327,409,473,13432
ow,ow-0277.jpg,ow-0277.xml,ow-0277-01-000682,S1_20190516_155639_155819_VV_0,2019-05-16T15:56:39,2019-05-16T15:58:19,S1A_IW_GRDH_1SDV_20190516T155704_20190516T155729_027255_0312B7_4067.SAFE,640,640,31.8940747,31.77489421,32.02732753,31.79452351,32.00366873,31.9099373,31.8704159,31.890308,31.94612209,31.83699466,31.95445039,31.83822149,31.95256508,31.84741853,31.94423678,31.8461917,302,293,342,344,2040
ow,ow-0278.jpg,ow-0278.xml,ow-0278-01-000683,S1_20190516_155639_155819_VV_1,2019-05-16T15:56:39,2019-05-16T15:58:19,S1A_IW_GRDH_1SDV_20190516T155704_20190516T155729_027255_0312B7_4067.SAFE,640,640,32.16065817,31.88535416,32.29402713,31.90469336,32.27071853,32.02007935,32.13734957,32.00074015,32.20982523,31.94351585,32.22107824,31.94514759,32.21871096,31.95686648,32.20745795,31.95523474,284,275,338,340,3510
ow,ow-0279.jpg,ow-0279.xml,ow-0279-01-000684,S1_20190516_155639_155819_VV_2,2019-05-16T15:56:39,2019-05-16T15:58:19,S1A_IW_GRDH_1SDV_20190516T155729_20190516T155754_027255_0312B7_C2C9.SAFE,640,640,30.71437783,32.90529579,30.84906049,32.92570266,30.82412506,33.04115047,30.6894424,33.0207436,30.76123158,32.97815556,30.76607174,32.97888894,30.76478601,32.98484171,30.75994585,32.98410834,288,353,311,386,759
ow,ow-0279.jpg,ow-0279.xml,ow-0279-02-000685,S1_20190516_155639_155819_VV_2,2019-05-16T15:56:39,2019-05-16T15:58:19,S1A_IW_GRDH_1SDV_20190516T155729_20190516T155754_027255_0312B7_C2C9.SAFE,640,640,30.71437783,32.90529579,30.84906049,32.92570266,30.82412506,33.04115047,30.6894424,33.0207436,30.7678873,32.96947692,30.76999172,32.96979577,30.76940729,32.97250158,30.76730288,32.97218272,310,301,320,316,150
ow,ow-0279.jpg,ow-0279.xml,ow-0279-03-000686,S1_20190516_155639_155819_VV_2,2019-05-16T15:56:39,2019-05-16T15:58:19,S1A_IW_GRDH_1SDV_20190516T155729_20190516T155754_027255_0312B7_C2C9.SAFE,640,640,30.71437783,32.90529579,30.84906049,32.92570266,30.82412506,33.04115047,30.6894424,33.0207436,30.77392733,32.96163643,30.77855705,32.96233792,30.77754404,32.96702799,30.77291433,32.9663265,330,254,352,280,572
ow,ow-0280.jpg,ow-0280.xml,ow-0280-01-000687,S1_20190516_155639_155819_VV_3,2019-05-16T15:56:39,2019-05-16T15:58:19,S1A_IW_GRDH_1SDV_20190516T155729_20190516T155754_027255_0312B7_C2C9.SAFE,640,640,30.84666253,33.06169286,30.98140922,33.08194871,30.95665782,33.19738737,30.82191113,33.17713152,30.90107588,33.12516999,30.90444455,33.12567638,30.90200809,33.13703988,30.89863942,33.13653348,313,297,329,360,1008
ow,ow-0281.jpg,ow-0281.xml,ow-0281-01-000688,S1_20190518_035042_035221_VV_2,2019-05-18T03:50:42,2019-05-18T03:52:21,S1B_IW_GRDH_1SDV_20190518T035107_20190518T035132_016293_01EAA1_3D2D.SAFE,640,640,32.17627311,34.17502109,32.0393466,34.19491581,32.01473888,34.0797707,32.15166539,34.05987598,32.13133155,34.15465325,32.04831985,34.16671443,32.03836142,34.12011664,32.12137312,34.10805547,184,145,572,404,100492
ow,ow-0282.jpg,ow-0282.xml,ow-0282-01-000689,S1_20190518_035042_035221_VV_3,2019-05-18T03:50:42,2019-05-18T03:52:21,S1B_IW_GRDH_1SDV_20190518T035107_20190518T035132_016293_01EAA1_3D2D.SAFE,640,640,33.17109564,33.97428965,33.03463214,33.9952527,33.00870999,33.88005746,33.14517348,33.85909441,33.10698357,33.93739847,33.07883797,33.9417221,33.07324851,33.91688313,33.1013941,33.9125595,253,251,385,389,18216
ow,ow-0283.jpg,ow-0283.xml,ow-0283-01-000690,S1_20190518_035042_035221_VV_4,2019-05-18T03:50:42,2019-05-18T03:52:21,S1B_IW_GRDH_1SDV_20190518T035107_20190518T035132_016293_01EAA1_3D2D.SAFE,640,640,32.39607268,33.15751013,32.26122714,33.17794116,32.23628409,33.06274038,32.37112962,33.04230936,32.32091479,33.11089487,32.31269764,33.11213989,32.31203509,33.10907987,32.32025224,33.10783485,299,312,338,329,663
ow,ow-0284.jpg,ow-0284.xml,ow-0284-01-000691,S1_20190518_035042_035221_VV_5,2019-05-18T03:50:42,2019-05-18T03:52:21,S1B_IW_GRDH_1SDV_20190518T035132_20190518T035157_016293_01EAA1_93CF.SAFE,640,640,31.18053666,32.23623891,31.0470671,32.25577626,31.0235433,32.1406105,31.15701285,32.12107316,31.11290757,32.19220838,31.10373154,32.19355157,31.10115862,32.18095532,31.11033466,32.17961213,273,291,317,361,3080
ow,ow-0284.jpg,ow-0284.xml,ow-0284-02-000692,S1_20190518_035042_035221_VV_5,2019-05-18T03:50:42,2019-05-18T03:52:21,S1B_IW_GRDH_1SDV_20190518T035132_20190518T035157_016293_01EAA1_93CF.SAFE,640,640,31.18053666,32.23623891,31.0470671,32.25577626,31.0235433,32.1406105,31.15701285,32.12107316,31.10753412,32.19429224,31.09189315,32.19658177,31.08983482,32.18650477,31.10547578,32.18421524,300,284,375,340,4200
ow,ow-0285.jpg,ow-0285.xml,ow-0285-01-000693,S1_20190518_035042_035221_VV_6,2019-05-18T03:50:42,2019-05-18T03:52:21,S1B_IW_GRDH_1SDV_20190518T035132_20190518T035157_016293_01EAA1_93CF.SAFE,640,640,32.30554409,31.9271633,32.17259727,31.94795789,32.14756021,31.83270145,32.28050703,31.81190686,32.29316991,31.87118837,32.28486073,31.87248803,32.2813399,31.85628009,32.28964907,31.85498043,1,311,41,401,3600
ow,ow-0285.jpg,ow-0285.xml,ow-0285-02-000694,S1_20190518_035042_035221_VV_6,2019-05-18T03:50:42,2019-05-18T03:52:21,S1B_IW_GRDH_1SDV_20190518T035132_20190518T035157_016293_01EAA1_93CF.SAFE,640,640,32.30554409,31.9271633,32.17259727,31.94795789,32.14756021,31.83270145,32.28050703,31.81190686,32.18791644,31.930479,32.18542368,31.9308689,32.18432831,31.92582643,32.18682107,31.92543653,551,81,563,109,336
ow,ow-0285.jpg,ow-0285.xml,ow-0285-03-000695,S1_20190518_035042_035221_VV_6,2019-05-18T03:50:42,2019-05-18T03:52:21,S1B_IW_GRDH_1SDV_20190518T035132_20190518T035157_016293_01EAA1_93CF.SAFE,640,640,32.30554409,31.9271633,32.17259727,31.94795789,32.14756021,31.83270145,32.28050703,31.81190686,32.19353882,31.94449616,32.19187699,31.94475609,32.19121194,31.94169459,32.19287378,31.94143466,539,1,547,18,136
ow,ow-0285.jpg,ow-0285.xml,ow-0285-04-000696,S1_20190518_035042_035221_VV_6,2019-05-18T03:50:42,2019-05-18T03:52:21,S1B_IW_GRDH_1SDV_20190518T035132_20190518T035157_016293_01EAA1_93CF.SAFE,640,640,32.30554409,31.9271633,32.17259727,31.94795789,32.14756021,31.83270145,32.28050703,31.81190686,32.1902488,31.93923834,32.18796377,31.93959575,32.18737697,31.93689442,32.18966199,31.93653702,549,32,560,47,165
ow,ow-0286.jpg,ow-0286.xml,ow-0286-01-000697,S1_20190518_035042_035221_VV_7,2019-05-18T03:50:42,2019-05-18T03:52:21,S1B_IW_GRDH_1SDV_20190518T035132_20190518T035157_016293_01EAA1_93CF.SAFE,640,640,32.85159782,31.56456433,32.71882994,31.5857734,32.69329448,31.47049841,32.82606237,31.44928934,32.77390639,31.52121441,32.77183189,31.52154581,32.7713531,31.5193844,32.7734276,31.51905301,317,299,327,311,120
ow,ow-0286.jpg,ow-0286.xml,ow-0286-02-000698,S1_20190518_035042_035221_VV_7,2019-05-18T03:50:42,2019-05-18T03:52:21,S1B_IW_GRDH_1SDV_20190518T035132_20190518T035157_016293_01EAA1_93CF.SAFE,640,640,32.85159782,31.56456433,32.71882994,31.5857734,32.69329448,31.47049841,32.82606237,31.44928934,32.77286105,31.51746509,32.76788226,31.51826043,32.76660548,31.51249668,32.77158428,31.51170134,318,320,342,352,768
ow,ow-0286.jpg,ow-0286.xml,ow-0286-03-000699,S1_20190518_035042_035221_VV_7,2019-05-18T03:50:42,2019-05-18T03:52:21,S1B_IW_GRDH_1SDV_20190518T035132_20190518T035157_016293_01EAA1_93CF.SAFE,640,640,32.85159782,31.56456433,32.71882994,31.5857734,32.69329448,31.47049841,32.82606237,31.44928934,32.77075448,31.5118339,32.76785018,31.51229785,32.76681281,31.5076148,32.7697171,31.50715085,322,352,336,378,364
ow,ow-0286.jpg,ow-0286.xml,ow-0286-04-000700,S1_20190518_035042_035221_VV_7,2019-05-18T03:50:42,2019-05-18T03:52:21,S1B_IW_GRDH_1SDV_20190518T035132_20190518T035157_016293_01EAA1_93CF.SAFE,640,640,32.85159782,31.56456433,32.71882994,31.5857734,32.69329448,31.47049841,32.82606237,31.44928934,32.76797784,31.51190447,32.76445119,31.51246784,32.76365321,31.5088655,32.76717985,31.50830213,335,354,352,374,340
ow,ow-0287.jpg,ow-0287.xml,ow-0287-01-000701,S1_20190518_035042_035221_VV_10,2019-05-18T03:50:42,2019-05-18T03:52:21,S1B_IW_GRDH_1SDV_20190518T035132_20190518T035157_016293_01EAA1_93CF.SAFE,640,640,32.38777243,31.43993437,32.25573215,31.46090099,32.23046383,31.34564946,32.36250411,31.32468284,32.37118119,31.36523372,32.35550141,31.3677235,32.35044775,31.3446732,32.36612753,31.34218341,1,415,77,543,9728
ow,ow-0287.jpg,ow-0287.xml,ow-0287-02-000702,S1_20190518_035042_035221_VV_10,2019-05-18T03:50:42,2019-05-18T03:52:21,S1B_IW_GRDH_1SDV_20190518T035132_20190518T035157_016293_01EAA1_93CF.SAFE,640,640,32.38777243,31.43993437,32.25573215,31.46090099,32.23046383,31.34564946,32.36250411,31.32468284,32.33467775,31.36525324,32.32333053,31.36705506,32.31567108,31.33211944,32.32701829,31.33031762,172,446,227,640,10670
ow,ow-0288.jpg,ow-0288.xml,ow-0288-01-000703,S1_20190518_035042_035221_VV_12,2019-05-18T03:50:42,2019-05-18T03:52:21,S1B_IW_GRDH_1SDV_20190518T035132_20190518T035157_016293_01EAA1_93CF.SAFE,640,640,32.5865629,31.29208081,32.4545802,31.31318281,32.42914981,31.19792453,32.5611325,31.17682253,32.51325233,31.25010615,32.50459097,31.25149097,32.50204793,31.23996514,32.51070929,31.23858032,300,288,342,352,2688
ow,ow-0289.jpg,ow-0289.xml,ow-0289-01-000704,S1_20190518_154009_154149_VV_0,2019-05-18T15:40:09,2019-05-18T15:41:49,S1A_IW_GRDH_1SDV_20190518T154059_20190518T154124_027284_03139E_2F70.SAFE;S1A_IW_GRDH_1SDV_20190518T154034_20190518T154059_027284_03139E_215A.SAFE,640,640,34.1377791,32.20301601,34.27099722,32.22421566,34.24526957,32.33947079,34.11205145,32.31827113,34.17325315,32.25267122,34.21696534,32.25962735,34.21025203,32.28970174,34.16653984,32.2827456,216,236,426,403,35070
ow,ow-0290.jpg,ow-0290.xml,ow-0290-01-000705,S1_20190518_154009_154149_VV_2,2019-05-18T15:40:09,2019-05-18T15:41:49,S1A_IW_GRDH_1SDV_20190518T154124_20190518T154149_027284_03139E_D17A.SAFE;S1A_IW_GRDH_1SDV_20190518T154059_20190518T154124_027284_03139E_2F70.SAFE,640,640,34.63918215,33.90599974,34.77548757,33.92636613,34.75034018,34.04155252,34.61403476,34.02118612,34.67955324,33.96183961,34.71746318,33.96750401,34.71400541,33.98334214,34.67609547,33.97767774,239,268,417,356,15664
ow,ow-0291.jpg,ow-0291.xml,ow-0291-01-000706,S1_20190518_154009_154149_VV_3,2019-05-18T15:40:09,2019-05-18T15:41:49,S1A_IW_GRDH_1SDV_20190518T154124_20190518T154149_027284_03139E_D17A.SAFE,640,640,34.38922578,34.07094525,34.52546434,34.09146464,34.5001297,34.20665772,34.36389113,34.18613833,34.41609826,34.13375322,34.43994,34.13734411,34.43788156,34.14670355,34.41403982,34.14311266,185,316,297,368,5824
ow,ow-0291.jpg,ow-0291.xml,ow-0291-02-000707,S1_20190518_154009_154149_VV_3,2019-05-18T15:40:09,2019-05-18T15:41:49,S1A_IW_GRDH_1SDV_20190518T154124_20190518T154149_027284_03139E_D17A.SAFE,640,640,34.38922578,34.07094525,34.52546434,34.09146464,34.5001297,34.20665772,34.36389113,34.18613833,34.42744393,34.12616447,34.47576604,34.13344244,34.47358885,34.14334185,34.42526673,34.13606387,229,266,456,321,12485
ow,ow-0292.jpg,ow-0292.xml,ow-0292-01-000708,S1_20190519_034259_034439_VV_0,2019-05-19T03:42:59,2019-05-19T03:44:39,S1A_IW_GRDH_1SDV_20190519T034324_20190519T034349_027291_0313E1_6AC9.SAFE,640,640,34.4366169,34.50119156,34.29970124,34.52121593,34.27428374,34.40606079,34.41119941,34.38603642,34.37030527,34.46389806,34.3461311,34.46743361,34.34136532,34.44584202,34.36553949,34.44230647,263,253,376,373,13560
ow,ow-0293.jpg,ow-0293.xml,ow-0293-01-000709,S1_20190519_034259_034439_VV_1,2019-05-19T03:42:59,2019-05-19T03:44:39,S1A_IW_GRDH_1SDV_20190519T034349_20190519T034414_027291_0313E1_57A7.SAFE;S1A_IW_GRDH_1SDV_20190519T034324_20190519T034349_027291_0313E1_6AC9.SAFE,640,640,33.72679772,33.51146027,33.59113629,33.53110327,33.56726358,33.41583441,33.702925,33.39619141,33.65907677,33.48175255,33.63893952,33.48466831,33.62830871,33.43333764,33.64844595,33.43042188,282,213,377,498,27075
ow,ow-0294.jpg,ow-0294.xml,ow-0294-01-000710,S1_20190519_034259_034439_VV_6,2019-05-19T03:42:59,2019-05-19T03:44:39,S1A_IW_GRDH_1SDV_20190519T034414_20190519T034439_027291_0313E1_23BF.SAFE,640,640,32.82540327,31.52678375,32.69277874,31.54591695,32.66952226,31.4307357,32.80214679,31.41160249,32.75223191,31.48548022,32.74497901,31.48652657,32.74196293,31.471589,32.74921583,31.47054265,304,280,339,363,2905
ow,ow-0295.jpg,ow-0295.xml,ow-0295-01-000711,S1_20190522_155612_155637_VV_0,2019-05-22T15:56:12,2019-05-22T15:56:37,S1B_IW_GRDH_1SDV_20190522T155612_20190522T155637_016359_01ECA6_FD96.SAFE,640,640,32.26831172,31.57501084,32.40127272,31.59419515,32.3782645,31.7090945,32.2453035,31.68991019,32.36037954,31.64149346,32.37388339,31.64344187,32.37226563,31.65152073,32.35876178,31.64957232,493,288,558,333,2925
ow,ow-0295.jpg,ow-0295.xml,ow-0295-02-000712,S1_20190522_155612_155637_VV_0,2019-05-22T15:56:12,2019-05-22T15:56:37,S1B_IW_GRDH_1SDV_20190522T155612_20190522T155637_016359_01ECA6_FD96.SAFE,640,640,32.26831172,31.57501084,32.40127272,31.59419515,32.3782645,31.7090945,32.2453035,31.68991019,32.3684542,31.65134023,32.37240148,31.65190976,32.37164652,31.6556799,32.36769924,31.65511036,540,335,559,356,399
ow,ow-0295.jpg,ow-0295.xml,ow-0295-03-000713,S1_20190522_155612_155637_VV_0,2019-05-22T15:56:12,2019-05-22T15:56:37,S1B_IW_GRDH_1SDV_20190522T155612_20190522T155637_016359_01ECA6_FD96.SAFE,640,640,32.26831172,31.57501084,32.40127272,31.59419515,32.3782645,31.7090945,32.2453035,31.68991019,32.37661251,31.65436453,32.38159855,31.65508394,32.38069979,31.65957219,32.37571375,31.65885278,581,345,605,370,600
ow,ow-0296.jpg,ow-0296.xml,ow-0296-01-000714,S1_20190522_155612_155637_VV_1,2019-05-22T15:56:12,2019-05-22T15:56:37,S1B_IW_GRDH_1SDV_20190522T155612_20190522T155637_016359_01ECA6_FD96.SAFE,640,640,32.22208712,31.80500011,32.35526371,31.82416582,32.33225181,31.93905964,32.19907522,31.91989394,32.27539918,31.86697301,32.29142198,31.86927888,32.28962418,31.87825496,32.27360137,31.87594909,307,294,384,344,3850
ow,ow-0297.jpg,ow-0297.xml,ow-0297-01-000715,S1_20190522_155612_155637_VV_2,2019-05-22T15:56:12,2019-05-22T15:56:37,S1B_IW_GRDH_1SDV_20190522T155612_20190522T155637_016359_01ECA6_FD96.SAFE,640,640,31.83162326,31.8481344,31.96381442,31.86859117,31.939348,31.98357641,31.80715684,31.96311963,31.88052846,31.91508827,31.89601961,31.91748555,31.89479629,31.92323481,31.87930514,31.92083754,296,320,371,352,2400
ow,ow-0297.jpg,ow-0297.xml,ow-0297-02-000716,S1_20190522_155612_155637_VV_2,2019-05-22T15:56:12,2019-05-22T15:56:37,S1B_IW_GRDH_1SDV_20190522T155612_20190522T155637_016359_01ECA6_FD96.SAFE,640,640,31.83162326,31.8481344,31.96381442,31.86859117,31.939348,31.98357641,31.80715684,31.96311963,31.87638151,31.90850796,31.89207921,31.9109372,31.89062652,31.91776445,31.87492882,31.9153352,270,288,346,326,2888
ow,ow-0298.jpg,ow-0298.xml,ow-0298-01-000717,S1_20190522_155643_155737_VV_0,2019-05-22T15:56:43,2019-05-22T15:57:37,S1B_IW_GRDH_1SDV_20190522T155643_20190522T155712_016359_01ECA7_4C33.SAFE,3164,3164,30.83492821,32.38685491,31.49927613,32.48635533,31.37803164,33.05737752,30.71368373,32.9578771,30.9264372,32.40074656,31.22921524,32.4460941,31.12736067,32.92579606,30.82458264,32.88044852,436,1,1878,2659,3832836
ow,ow-0299.jpg,ow-0299.xml,ow-0299-01-000718,S1_20190522_155643_155737_VV_1,2019-05-22T15:56:43,2019-05-22T15:57:37,S1B_IW_GRDH_1SDV_20190522T155643_20190522T155712_016359_01ECA7_4C33.SAFE,640,640,30.60493674,32.74154566,30.73930808,32.76225187,30.71402944,32.87778756,30.5796581,32.85708135,30.65675577,32.80626056,30.66326438,32.80726352,30.66192146,32.81340135,30.65541285,32.8123984,304,304,335,338,1054
ow,ow-0300.jpg,ow-0300.xml,ow-0300-01-000719,S1_20190522_155643_155737_VV_2,2019-05-22T15:56:43,2019-05-22T15:57:37,S1B_IW_GRDH_1SDV_20190522T155643_20190522T155712_016359_01ECA7_4C33.SAFE,640,640,32.03138004,33.09120231,32.16659485,33.11007805,32.14348274,33.22547523,32.00826793,33.2065995,32.05081034,33.12431204,32.13869997,33.13658127,32.12757726,33.19211617,32.03968763,33.17984694,120,164,536,472,128128
ow,ow-0301.jpg,ow-0301.xml,ow-0301-01-000720,S1_20190522_155643_155737_VV_3,2019-05-22T15:56:43,2019-05-22T15:57:37,S1B_IW_GRDH_1SDV_20190522T155643_20190522T155712_016359_01ECA7_4C33.SAFE,640,640,30.47933344,32.9034139,30.61420299,32.92410067,30.5888512,33.03962484,30.45398165,33.01893808,30.53103748,32.96955815,30.53714875,32.97049552,30.53619806,32.97482768,30.53008679,32.97389031,304,312,333,336,696
ow,ow-0302.jpg,ow-0302.xml,ow-0302-01-000721,S1_20190522_155643_155737_VV_4,2019-05-22T15:56:43,2019-05-22T15:57:37,S1B_IW_GRDH_1SDV_20190522T155643_20190522T155712_016359_01ECA7_4C33.SAFE,640,640,30.40379198,33.07691681,30.53866153,33.09760357,30.51330974,33.21312775,30.37844019,33.19244099,30.50950864,33.20265586,30.51098378,33.20288212,30.51066688,33.20432617,30.50919174,33.20409991,612,587,619,595,56
ow,ow-0302.jpg,ow-0302.xml,ow-0302-02-000722,S1_20190522_155643_155737_VV_4,2019-05-22T15:56:43,2019-05-22T15:57:37,S1B_IW_GRDH_1SDV_20190522T155643_20190522T155712_016359_01ECA7_4C33.SAFE,640,640,30.40379198,33.07691681,30.53866153,33.09760357,30.51330974,33.21312775,30.37844019,33.19244099,30.49755237,33.1707822,30.50050264,33.17123472,30.49978962,33.17448384,30.49683935,33.17403132,525,426,539,444,252
ow,ow-0302.jpg,ow-0302.xml,ow-0302-03-000723,S1_20190522_155643_155737_VV_4,2019-05-22T15:56:43,2019-05-22T15:57:37,S1B_IW_GRDH_1SDV_20190522T155643_20190522T155712_016359_01ECA7_4C33.SAFE,640,640,30.40379198,33.07691681,30.53866153,33.09760357,30.51330974,33.21312775,30.37844019,33.19244099,30.44225159,33.10613868,30.44583406,33.10668817,30.44512104,33.10993729,30.44153857,33.10938779,206,125,223,143,306
ow,ow-0302.jpg,ow-0302.xml,ow-0302-04-000724,S1_20190522_155643_155737_VV_4,2019-05-22T15:56:43,2019-05-22T15:57:37,S1B_IW_GRDH_1SDV_20190522T155643_20190522T155712_016359_01ECA7_4C33.SAFE,640,640,30.40379198,33.07691681,30.53866153,33.09760357,30.51330974,33.21312775,30.37844019,33.19244099,30.49774094,33.16297466,30.51080643,33.16497869,30.50930117,33.17183794,30.49623568,33.16983391,518,384,580,422,2356
ow,ow-0302.jpg,ow-0302.xml,ow-0302-05-000725,S1_20190522_155643_155737_VV_4,2019-05-22T15:56:43,2019-05-22T15:57:37,S1B_IW_GRDH_1SDV_20190522T155643_20190522T155712_016359_01ECA7_4C33.SAFE,640,640,30.40379198,33.07691681,30.53866153,33.09760357,30.51330974,33.21312775,30.37844019,33.19244099,30.50424827,33.18692241,30.51078101,33.18792443,30.50963226,33.19315912,30.50309951,33.1921571,572,507,603,536,899
ow,ow-0302.jpg,ow-0302.xml,ow-0302-06-000726,S1_20190522_155643_155737_VV_4,2019-05-22T15:56:43,2019-05-22T15:57:37,S1B_IW_GRDH_1SDV_20190522T155643_20190522T155712_016359_01ECA7_4C33.SAFE,640,640,30.40379198,33.07691681,30.53866153,33.09760357,30.51330974,33.21312775,30.37844019,33.19244099,30.51336529,33.18309651,30.5196873,33.1840662,30.51861777,33.18893987,30.51229576,33.18797018,610,479,640,506,810
ow,ow-0302.jpg,ow-0302.xml,ow-0302-07-000727,S1_20190522_155643_155737_VV_4,2019-05-22T15:56:43,2019-05-22T15:57:37,S1B_IW_GRDH_1SDV_20190522T155643_20190522T155712_016359_01ECA7_4C33.SAFE,640,640,30.40379198,33.07691681,30.53866153,33.09760357,30.51330974,33.21312775,30.37844019,33.19244099,30.50801135,33.19458974,30.51349042,33.19543014,30.51226244,33.20102584,30.50678337,33.20018544,597,545,623,576,806
ow,ow-0302.jpg,ow-0302.xml,ow-0302-08-000728,S1_20190522_155643_155737_VV_4,2019-05-22T15:56:43,2019-05-22T15:57:37,S1B_IW_GRDH_1SDV_20190522T155643_20190522T155712_016359_01ECA7_4C33.SAFE,640,640,30.40379198,33.07691681,30.53866153,33.09760357,30.51330974,33.21312775,30.37844019,33.19244099,30.50829493,33.20620134,30.51166667,33.20671851,30.51107249,33.20942611,30.50770075,33.20890894,610,607,626,622,240
ow,ow-0302.jpg,ow-0302.xml,ow-0302-09-000729,S1_20190522_155643_155737_VV_4,2019-05-22T15:56:43,2019-05-22T15:57:37,S1B_IW_GRDH_1SDV_20190522T155643_20190522T155712_016359_01ECA7_4C33.SAFE,640,640,30.40379198,33.07691681,30.53866153,33.09760357,30.51330974,33.21312775,30.37844019,33.19244099,30.50950864,33.20265586,30.51098378,33.20288212,30.51066688,33.20432617,30.50919174,33.20409991,612,587,619,595,56
ow,ow-0302.jpg,ow-0302.xml,ow-0302-10-000730,S1_20190522_155643_155737_VV_4,2019-05-22T15:56:43,2019-05-22T15:57:37,S1B_IW_GRDH_1SDV_20190522T155643_20190522T155712_016359_01ECA7_4C33.SAFE,640,640,30.40379198,33.07691681,30.53866153,33.09760357,30.51330974,33.21312775,30.37844019,33.19244099,30.50548725,33.21006208,30.50928045,33.2106439,30.50888433,33.21244896,30.50509112,33.21186715,601,630,619,640,180
ow,ow-0303.jpg,ow-0303.xml,ow-0303-01-000731,S1_20190522_155643_155737_VV_6,2019-05-22T15:56:43,2019-05-22T15:57:37,S1B_IW_GRDH_1SDV_20190522T155643_20190522T155712_016359_01ECA7_4C33.SAFE,640,640,30.19797902,33.2170313,30.33322037,33.23800513,30.30742258,33.35353066,30.17218123,33.33255683,30.24464523,33.26946441,30.27275008,33.27382304,30.26678434,33.30053832,30.23867949,33.29617969,267,242,400,390,19684
ow,ow-0304.jpg,ow-0304.xml,ow-0304-01-000732,S1_20190523_035852_040031_VV_0,2019-05-23T03:58:52,2019-05-23T04:00:31,S1B_IW_GRDH_1SDV_20190523T035942_20190523T040007_016366_01ECE8_9951.SAFE,640,640,31.02075954,32.71054457,30.88685242,32.73186357,30.86094211,32.61660251,30.99484922,32.59528351,30.97209954,32.67146983,30.96017344,32.67336856,30.9586755,32.66670503,30.9706016,32.6648063,184,251,241,288,2109
ow,ow-0304.jpg,ow-0304.xml,ow-0304-02-000733,S1_20190523_035852_040031_VV_0,2019-05-23T03:58:52,2019-05-23T04:00:31,S1B_IW_GRDH_1SDV_20190523T035942_20190523T040007_016366_01ECE8_9951.SAFE,640,640,31.02075954,32.71054457,30.88685242,32.73186357,30.86094211,32.61660251,30.99484922,32.59528351,30.9404102,32.69535564,30.93538869,32.6961551,30.93445753,32.69201291,30.93947905,32.69121345,355,150,379,173,552
ow,ow-0304.jpg,ow-0304.xml,ow-0304-03-000734,S1_20190523_035852_040031_VV_0,2019-05-23T03:58:52,2019-05-23T04:00:31,S1B_IW_GRDH_1SDV_20190523T035942_20190523T040007_016366_01ECE8_9951.SAFE,640,640,31.02075954,32.71054457,30.88685242,32.73186357,30.86094211,32.61660251,30.99484922,32.59528351,30.9512303,32.67889627,30.94244265,32.68029533,30.94159246,32.67651333,30.95038012,32.67511427,288,229,330,250,882
ow,ow-0304.jpg,ow-0304.xml,ow-0304-04-000735,S1_20190523_035852_040031_VV_0,2019-05-23T03:58:52,2019-05-23T04:00:31,S1B_IW_GRDH_1SDV_20190523T035942_20190523T040007_016366_01ECE8_9951.SAFE,640,640,31.02075954,32.71054457,30.88685242,32.73186357,30.86094211,32.61660251,30.99484922,32.59528351,30.9886362,32.65633884,30.9808947,32.65757134,30.9795587,32.65162819,30.9873002,32.65039569,92,318,129,351,1221
ow,ow-0304.jpg,ow-0304.xml,ow-0304-05-000736,S1_20190523_035852_040031_VV_0,2019-05-23T03:58:52,2019-05-23T04:00:31,S1B_IW_GRDH_1SDV_20190523T035942_20190523T040007_016366_01ECE8_9951.SAFE,640,640,31.02075954,32.71054457,30.88685242,32.73186357,30.86094211,32.61660251,30.99484922,32.59528351,30.99580446,32.64773596,30.99015526,32.64863535,30.98902168,32.64359268,30.99467089,32.64269329,50,358,77,386,756
ow,ow-0304.jpg,ow-0304.xml,ow-0304-06-000737,S1_20190523_035852_040031_VV_0,2019-05-23T03:58:52,2019-05-23T04:00:31,S1B_IW_GRDH_1SDV_20190523T035942_20190523T040007_016366_01ECE8_9951.SAFE,640,640,31.02075954,32.71054457,30.88685242,32.73186357,30.86094211,32.61660251,30.99484922,32.59528351,30.99608821,32.6432138,30.99085746,32.64404658,30.9902097,32.64116505,30.99544045,32.64033228,44,382,69,398,400
ow,ow-0305.jpg,ow-0305.xml,ow-0305-01-000738,S1_20190523_035852_040031_VV_1,2019-05-23T03:58:52,2019-05-23T04:00:31,S1B_IW_GRDH_1SDV_20190523T035942_20190523T040007_016366_01ECE8_9951.SAFE,640,640,30.37422998,32.75732473,30.23994836,32.77778431,30.21507701,32.66255974,30.34935864,32.64210016,30.33448023,32.72377177,30.27090628,32.7334581,30.26189041,32.69168919,30.32546437,32.68200286,150,213,453,445,70296
ow,ow-0306.jpg,ow-0306.xml,ow-0306-01-000739,S1_20190523_035852_040031_VV_2,2019-05-23T03:58:52,2019-05-23T04:00:31,S1B_IW_GRDH_1SDV_20190523T035942_20190523T040007_016366_01ECE8_9951.SAFE,640,640,31.14430253,32.64312114,31.01039541,32.66444014,30.9844851,32.54917908,31.11839222,32.52786008,31.07876297,32.59740671,31.05700306,32.60087105,31.0547764,32.5909658,31.0765363,32.58750147,255,301,359,356,5720
ow,ow-0306.jpg,ow-0306.xml,ow-0306-02-000740,S1_20190523_035852_040031_VV_2,2019-05-23T03:58:52,2019-05-23T04:00:31,S1B_IW_GRDH_1SDV_20190523T035942_20190523T040007_016366_01ECE8_9951.SAFE,640,640,31.14430253,32.64312114,31.01039541,32.66444014,30.9844851,32.54917908,31.11839222,32.52786008,31.02054192,32.62570311,31.00673275,32.62790163,31.00547772,32.62231867,31.01928689,32.62012015,553,199,619,230,2046
ow,ow-0306.jpg,ow-0306.xml,ow-0306-03-000741,S1_20190523_035852_040031_VV_2,2019-05-23T03:58:52,2019-05-23T04:00:31,S1B_IW_GRDH_1SDV_20190523T035942_20190523T040007_016366_01ECE8_9951.SAFE,640,640,31.14430253,32.64312114,31.01039541,32.66444014,30.9844851,32.54917908,31.11839222,32.52786008,31.10535697,32.56724357,31.09426779,32.56900905,31.09349858,32.56558723,31.10458776,32.56382175,101,440,154,459,1007
ow,ow-0306.jpg,ow-0306.xml,ow-0306-04-000742,S1_20190523_035852_040031_VV_2,2019-05-23T03:58:52,2019-05-23T04:00:31,S1B_IW_GRDH_1SDV_20190523T035942_20190523T040007_016366_01ECE8_9951.SAFE,640,640,31.14430253,32.64312114,31.01039541,32.66444014,30.9844851,32.54917908,31.11839222,32.52786008,31.03766509,32.62185773,31.01778826,32.62502226,31.01710001,32.62196064,31.03697685,32.6187961,470,205,565,222,1615
ow,ow-0307.jpg,ow-0307.xml,ow-0307-01-000743,S1_20190523_035852_040031_VV_3,2019-05-23T03:58:52,2019-05-23T04:00:31,S1B_IW_GRDH_1SDV_20190523T035942_20190523T040007_016366_01ECE8_9951.SAFE,640,640,30.23897749,31.66681863,30.10650274,31.68750068,30.0816854,31.57223802,30.21416015,31.55155597,30.16460018,31.62146801,30.15714847,31.62263138,30.15594638,31.61704834,30.16339809,31.61588498,302,306,338,337,1116
ow,ow-0308.jpg,ow-0308.xml,ow-0308-01-000744,S1_20190523_154838_155018_VV_3,2019-05-23T15:48:38,2019-05-23T15:50:18,S1A_IW_GRDH_1SDV_20190523T154838_20190523T154903_027357_0315EA_5427.SAFE,640,640,32.71429594,31.20616967,32.84631781,31.22714124,32.82108077,31.34240667,32.68905891,31.3214351,32.78306552,31.27132621,32.78636606,31.2718505,32.78526194,31.27689336,32.7819614,31.27636907,389,291,405,319,448
ow,ow-0308.jpg,ow-0308.xml,ow-0308-02-000745,S1_20190523_154838_155018_VV_3,2019-05-23T15:48:38,2019-05-23T15:50:18,S1A_IW_GRDH_1SDV_20190523T154838_20190523T154903_027357_0315EA_5427.SAFE,640,640,32.71429594,31.20616967,32.84631781,31.22714124,32.82108077,31.34240667,32.68905891,31.3214351,32.75099758,31.27350052,32.75450441,31.27405757,32.75379462,31.27729941,32.75028779,31.27674236,241,330,258,348,306
ow,ow-0309.jpg,ow-0309.xml,ow-0309-01-000746,S1_20190523_154838_155018_VV_14,2019-05-23T15:48:38,2019-05-23T15:50:18,S1A_IW_GRDH_1SDV_20190523T154903_20190523T154928_027357_0315EA_95BE.SAFE,640,640,32.2085773,33.00882646,32.34317927,33.02984649,32.31751834,33.14507907,32.18291637,33.12405904,32.2414965,33.06818416,32.28776593,33.07540979,32.2854805,33.0856727,32.23921107,33.07844706,212,291,432,348,12540
ow,ow-0310.jpg,ow-0310.xml,ow-0310-01-000747,S1_20190524_035119_035300_VV_0,2019-05-24T03:51:19,2019-05-24T03:53:00,S1A_IW_GRDH_1SDV_20190524T035144_20190524T035209_027364_031625_287A.SAFE,640,640,33.22738715,33.38743254,33.09249055,33.40857943,33.06659366,33.29330231,33.20149026,33.27215541,33.17412495,33.33294383,33.16464003,33.33443072,33.16407353,33.33190903,33.17355845,33.33042214,188,337,233,351,630
ow,ow-0310.jpg,ow-0310.xml,ow-0310-02-000748,S1_20190524_035119_035300_VV_0,2019-05-24T03:51:19,2019-05-24T03:53:00,S1A_IW_GRDH_1SDV_20190524T035144_20190524T035209_027364_031625_287A.SAFE,640,640,33.22738715,33.38743254,33.09249055,33.40857943,33.06659366,33.29330231,33.20149026,33.27215541,33.12614532,33.35053434,33.11771428,33.35185602,33.11678362,33.34771324,33.12521465,33.34639156,426,283,466,306,920
ow,ow-0311.jpg,ow-0311.xml,ow-0311-01-000749,S1_20190524_035119_035300_VV_1,2019-05-24T03:51:19,2019-05-24T03:53:00,S1A_IW_GRDH_1SDV_20190524T035144_20190524T035209_027364_031625_287A.SAFE,640,640,33.52941797,33.29089534,33.39471643,33.31248395,33.36828439,33.19719528,33.50298593,33.17560667,33.43450659,33.2737977,33.4241935,33.27545058,33.4229132,33.26986628,33.43322629,33.2682134,417,173,466,204,1519
ow,ow-0311.jpg,ow-0311.xml,ow-0311-02-000750,S1_20190524_035119_035300_VV_1,2019-05-24T03:51:19,2019-05-24T03:53:00,S1A_IW_GRDH_1SDV_20190524T035144_20190524T035209_027364_031625_287A.SAFE,640,640,33.52941797,33.29089534,33.39471643,33.31248395,33.36828439,33.19719528,33.50298593,33.17560667,33.49791161,33.21153038,33.48822993,33.21308206,33.48756913,33.21019985,33.4972508,33.20864817,61,452,107,468,736
ow,ow-0312.jpg,ow-0312.xml,ow-0312-01-000751,S1_20190524_035119_035300_VV_2,2019-05-24T03:51:19,2019-05-24T03:53:00,S1A_IW_GRDH_1SDV_20190524T035209_20190524T035234_027364_031625_B50F.SAFE,640,640,32.04332047,32.41954954,31.90942676,32.43988102,31.88478744,32.32460564,32.01868114,32.30427416,31.96525399,32.37263922,31.96295269,32.37298867,31.9626062,32.37136761,31.9649075,32.37101816,315,316,326,325,99
ow,ow-0313.jpg,ow-0313.xml,ow-0313-01-000752,S1_20190524_035119_035300_VV_3,2019-05-24T03:51:19,2019-05-24T03:53:00,S1A_IW_GRDH_1SDV_20190524T035209_20190524T035234_027364_031625_B50F.SAFE,640,640,31.58431457,32.23130401,31.45069861,32.25123418,31.42663019,32.13598283,31.56024615,32.11605267,31.53355466,32.19338139,31.47927318,32.20147802,31.47303043,32.1715847,31.52731192,32.16348807,199,245,459,411,43160
ow,ow-0314.jpg,ow-0314.xml,ow-0314-01-000753,S1_20190524_035119_035300_VV_4,2019-05-24T03:51:19,2019-05-24T03:53:00,S1A_IW_GRDH_1SDV_20190524T035209_20190524T035234_027364_031625_B50F.SAFE,640,640,31.85184253,32.08595791,31.71834635,32.10617072,31.69393589,31.99089864,31.82743207,31.97068584,31.79140226,32.04045828,31.775341,32.04289013,31.77335765,32.03352427,31.78941891,32.03109242,236,294,313,346,4004
ow,ow-0315.jpg,ow-0315.xml,ow-0315-01-000754,S1_20190524_035119_035300_VV_5,2019-05-24T03:51:19,2019-05-24T03:53:00,S1A_IW_GRDH_1SDV_20190524T035209_20190524T035234_027364_031625_B50F.SAFE,640,640,31.98564384,32.06718601,31.85214766,32.08739882,31.8277372,31.97212674,31.96123339,31.95191393,31.91500065,32.02230177,31.90019092,32.02454413,31.89862712,32.01715951,31.91343686,32.01491715,284,299,355,340,2911
ow,ow-0316.jpg,ow-0316.xml,ow-0316-01-000755,S1_20190524_035119_035300_VV_7,2019-05-24T03:51:19,2019-05-24T03:53:00,S1A_IW_GRDH_1SDV_20190524T035209_20190524T035234_027364_031625_B50F.SAFE,640,640,32.12100144,31.95963401,31.98762314,31.98013087,31.96287137,31.86484077,32.09624967,31.8443439,32.04685433,31.9140868,32.03830978,31.91539988,32.03722689,31.91035594,32.04577144,31.90904286,299,306,340,334,1148
ow,ow-0317.jpg,ow-0317.xml,ow-0317-01-000756,S1_20190524_035119_035300_VV_10,2019-05-24T03:51:19,2019-05-24T03:53:00,S1A_IW_GRDH_1SDV_20190524T035209_20190524T035234_027364_031625_B50F.SAFE,640,640,31.89125001,31.69525469,31.75869525,31.71565734,31.73416916,31.60036531,31.86672392,31.57996266,31.83135079,31.59768603,31.82058072,31.59934375,31.81935441,31.59357915,31.83012449,31.59192143,183,574,235,606,1664
ow,ow-0317.jpg,ow-0317.xml,ow-0317-02-000757,S1_20190524_035119_035300_VV_10,2019-05-24T03:51:19,2019-05-24T03:53:00,S1A_IW_GRDH_1SDV_20190524T035209_20190524T035234_027364_031625_B50F.SAFE,640,640,31.89125001,31.69525469,31.75869525,31.71565734,31.73416916,31.60036531,31.86672392,31.57996266,31.76691967,31.70806601,31.76029194,31.70908614,31.75925724,31.70422226,31.76588498,31.70320213,594,34,626,61,864
ow,ow-0317.jpg,ow-0317.xml,ow-0317-03-000758,S1_20190524_035119_035300_VV_10,2019-05-24T03:51:19,2019-05-24T03:53:00,S1A_IW_GRDH_1SDV_20190524T035209_20190524T035234_027364_031625_B50F.SAFE,640,640,31.89125001,31.69525469,31.75869525,31.71565734,31.73416916,31.60036531,31.86672392,31.57996266,31.86183548,31.63541151,31.84940847,31.63732426,31.84818217,31.63155965,31.86060917,31.62964691,78,346,138,378,1920
ow,ow-0318.jpg,ow-0318.xml,ow-0318-01-000759,S1_20190524_035119_035300_VV_11,2019-05-24T03:51:19,2019-05-24T03:53:00,S1A_IW_GRDH_1SDV_20190524T035209_20190524T035234_027364_031625_B50F.SAFE,640,640,31.10264784,31.82438377,30.96975126,31.84395555,30.94622346,31.72873035,31.07912004,31.70915857,31.04225686,31.77374706,31.00280319,31.77955743,30.99475227,31.74012881,31.03420594,31.73431844,234,321,424,540,41610
ow,ow-0319.jpg,ow-0319.xml,ow-0319-01-000760,S1_20190524_153944_154059_VV_0,2019-05-24T15:39:44,2019-05-24T15:40:59,S1B_IW_GRDH_1SDV_20190524T154034_20190524T154059_016388_01ED9E_45F8.SAFE,640,640,34.62852657,33.66905158,34.76460081,33.6894271,34.73947983,33.80465703,34.60340559,33.78428151,34.66553175,33.72590776,34.70656664,33.73205225,34.70291625,33.7487966,34.66188136,33.74265211,225,276,418,369,17949
ow,ow-0320.jpg,ow-0320.xml,ow-0320-01-000761,S1_20190524_153944_154059_VV_1,2019-05-24T15:39:44,2019-05-24T15:40:59,S1B_IW_GRDH_1SDV_20190524T154034_20190524T154059_016388_01ED9E_45F8.SAFE,640,640,34.8293628,34.01433439,34.96629827,34.03436975,34.94145772,34.14956901,34.80452225,34.12953365,34.88145557,34.06856131,34.89493516,34.07053354,34.88965654,34.09501339,34.87617695,34.09304116,289,251,352,387,8568
ow,ow-0321.jpg,ow-0321.xml,ow-0321-01-000762,S1_20190524_153944_154059_VV_2,2019-05-24T15:39:44,2019-05-24T15:40:59,S1B_IW_GRDH_1SDV_20190524T154034_20190524T154059_016388_01ED9E_45F8.SAFE,640,640,35.59882373,34.44036462,35.73614648,34.45947091,35.71245832,34.57460687,35.57513558,34.55550059,35.65434665,34.50304951,35.65863799,34.50364658,35.65689839,34.51210188,35.65260705,34.51150481,310,297,330,344,940
ow,ow-0322.jpg,ow-0322.xml,ow-0322-01-000763,S1_20190525_034220_034400_VV_0,2019-05-25T03:42:20,2019-05-25T03:44:00,S1B_IW_GRDH_1SDV_20190525T034245_20190525T034310_016395_01EDD2_086E.SAFE,640,640,35.08459997,33.60521284,34.94925955,33.62619763,34.92346367,33.51096847,35.0588041,33.48998368,35.00757711,33.56219833,35.00229037,33.56301805,35.00027507,33.55401577,35.0055618,33.55319605,308,295,333,345,1250
ow,ow-0323.jpg,ow-0323.xml,ow-0323-01-000764,S1_20190525_034220_034400_VV_1,2019-05-25T03:42:20,2019-05-25T03:44:00,S1B_IW_GRDH_1SDV_20190525T034310_20190525T034335_016395_01EDD2_3C73.SAFE,640,640,34.83129683,32.66733838,34.69682011,32.68820694,34.67195189,32.57286083,34.80642861,32.55199227,34.77061416,32.63968994,34.74014678,32.64441798,34.72981092,32.59647725,34.76027831,32.59174922,252,199,397,465,38570
ow,ow-0324.jpg,ow-0324.xml,ow-0324-01-000765,S1_20190525_034220_034400_VV_3,2019-05-25T03:42:20,2019-05-25T03:44:00,S1B_IW_GRDH_1SDV_20190525T034335_20190525T034400_016395_01EDD2_0888.SAFE,640,640,34.31426334,31.52267326,34.1814455,31.54332873,34.15648066,31.42807219,34.2892985,31.40741672,34.22965788,31.48761681,34.22716754,31.4880041,34.22646541,31.48476251,34.22895574,31.48437522,359,259,371,277,216
ow,ow-0324.jpg,ow-0324.xml,ow-0324-02-000766,S1_20190525_034220_034400_VV_3,2019-05-25T03:42:20,2019-05-25T03:44:00,S1B_IW_GRDH_1SDV_20190525T034335_20190525T034400_016395_01EDD2_0888.SAFE,640,640,34.31426334,31.52267326,34.1814455,31.54332873,34.15648066,31.42807219,34.2892985,31.40741672,34.19074755,31.44564013,34.18929485,31.44586604,34.18909982,31.4449656,34.19055251,31.44473968,498,517,505,522,35
ow,ow-0324.jpg,ow-0324.xml,ow-0324-03-000767,S1_20190525_034220_034400_VV_3,2019-05-25T03:42:20,2019-05-25T03:44:00,S1B_IW_GRDH_1SDV_20190525T034335_20190525T034400_016395_01EDD2_0888.SAFE,640,640,34.31426334,31.52267326,34.1814455,31.54332873,34.15648066,31.42807219,34.2892985,31.40741672,34.26355025,31.50840762,34.2527588,31.51008587,34.25190064,31.50612393,34.26269209,31.50444567,222,119,274,141,1144
ow,ow-0324.jpg,ow-0324.xml,ow-0324-04-000768,S1_20190525_034220_034400_VV_3,2019-05-25T03:42:20,2019-05-25T03:44:00,S1B_IW_GRDH_1SDV_20190525T034335_20190525T034400_016395_01EDD2_0888.SAFE,640,640,34.31426334,31.52267326,34.1814455,31.54332873,34.15648066,31.42807219,34.2892985,31.40741672,34.18280845,31.44464094,34.18114823,31.44489913,34.18079716,31.44327833,34.18245739,31.44302014,534,529,542,538,72
ow,ow-0324.jpg,ow-0324.xml,ow-0324-05-000769,S1_20190525_034220_034400_VV_3,2019-05-25T03:42:20,2019-05-25T03:44:00,S1B_IW_GRDH_1SDV_20190525T034335_20190525T034400_016395_01EDD2_0888.SAFE,640,640,34.31426334,31.52267326,34.1814455,31.54332873,34.15648066,31.42807219,34.2892985,31.40741672,34.20490134,31.47434065,34.20261853,31.47469566,34.20211143,31.47235451,34.20439424,31.4719995,461,351,472,364,143
ow,ow-0324.jpg,ow-0324.xml,ow-0324-06-000770,S1_20190525_034220_034400_VV_3,2019-05-25T03:42:20,2019-05-25T03:44:00,S1B_IW_GRDH_1SDV_20190525T034335_20190525T034400_016395_01EDD2_0888.SAFE,640,640,34.31426334,31.52267326,34.1814455,31.54332873,34.15648066,31.42807219,34.2892985,31.40741672,34.22788543,31.47151084,34.22560263,31.47186586,34.22501751,31.46916453,34.22730032,31.46880952,351,347,362,362,165
ow,ow-0324.jpg,ow-0324.xml,ow-0324-07-000771,S1_20190525_034220_034400_VV_3,2019-05-25T03:42:20,2019-05-25T03:44:00,S1B_IW_GRDH_1SDV_20190525T034335_20190525T034400_016395_01EDD2_0888.SAFE,640,640,34.31426334,31.52267326,34.1814455,31.54332873,34.15648066,31.42807219,34.2892985,31.40741672,34.24621015,31.48876574,34.23832409,31.48999216,34.23773897,31.48729083,34.24562503,31.48606441,283,239,321,254,570
ow,ow-0324.jpg,ow-0324.xml,ow-0324-08-000772,S1_20190525_034220_034400_VV_3,2019-05-25T03:42:20,2019-05-25T03:44:00,S1B_IW_GRDH_1SDV_20190525T034335_20190525T034400_016395_01EDD2_0888.SAFE,640,640,34.31426334,31.52267326,34.1814455,31.54332873,34.15648066,31.42807219,34.2892985,31.40741672,34.2897003,31.50731931,34.28824761,31.50754523,34.28777952,31.50538417,34.28923221,31.50515825,99,103,106,115,84
ow,ow-0324.jpg,ow-0324.xml,ow-0324-09-000773,S1_20190525_034220_034400_VV_3,2019-05-25T03:42:20,2019-05-25T03:44:00,S1B_IW_GRDH_1SDV_20190525T034335_20190525T034400_016395_01EDD2_0888.SAFE,640,640,34.31426334,31.52267326,34.1814455,31.54332873,34.15648066,31.42807219,34.2892985,31.40741672,34.25699372,31.49695491,34.24890013,31.4982136,34.24811998,31.49461183,34.25621357,31.49335314,241,186,280,206,780
ow,ow-0324.jpg,ow-0324.xml,ow-0324-10-000774,S1_20190525_034220_034400_VV_3,2019-05-25T03:42:20,2019-05-25T03:44:00,S1B_IW_GRDH_1SDV_20190525T034335_20190525T034400_016395_01EDD2_0888.SAFE,640,640,34.31426334,31.52267326,34.1814455,31.54332873,34.15648066,31.42807219,34.2892985,31.40741672,34.26055109,31.52823413,34.25847581,31.52855687,34.25820276,31.52729625,34.26027804,31.52697351,256,15,266,22,70
ow,ow-0324.jpg,ow-0324.xml,ow-0324-11-000775,S1_20190525_034220_034400_VV_3,2019-05-25T03:42:20,2019-05-25T03:44:00,S1B_IW_GRDH_1SDV_20190525T034335_20190525T034400_016395_01EDD2_0888.SAFE,640,640,34.31426334,31.52267326,34.1814455,31.54332873,34.15648066,31.42807219,34.2892985,31.40741672,34.29429858,31.51963502,34.29222331,31.51995777,34.29195025,31.51869715,34.29402553,31.5183744,90,33,100,40,70
ow,ow-0324.jpg,ow-0324.xml,ow-0324-12-000776,S1_20190525_034220_034400_VV_3,2019-05-25T03:42:20,2019-05-25T03:44:00,S1B_IW_GRDH_1SDV_20190525T034335_20190525T034400_016395_01EDD2_0888.SAFE,640,640,34.31426334,31.52267326,34.1814455,31.54332873,34.15648066,31.42807219,34.2892985,31.40741672,34.2542507,31.48528144,34.25217542,31.48560418,34.25182435,31.48398338,34.25389963,31.48366064,242,251,252,260,90
ow,ow-0324.jpg,ow-0324.xml,ow-0324-13-000777,S1_20190525_034220_034400_VV_3,2019-05-25T03:42:20,2019-05-25T03:44:00,S1B_IW_GRDH_1SDV_20190525T034335_20190525T034400_016395_01EDD2_0888.SAFE,640,640,34.31426334,31.52267326,34.1814455,31.54332873,34.15648066,31.42807219,34.2892985,31.40741672,34.26458808,31.48348764,34.26251281,31.48381038,34.26192769,31.48110906,34.26400297,31.48078632,192,252,202,267,150
ow,ow-0325.jpg,ow-0325.xml,ow-0325-01-000778,S1_20190525_034220_034400_VV_4,2019-05-25T03:42:20,2019-05-25T03:44:00,S1B_IW_GRDH_1SDV_20190525T034335_20190525T034400_016395_01EDD2_0888.SAFE,640,640,32.78308367,31.5332794,32.65063767,31.55259515,32.62704503,31.4374889,32.75949103,31.41817315,32.70046736,31.4556769,32.69322422,31.45673323,32.69219204,31.45169734,32.69943518,31.45064101,313,484,348,512,980
ow,ow-0325.jpg,ow-0325.xml,ow-0325-02-000779,S1_20190525_034220_034400_VV_4,2019-05-25T03:42:20,2019-05-25T03:44:00,S1B_IW_GRDH_1SDV_20190525T034335_20190525T034400_016395_01EDD2_0888.SAFE,640,640,32.78308367,31.5332794,32.65063767,31.55259515,32.62704503,31.4374889,32.75949103,31.41817315,32.70153457,31.47960112,32.69098028,31.48114034,32.68961633,31.47448576,32.70017062,31.47294654,331,354,382,391,1887
ow,ow-0325.jpg,ow-0325.xml,ow-0325-03-000780,S1_20190525_034220_034400_VV_4,2019-05-25T03:42:20,2019-05-25T03:44:00,S1B_IW_GRDH_1SDV_20190525T034335_20190525T034400_016395_01EDD2_0888.SAFE,640,640,32.78308367,31.5332794,32.65063767,31.55259515,32.62704503,31.4374889,32.75949103,31.41817315,32.75494767,31.48959347,32.74873926,31.4904989,32.74770708,31.485463,32.75391549,31.48455757,90,258,120,286,840
ow,ow-0325.jpg,ow-0325.xml,ow-0325-04-000781,S1_20190525_034220_034400_VV_4,2019-05-25T03:42:20,2019-05-25T03:44:00,S1B_IW_GRDH_1SDV_20190525T034335_20190525T034400_016395_01EDD2_0888.SAFE,640,640,32.78308367,31.5332794,32.65063767,31.55259515,32.62704503,31.4374889,32.75949103,31.41817315,32.77778956,31.5084898,32.76764916,31.50996866,32.76621149,31.50295437,32.77635188,31.50147551,1,138,50,177,1911
ow,ow-0325.jpg,ow-0325.xml,ow-0325-05-000782,S1_20190525_034220_034400_VV_4,2019-05-25T03:42:20,2019-05-25T03:44:00,S1B_IW_GRDH_1SDV_20190525T034335_20190525T034400_016395_01EDD2_0888.SAFE,640,640,32.78308367,31.5332794,32.65063767,31.55259515,32.62704503,31.4374889,32.75949103,31.41817315,32.72101131,31.44360455,32.71314733,31.44475142,32.71215202,31.43989538,32.720016,31.4387485,205,533,243,560,1026
ow,ow-0325.jpg,ow-0325.xml,ow-0325-06-000783,S1_20190525_034220_034400_VV_4,2019-05-25T03:42:20,2019-05-25T03:44:00,S1B_IW_GRDH_1SDV_20190525T034335_20190525T034400_016395_01EDD2_0888.SAFE,640,640,32.78308367,31.5332794,32.65063767,31.55259515,32.62704503,31.4374889,32.75949103,31.41817315,32.69439656,31.43229718,32.68673953,31.43341387,32.68581794,31.42891753,32.69347497,31.42780084,319,615,356,640,925
ow,ow-0325.jpg,ow-0325.xml,ow-0325-07-000784,S1_20190525_034220_034400_VV_4,2019-05-25T03:42:20,2019-05-25T03:44:00,S1B_IW_GRDH_1SDV_20190525T034335_20190525T034400_016395_01EDD2_0888.SAFE,640,640,32.78308367,31.5332794,32.65063767,31.55259515,32.62704503,31.4374889,32.75949103,31.41817315,32.70046736,31.4556769,32.69322422,31.45673323,32.69219204,31.45169734,32.69943518,31.45064101,313,484,348,512,980
ow,ow-0325.jpg,ow-0325.xml,ow-0325-08-000785,S1_20190525_034220_034400_VV_4,2019-05-25T03:42:20,2019-05-25T03:44:00,S1B_IW_GRDH_1SDV_20190525T034335_20190525T034400_016395_01EDD2_0888.SAFE,640,640,32.78308367,31.5332794,32.65063767,31.55259515,32.62704503,31.4374889,32.75949103,31.41817315,32.72101131,31.44360455,32.71314733,31.44475142,32.71215202,31.43989538,32.720016,31.4387485,205,533,243,560,1026
ow,ow-0326.jpg,ow-0326.xml,ow-0326-01-000786,S1_20190525_034220_034400_VV_5,2019-05-25T03:42:20,2019-05-25T03:44:00,S1B_IW_GRDH_1SDV_20190525T034335_20190525T034400_016395_01EDD2_0888.SAFE,640,640,32.81100272,31.41084887,32.67857846,31.4300165,32.65515119,31.31492388,32.78757546,31.29575625,32.74185289,31.38716413,32.73440403,31.38824231,32.73315946,31.38212802,32.74060832,31.38104984,302,182,338,216,1224
ow,ow-0327.jpg,ow-0327.xml,ow-0327-01-000787,S1_20190527_160407_160547_VV_0,2019-05-27T16:04:07,2019-05-27T16:05:47,S1B_IW_GRDH_1SDV_20190527T160432_20190527T160457_016432_01EEE6_D19F.SAFE,640,640,30.02086141,31.50050168,30.15382495,31.51988019,30.13039164,31.63520826,29.9974281,31.61582976,30.07046761,31.56060932,30.08251744,31.5623655,30.08010087,31.5742587,30.06805105,31.57250253,289,285,347,351,3828
ow,ow-0328.jpg,ow-0328.xml,ow-0328-01-000788,S1_20190528_155640_155820_VV_0,2019-05-28T15:56:40,2019-05-28T15:58:20,S1A_IW_GRDH_1SDV_20190528T155730_20190528T155755_027430_03182C_4CA8.SAFE,1151,1151,30.21627975,33.06886118,30.45981782,33.10631899,30.41373016,33.31393917,30.17019209,33.27648136,30.19969381,33.19483695,30.23016251,33.19952325,30.21959158,33.24714421,30.18912288,33.24245791,52,689,196,953,38016
ow,ow-0328.jpg,ow-0328.xml,ow-0328-02-000789,S1_20190528_155640_155820_VV_0,2019-05-28T15:56:40,2019-05-28T15:58:20,S1A_IW_GRDH_1SDV_20190528T155730_20190528T155755_027430_03182C_4CA8.SAFE,1151,1151,30.21627975,33.06886118,30.45981782,33.10631899,30.41373016,33.31393917,30.17019209,33.27648136,30.26553977,33.07662425,30.347636,33.08925121,30.31904644,33.21804426,30.2369502,33.20541731,233,1,621,715,277032
ow,ow-0328.jpg,ow-0328.xml,ow-0328-03-000790,S1_20190528_155640_155820_VV_0,2019-05-28T15:56:40,2019-05-28T15:58:20,S1A_IW_GRDH_1SDV_20190528T155730_20190528T155755_027430_03182C_4CA8.SAFE,1151,1151,30.21627975,33.06886118,30.45981782,33.10631899,30.41373016,33.31393917,30.17019209,33.27648136,30.23397783,33.18332137,30.24561518,33.18511127,30.23988926,33.21090596,30.22825191,33.20911606,197,599,252,742,7865
ow,ow-0329.jpg,ow-0329.xml,ow-0329-01-000791,S1_20190528_155640_155820_VV_1,2019-05-28T15:56:40,2019-05-28T15:58:20,S1A_IW_GRDH_1SDV_20190528T155705_20190528T155730_027430_03182C_0E32.SAFE,640,640,30.29856002,31.62351761,30.43114692,31.64472843,30.40558333,31.76024365,30.27299643,31.73903283,30.37427104,31.69431071,30.37634271,31.69464213,30.37482487,31.70150085,30.3727532,31.70116943,426,314,436,352,380
ow,ow-0330.jpg,ow-0330.xml,ow-0330-01-000792,S1_20190528_155640_155820_VV_2,2019-05-28T15:56:40,2019-05-28T15:58:20,S1A_IW_GRDH_1SDV_20190528T155705_20190528T155730_027430_03182C_0E32.SAFE,640,640,30.40622557,31.75818687,30.53887513,31.77925492,30.51348271,31.89476472,30.38083315,31.87369667,30.45881306,31.82145402,30.46233656,31.82201364,30.46011473,31.83212075,30.45659122,31.83156113,310,294,327,350,952
ow,ow-0331.jpg,ow-0331.xml,ow-0331-01-000793,S1_20190528_155640_155820_VV_3,2019-05-28T15:56:40,2019-05-28T15:58:20,S1A_IW_GRDH_1SDV_20190528T155730_20190528T155755_027430_03182C_4CA8.SAFE,640,640,30.23420726,32.95208316,30.36869531,32.97294143,30.34321157,33.08841082,30.20872352,33.06755255,30.28165158,32.98034029,30.31254181,32.98513118,30.29438464,33.06740311,30.26349442,33.06261223,247,112,394,568,67032
ow,ow-0332.jpg,ow-0332.xml,ow-0332-01-000794,S1_20190528_155640_155820_VV_4,2019-05-28T15:56:40,2019-05-28T15:58:20,S1A_IW_GRDH_1SDV_20190528T155730_20190528T155755_027430_03182C_4CA8.SAFE,640,640,30.06513549,33.21209293,30.20048471,33.23307422,30.1746704,33.34852495,30.03932118,33.32754366,30.10163591,33.23772202,30.17650095,33.2493273,30.16073002,33.31986048,30.08586498,33.3082552,193,107,547,498,138414
ow,ow-0332.jpg,ow-0332.xml,ow-0332-02-000795,S1_20190528_155640_155820_VV_4,2019-05-28T15:56:40,2019-05-28T15:58:20,S1A_IW_GRDH_1SDV_20190528T155730_20190528T155755_027430_03182C_4CA8.SAFE,640,640,30.06513549,33.21209293,30.20048471,33.23307422,30.1746704,33.34852495,30.03932118,33.32754366,30.19078591,33.23437042,30.19543854,33.23509165,30.19398649,33.24158575,30.18933386,33.24086452,597,15,619,51,792
ow,ow-0332.jpg,ow-0332.xml,ow-0332-03-000796,S1_20190528_155640_155820_VV_4,2019-05-28T15:56:40,2019-05-28T15:58:20,S1A_IW_GRDH_1SDV_20190528T155730_20190528T155755_027430_03182C_4CA8.SAFE,640,640,30.06513549,33.21209293,30.20048471,33.23307422,30.1746704,33.34852495,30.03932118,33.32754366,30.06565307,33.30568196,30.08341766,33.30843576,30.07781111,33.33351021,30.06004653,33.33075642,98,501,182,640,11676
ow,ow-0333.jpg,ow-0333.xml,ow-0333-01-000797,S1_20190528_155640_155820_VV_5,2019-05-28T15:56:40,2019-05-28T15:58:20,S1A_IW_GRDH_1SDV_20190528T155730_20190528T155755_027430_03182C_4CA8.SAFE,640,640,29.97143508,33.31702023,30.10678431,33.33800152,30.08097,33.45345225,29.94562077,33.43247096,30.02958416,33.35739051,30.03677459,33.35850514,30.03350746,33.37311687,30.02631704,33.37200224,307,168,341,249,2754
ow,ow-0333.jpg,ow-0333.xml,ow-0333-02-000798,S1_20190528_155640_155820_VV_5,2019-05-28T15:56:40,2019-05-28T15:58:20,S1A_IW_GRDH_1SDV_20190528T155730_20190528T155755_027430_03182C_4CA8.SAFE,640,640,29.97143508,33.31702023,30.10678431,33.33800152,30.08097,33.45345225,29.94562077,33.43247096,30.02510809,33.37349463,30.0274344,33.37385525,30.02622436,33.379267,30.02389804,33.37890639,303,258,314,288,330
ow,ow-0333.jpg,ow-0333.xml,ow-0333-03-000799,S1_20190528_155640_155820_VV_5,2019-05-28T15:56:40,2019-05-28T15:58:20,S1A_IW_GRDH_1SDV_20190528T155730_20190528T155755_027430_03182C_4CA8.SAFE,640,640,29.97143508,33.31702023,30.10678431,33.33800152,30.08097,33.45345225,29.94562077,33.43247096,29.95837961,33.4008528,29.99285137,33.40619648,29.98559109,33.43866699,29.95111934,33.43332332,26,460,189,640,29340
ow,ow-0334.jpg,ow-0334.xml,ow-0334-01-000800,S1_20190528_155640_155820_VV_6,2019-05-28T15:56:40,2019-05-28T15:58:20,S1A_IW_GRDH_1SDV_20190528T155755_20190528T155820_027430_03182C_A8F6.SAFE,640,640,30.06316205,34.62098964,30.20058893,34.64160003,30.17485179,34.75699882,30.03742491,34.73638844,30.11249598,34.68037776,30.12860069,34.68279304,30.12510205,34.69848006,30.10899734,34.69606478,282,279,357,366,6525
ow,ow-0335.jpg,ow-0335.xml,ow-0335-01-000801,S1_20190529_035929_040109_VV_0,2019-05-29T03:59:29,2019-05-29T04:01:09,S1A_IW_GRDH_1SDV_20190529T035954_20190529T040019_027437_031860_E8F6.SAFE,640,640,31.60751524,34.55145395,31.47037057,34.57270682,31.44388147,34.45747345,31.58102614,34.43622058,31.57910831,34.53310722,31.48074986,34.54834951,31.4660153,34.48425095,31.56437374,34.46900866,109,122,568,478,163404
ow,ow-0336.jpg,ow-0336.xml,ow-0336-01-000802,S1_20190529_035929_040109_VV_1,2019-05-29T03:59:29,2019-05-29T04:01:09,S1A_IW_GRDH_1SDV_20190529T035954_20190529T040019_027437_031860_E8F6.SAFE,640,640,31.17951535,33.82606764,31.04328054,33.84718326,31.01715654,33.73193199,31.15339135,33.71081638,31.10258451,33.77927335,31.09470843,33.7804941,31.09417779,33.77815305,31.10205386,33.77693231,301,315,338,328,481
ow,ow-0337.jpg,ow-0337.xml,ow-0337-01-000803,S1_20190529_035929_040109_VV_2,2019-05-29T03:59:29,2019-05-29T04:01:09,S1A_IW_GRDH_1SDV_20190529T040019_20190529T040044_027437_031860_421A.SAFE,640,640,30.65728055,31.8744726,30.52463143,31.89554859,30.49927014,31.78022229,30.63191925,31.75914629,30.61060295,31.85242301,30.60811578,31.85281818,30.60752137,31.85011522,30.61000854,31.84972005,195,158,207,173,180
ow,ow-0337.jpg,ow-0337.xml,ow-0337-02-000804,S1_20190529_035929_040109_VV_2,2019-05-29T03:59:29,2019-05-29T04:01:09,S1A_IW_GRDH_1SDV_20190529T040019_20190529T040044_027437_031860_421A.SAFE,640,640,30.65728055,31.8744726,30.52463143,31.89554859,30.49927014,31.78022229,30.63191925,31.75914629,30.54626144,31.78711606,30.54211615,31.78777469,30.54124436,31.78381035,30.54538964,31.78315172,428,563,448,585,440
ow,ow-0338.jpg,ow-0338.xml,ow-0338-01-000805,S1_20190529_035929_040109_VV_3,2019-05-29T03:59:29,2019-05-29T04:01:09,S1A_IW_GRDH_1SDV_20190529T040019_20190529T040044_027437_031860_421A.SAFE,640,640,30.58983196,31.73748633,30.45718285,31.75856233,30.43182156,31.64323602,30.56447067,31.62216003,30.54224024,31.73273939,30.53996034,31.73310163,30.53964332,31.73166005,30.54192323,31.73129781,217,66,228,74,88
ow,ow-0338.jpg,ow-0338.xml,ow-0338-02-000806,S1_20190529_035929_040109_VV_3,2019-05-29T03:59:29,2019-05-29T04:01:09,S1A_IW_GRDH_1SDV_20190529T040019_20190529T040044_027437_031860_421A.SAFE,640,640,30.58983196,31.73748633,30.45718285,31.75856233,30.43182156,31.64323602,30.56447067,31.62216003,30.51372636,31.7493919,30.51041014,31.7499188,30.50914207,31.74415249,30.5124583,31.74362559,367,1,383,33,512
ow,ow-0338.jpg,ow-0338.xml,ow-0338-03-000807,S1_20190529_035929_040109_VV_3,2019-05-29T03:59:29,2019-05-29T04:01:09,S1A_IW_GRDH_1SDV_20190529T040019_20190529T040044_027437_031860_421A.SAFE,640,640,30.58983196,31.73748633,30.45718285,31.75856233,30.43182156,31.64323602,30.56447067,31.62216003,30.52505827,31.71215766,30.51904761,31.71311267,30.51789843,31.70788695,30.52390909,31.70693194,276,191,305,220,841
ow,ow-0338.jpg,ow-0338.xml,ow-0338-04-000808,S1_20190529_035929_040109_VV_3,2019-05-29T03:59:29,2019-05-29T04:01:09,S1A_IW_GRDH_1SDV_20190529T040019_20190529T040044_027437_031860_421A.SAFE,640,640,30.58983196,31.73748633,30.45718285,31.75856233,30.43182156,31.64323602,30.56447067,31.62216003,30.50732193,31.71441623,30.50151853,31.7153383,30.50017122,31.70921159,30.50597461,31.70828952,361,194,389,228,952
ow,ow-0338.jpg,ow-0338.xml,ow-0338-05-000809,S1_20190529_035929_040109_VV_3,2019-05-29T03:59:29,2019-05-29T04:01:09,S1A_IW_GRDH_1SDV_20190529T040019_20190529T040044_027437_031860_421A.SAFE,640,640,30.58983196,31.73748633,30.45718285,31.75856233,30.43182156,31.64323602,30.56447067,31.62216003,30.55348106,31.71752585,30.54519049,31.7188431,30.54348653,31.71109462,30.5517771,31.70977737,149,138,189,181,1720
ow,ow-0338.jpg,ow-0338.xml,ow-0338-06-000810,S1_20190529_035929_040109_VV_3,2019-05-29T03:59:29,2019-05-29T04:01:09,S1A_IW_GRDH_1SDV_20190529T040019_20190529T040044_027437_031860_421A.SAFE,640,640,30.58983196,31.73748633,30.45718285,31.75856233,30.43182156,31.64323602,30.56447067,31.62216003,30.58514685,31.71715696,30.58348873,31.71742041,30.58202253,31.71075311,30.58368065,31.71048966,1,113,9,150,296
ow,ow-0338.jpg,ow-0338.xml,ow-0338-07-000811,S1_20190529_035929_040109_VV_3,2019-05-29T03:59:29,2019-05-29T04:01:09,S1A_IW_GRDH_1SDV_20190529T040019_20190529T040044_027437_031860_421A.SAFE,640,640,30.58983196,31.73748633,30.45718285,31.75856233,30.43182156,31.64323602,30.56447067,31.62216003,30.46403691,31.70096579,30.45595361,31.70225011,30.45377412,31.69233925,30.46185742,31.69105493,549,303,588,358,2145
ow,ow-0338.jpg,ow-0338.xml,ow-0338-08-000812,S1_20190529_035929_040109_VV_3,2019-05-29T03:59:29,2019-05-29T04:01:09,S1A_IW_GRDH_1SDV_20190529T040019_20190529T040044_027437_031860_421A.SAFE,640,640,30.58983196,31.73748633,30.45718285,31.75856233,30.43182156,31.64323602,30.56447067,31.62216003,30.54588552,31.72395449,30.54153297,31.72464605,30.54066118,31.72068171,30.54501373,31.71999015,191,110,212,132,462
ow,ow-0338.jpg,ow-0338.xml,ow-0338-09-000813,S1_20190529_035929_040109_VV_3,2019-05-29T03:59:29,2019-05-29T04:01:09,S1A_IW_GRDH_1SDV_20190529T040019_20190529T040044_027437_031860_421A.SAFE,640,640,30.58983196,31.73748633,30.45718285,31.75856233,30.43182156,31.64323602,30.56447067,31.62216003,30.58241258,31.70472335,30.57287843,31.70623818,30.57077819,31.69668772,30.58031235,31.69517289,1,182,47,235,2438
ow,ow-0338.jpg,ow-0338.xml,ow-0338-10-000814,S1_20190529_035929_040109_VV_3,2019-05-29T03:59:29,2019-05-29T04:01:09,S1A_IW_GRDH_1SDV_20190529T040019_20190529T040044_027437_031860_421A.SAFE,640,640,30.58983196,31.73748633,30.45718285,31.75856233,30.43182156,31.64323602,30.56447067,31.62216003,30.56733456,31.73565253,30.56153117,31.7365746,30.56034236,31.73116868,30.56614575,31.73024661,103,29,131,59,840
ow,ow-0338.jpg,ow-0338.xml,ow-0338-11-000815,S1_20190529_035929_040109_VV_3,2019-05-29T03:59:29,2019-05-29T04:01:09,S1A_IW_GRDH_1SDV_20190529T040019_20190529T040044_027437_031860_421A.SAFE,640,640,30.58983196,31.73748633,30.45718285,31.75856233,30.43182156,31.64323602,30.56447067,31.62216003,30.48092654,31.73875136,30.47615947,31.73950878,30.47504991,31.73446326,30.47981699,31.73370584,509,86,532,114,644
ow,ow-0338.jpg,ow-0338.xml,ow-0338-12-000816,S1_20190529_035929_040109_VV_3,2019-05-29T03:59:29,2019-05-29T04:01:09,S1A_IW_GRDH_1SDV_20190529T040019_20190529T040044_027437_031860_421A.SAFE,640,640,30.58983196,31.73748633,30.45718285,31.75856233,30.43182156,31.64323602,30.56447067,31.62216003,30.58896328,31.73743786,30.58751243,31.73766838,30.58711616,31.73586641,30.58856701,31.73563589,4,1,11,11,70
ow,ow-0338.jpg,ow-0338.xml,ow-0338-13-000817,S1_20190529_035929_040109_VV_3,2019-05-29T03:59:29,2019-05-29T04:01:09,S1A_IW_GRDH_1SDV_20190529T040019_20190529T040044_027437_031860_421A.SAFE,640,640,30.58983196,31.73748633,30.45718285,31.75856233,30.43182156,31.64323602,30.56447067,31.62216003,30.47610138,31.7285149,30.46863987,31.72970042,30.46745106,31.7242945,30.47491257,31.72310897,521,145,557,175,1080
ow,ow-0338.jpg,ow-0338.xml,ow-0338-14-000818,S1_20190529_035929_040109_VV_3,2019-05-29T03:59:29,2019-05-29T04:01:09,S1A_IW_GRDH_1SDV_20190529T040019_20190529T040044_027437_031860_421A.SAFE,640,640,30.58983196,31.73748633,30.45718285,31.75856233,30.43182156,31.64323602,30.56447067,31.62216003,30.469399,31.74095591,30.46483919,31.7416804,30.46388814,31.73735566,30.46844795,31.73663117,565,84,587,108,528
ow,ow-0338.jpg,ow-0338.xml,ow-0338-15-000819,S1_20190529_035929_040109_VV_3,2019-05-29T03:59:29,2019-05-29T04:01:09,S1A_IW_GRDH_1SDV_20190529T040019_20190529T040044_027437_031860_421A.SAFE,640,640,30.58983196,31.73748633,30.45718285,31.75856233,30.43182156,31.64323602,30.56447067,31.62216003,30.48338281,31.71187902,30.478823,31.71260351,30.47771344,31.70755798,30.48227326,31.7068335,470,228,492,256,616
ow,ow-0338.jpg,ow-0338.xml,ow-0338-16-000820,S1_20190529_035929_040109_VV_3,2019-05-29T03:59:29,2019-05-29T04:01:09,S1A_IW_GRDH_1SDV_20190529T040019_20190529T040044_027437_031860_421A.SAFE,640,640,30.58983196,31.73748633,30.45718285,31.75856233,30.43182156,31.64323602,30.56447067,31.62216003,30.4581669,31.72987247,30.45174171,31.73089334,30.45059253,31.72566762,30.45701772,31.72464675,606,153,637,182,899
ow,ow-0339.jpg,ow-0339.xml,ow-0339-01-000821,S1_20190529_035929_040109_VV_5,2019-05-29T03:59:29,2019-05-29T04:01:09,S1A_IW_GRDH_1SDV_20190529T040019_20190529T040044_027437_031860_421A.SAFE,640,640,30.49289067,31.79823756,30.36018165,31.81917418,30.33498748,31.70385475,30.46769649,31.68291813,30.46315247,31.70041075,30.45651702,31.70145758,30.45458809,31.69262844,30.46122354,31.69158161,39,550,71,599,1568
ow,ow-0339.jpg,ow-0339.xml,ow-0339-02-000822,S1_20190529_035929_040109_VV_5,2019-05-29T03:59:29,2019-05-29T04:01:09,S1A_IW_GRDH_1SDV_20190529T040019_20190529T040044_027437_031860_421A.SAFE,640,640,30.49289067,31.79823756,30.36018165,31.81917418,30.33498748,31.70385475,30.46769649,31.68291813,30.4795351,31.73808795,30.47642473,31.73857865,30.47555868,31.73461454,30.47866905,31.73412384,1,334,16,356,330
ow,ow-0339.jpg,ow-0339.xml,ow-0339-03-000823,S1_20190529_035929_040109_VV_5,2019-05-29T03:59:29,2019-05-29T04:01:09,S1A_IW_GRDH_1SDV_20190529T040019_20190529T040044_027437_031860_421A.SAFE,640,640,30.49289067,31.79823756,30.36018165,31.81917418,30.33498748,31.70385475,30.46769649,31.68291813,30.47591847,31.72840668,30.46949038,31.7294208,30.46838813,31.72437557,30.47481623,31.72336145,8,389,39,417,868
ow,ow-0339.jpg,ow-0339.xml,ow-0339-04-000824,S1_20190529_035929_040109_VV_5,2019-05-29T03:59:29,2019-05-29T04:01:09,S1A_IW_GRDH_1SDV_20190529T040019_20190529T040044_027437_031860_421A.SAFE,640,640,30.49289067,31.79823756,30.36018165,31.81917418,30.33498748,31.70385475,30.46769649,31.68291813,30.46845587,31.74039503,30.46513815,31.74091845,30.4643902,31.7374949,30.46770792,31.73697149,55,331,71,350,304
ow,ow-0339.jpg,ow-0339.xml,ow-0339-05-000825,S1_20190529_035929_040109_VV_5,2019-05-29T03:59:29,2019-05-29T04:01:09,S1A_IW_GRDH_1SDV_20190529T040019_20190529T040044_027437_031860_421A.SAFE,640,640,30.49289067,31.79823756,30.36018165,31.81917418,30.33498748,31.70385475,30.46769649,31.68291813,30.43809558,31.72710426,30.42689826,31.72887078,30.42449694,31.7178794,30.43569426,31.71611287,183,428,237,489,3294
ow,ow-0339.jpg,ow-0339.xml,ow-0339-06-000826,S1_20190529_035929_040109_VV_5,2019-05-29T03:59:29,2019-05-29T04:01:09,S1A_IW_GRDH_1SDV_20190529T040019_20190529T040044_027437_031860_421A.SAFE,640,640,30.49289067,31.79823756,30.36018165,31.81917418,30.33498748,31.70385475,30.46769649,31.68291813,30.42421406,31.69891152,30.41737125,31.69999107,30.416269,31.69494584,30.42311181,31.6938663,219,591,252,619,924
ow,ow-0339.jpg,ow-0339.xml,ow-0339-07-000827,S1_20190529_035929_040109_VV_5,2019-05-29T03:59:29,2019-05-29T04:01:09,S1A_IW_GRDH_1SDV_20190529T040019_20190529T040044_027437_031860_421A.SAFE,640,640,30.49289067,31.79823756,30.36018165,31.81917418,30.33498748,31.70385475,30.46769649,31.68291813,30.46315247,31.70041075,30.45651702,31.70145758,30.45458809,31.69262844,30.46122354,31.69158161,39,550,71,599,1568
ow,ow-0339.jpg,ow-0339.xml,ow-0339-08-000828,S1_20190529_035929_040109_VV_5,2019-05-29T03:59:29,2019-05-29T04:01:09,S1A_IW_GRDH_1SDV_20190529T040019_20190529T040044_027437_031860_421A.SAFE,640,640,30.49289067,31.79823756,30.36018165,31.81917418,30.33498748,31.70385475,30.46769649,31.68291813,30.38743985,31.73677345,30.37727931,31.73837641,30.37566531,31.73098876,30.38582584,31.7293858,429,419,478,460,2009
ow,ow-0339.jpg,ow-0339.xml,ow-0339-09-000829,S1_20190529_035929_040109_VV_5,2019-05-29T03:59:29,2019-05-29T04:01:09,S1A_IW_GRDH_1SDV_20190529T040019_20190529T040044_027437_031860_421A.SAFE,640,640,30.49289067,31.79823756,30.36018165,31.81917418,30.33498748,31.70385475,30.46769649,31.68291813,30.42821015,31.74469397,30.42240413,31.74560994,30.42149871,31.74146565,30.42730473,31.74054967,247,342,275,365,644
ow,ow-0339.jpg,ow-0339.xml,ow-0339-10-000830,S1_20190529_035929_040109_VV_5,2019-05-29T03:59:29,2019-05-29T04:01:09,S1A_IW_GRDH_1SDV_20190529T040019_20190529T040044_027437_031860_421A.SAFE,640,640,30.49289067,31.79823756,30.36018165,31.81917418,30.33498748,31.70385475,30.46769649,31.68291813,30.45740595,31.72909051,30.45139257,31.7300392,30.45040842,31.72553454,30.4564218,31.72458585,95,401,124,426,725
ow,ow-0339.jpg,ow-0339.xml,ow-0339-11-000831,S1_20190529_035929_040109_VV_5,2019-05-29T03:59:29,2019-05-29T04:01:09,S1A_IW_GRDH_1SDV_20190529T040019_20190529T040044_027437_031860_421A.SAFE,640,640,30.49289067,31.79823756,30.36018165,31.81917418,30.33498748,31.70385475,30.46769649,31.68291813,30.41090058,31.71946522,30.40592399,31.72025034,30.40509731,31.71646642,30.4100739,31.7156813,302,492,326,513,504
ow,ow-0339.jpg,ow-0339.xml,ow-0339-12-000832,S1_20190529_035929_040109_VV_5,2019-05-29T03:59:29,2019-05-29T04:01:09,S1A_IW_GRDH_1SDV_20190529T040019_20190529T040044_027437_031860_421A.SAFE,640,640,30.49289067,31.79823756,30.36018165,31.81917418,30.33498748,31.70385475,30.46769649,31.68291813,30.41658347,31.71111278,30.40600822,31.71278117,30.40451231,31.70593408,30.41508756,31.70426569,267,532,318,570,1938
ow,ow-0339.jpg,ow-0339.xml,ow-0339-13-000833,S1_20190529_035929_040109_VV_5,2019-05-29T03:59:29,2019-05-29T04:01:09,S1A_IW_GRDH_1SDV_20190529T040019_20190529T040044_027437_031860_421A.SAFE,640,640,30.49289067,31.79823756,30.36018165,31.81917418,30.33498748,31.70385475,30.46769649,31.68291813,30.39416502,31.7204279,30.38711485,31.72154016,30.38483163,31.71108933,30.3918818,31.70997708,381,501,415,559,1972
ow,ow-0339.jpg,ow-0339.xml,ow-0339-14-000834,S1_20190529_035929_040109_VV_5,2019-05-29T03:59:29,2019-05-29T04:01:09,S1A_IW_GRDH_1SDV_20190529T040019_20190529T040044_027437_031860_421A.SAFE,640,640,30.49289067,31.79823756,30.36018165,31.81917418,30.33498748,31.70385475,30.46769649,31.68291813,30.43842607,31.734508,30.43220533,31.73548941,30.43118182,31.73080455,30.43740256,31.72982315,189,388,219,414,780
ow,ow-0339.jpg,ow-0339.xml,ow-0339-15-000835,S1_20190529_035929_040109_VV_5,2019-05-29T03:59:29,2019-05-29T04:01:09,S1A_IW_GRDH_1SDV_20190529T040019_20190529T040044_027437_031860_421A.SAFE,640,640,30.49289067,31.79823756,30.36018165,31.81917418,30.33498748,31.70385475,30.46769649,31.68291813,30.42283304,31.71124521,30.41184308,31.71297902,30.410544,31.70703286,30.42153397,31.70529905,238,526,291,559,1749
ow,ow-0339.jpg,ow-0339.xml,ow-0339-16-000836,S1_20190529_035929_040109_VV_5,2019-05-29T03:59:29,2019-05-29T04:01:09,S1A_IW_GRDH_1SDV_20190529T040019_20190529T040044_027437_031860_421A.SAFE,640,640,30.49289067,31.79823756,30.36018165,31.81917418,30.33498748,31.70385475,30.46769649,31.68291813,30.36233491,31.70531864,30.35590682,31.70633275,30.35468647,31.70074697,30.36111457,31.69973285,514,609,545,640,961
ow,ow-0340.jpg,ow-0340.xml,ow-0340-01-000837,S1_20190529_154748_154928_VV_2,2019-05-29T15:47:48,2019-05-29T15:49:28,S1B_IW_GRDH_1SDV_20190529T154838_20190529T154903_016461_01EFC4_8B41.SAFE,640,640,33.97492699,33.48224792,34.11041169,33.50126088,34.08710843,33.61661978,33.95162374,33.59760682,34.02972468,33.54721346,34.03332349,33.54771849,34.03252244,33.55168395,34.02892363,33.55117892,312,309,329,331,374
ow,ow-0341.jpg,ow-0341.xml,ow-0341-01-000838,S1_20190530_035042_035221_VV_0,2019-05-30T03:50:42,2019-05-30T03:52:21,S1B_IW_GRDH_1SDV_20190530T035132_20190530T035157_016468_01EFFB_A41B.SAFE,640,640,32.75225974,31.87545907,32.6194338,31.89653347,32.59406097,31.7812641,32.72688691,31.76018969,32.68127545,31.82912441,32.6779548,31.82965127,32.67680509,31.82442813,32.68012574,31.82390127,283,309,299,338,464
ow,ow-0341.jpg,ow-0341.xml,ow-0341-02-000839,S1_20190530_035042_035221_VV_0,2019-05-30T03:50:42,2019-05-30T03:52:21,S1B_IW_GRDH_1SDV_20190530T035132_20190530T035157_016468_01EFFB_A41B.SAFE,640,640,32.75225974,31.87545907,32.6194338,31.89653347,32.59406097,31.7812641,32.72688691,31.76018969,32.74212036,31.86159672,32.73921479,31.86205772,32.7383426,31.85809534,32.74124817,31.85763433,33,83,47,105,308
ow,ow-0341.jpg,ow-0341.xml,ow-0341-03-000840,S1_20190530_035042_035221_VV_0,2019-05-30T03:50:42,2019-05-30T03:52:21,S1B_IW_GRDH_1SDV_20190530T035132_20190530T035157_016468_01EFFB_A41B.SAFE,640,640,32.75225974,31.87545907,32.6194338,31.89653347,32.59406097,31.7812641,32.72688691,31.76018969,32.64141336,31.81196278,32.63041372,31.81370801,32.62878827,31.80632356,32.63978792,31.80457834,451,435,504,476,2173
ow,ow-0341.jpg,ow-0341.xml,ow-0341-04-000841,S1_20190530_035042_035221_VV_0,2019-05-30T03:50:42,2019-05-30T03:52:21,S1B_IW_GRDH_1SDV_20190530T035132_20190530T035157_016468_01EFFB_A41B.SAFE,640,640,32.75225974,31.87545907,32.6194338,31.89653347,32.59406097,31.7812641,32.72688691,31.76018969,32.60712693,31.79671249,32.60276858,31.79740399,32.60201532,31.79398194,32.60637367,31.79329043,595,546,616,565,399
ow,ow-0341.jpg,ow-0341.xml,ow-0341-05-000842,S1_20190530_035042_035221_VV_0,2019-05-30T03:50:42,2019-05-30T03:52:21,S1B_IW_GRDH_1SDV_20190530T035132_20190530T035157_016468_01EFFB_A41B.SAFE,640,640,32.75225974,31.87545907,32.6194338,31.89653347,32.59406097,31.7812641,32.72688691,31.76018969,32.61381025,31.79975287,32.61007452,31.80034559,32.60924198,31.79656331,32.61297771,31.79597059,567,524,585,545,378
ow,ow-0341.jpg,ow-0341.xml,ow-0341-06-000843,S1_20190530_035042_035221_VV_0,2019-05-30T03:50:42,2019-05-30T03:52:21,S1B_IW_GRDH_1SDV_20190530T035132_20190530T035157_016468_01EFFB_A41B.SAFE,640,640,32.75225974,31.87545907,32.6194338,31.89653347,32.59406097,31.7812641,32.72688691,31.76018969,32.65742908,31.81836883,32.64414649,31.82047627,32.64224353,31.81183107,32.65552612,31.80972363,383,387,447,435,3072
ow,ow-0342.jpg,ow-0342.xml,ow-0342-01-000844,S1_20190530_035042_035221_VV_1,2019-05-30T03:50:42,2019-05-30T03:52:21,S1B_IW_GRDH_1SDV_20190530T035132_20190530T035157_016468_01EFFB_A41B.SAFE,640,640,31.80460986,31.97348218,31.67142797,31.9937219,31.6470574,31.87849934,31.7802393,31.85825962,31.76460178,31.93868136,31.69530558,31.94921234,31.68643317,31.90726413,31.75572937,31.89673314,152,220,485,453,77589
ow,ow-0343.jpg,ow-0343.xml,ow-0343-01-000845,S1_20190530_035042_035221_VV_2,2019-05-30T03:50:42,2019-05-30T03:52:21,S1B_IW_GRDH_1SDV_20190530T035132_20190530T035157_016468_01EFFB_A41B.SAFE,640,640,32.5978812,31.82203845,32.46505526,31.84311285,32.43968243,31.72784348,32.57250837,31.70676908,32.55860165,31.77141906,32.5563187,31.77178127,32.55564474,31.76871943,32.55792768,31.76835721,131,305,142,322,187
ow,ow-0343.jpg,ow-0343.xml,ow-0343-02-000846,S1_20190530_035042_035221_VV_2,2019-05-30T03:50:42,2019-05-30T03:52:21,S1B_IW_GRDH_1SDV_20190530T035132_20190530T035157_016468_01EFFB_A41B.SAFE,640,640,32.5978812,31.82203845,32.46505526,31.84311285,32.43968243,31.72784348,32.57250837,31.70676908,32.44989871,31.73815205,32.44450266,31.7390082,32.4437494,31.73558614,32.44914545,31.73472999,603,576,629,595,494
ow,ow-0343.jpg,ow-0343.xml,ow-0343-03-000847,S1_20190530_035042_035221_VV_2,2019-05-30T03:50:42,2019-05-30T03:52:21,S1B_IW_GRDH_1SDV_20190530T035132_20190530T035157_016468_01EFFB_A41B.SAFE,640,640,32.5978812,31.82203845,32.46505526,31.84311285,32.43968243,31.72784348,32.57250837,31.70676908,32.46984838,31.74486592,32.46652773,31.74539278,32.46593306,31.74269116,32.46925371,31.7421643,517,523,533,538,240
ow,ow-0343.jpg,ow-0343.xml,ow-0343-04-000848,S1_20190530_035042_035221_VV_2,2019-05-30T03:50:42,2019-05-30T03:52:21,S1B_IW_GRDH_1SDV_20190530T035132_20190530T035157_016468_01EFFB_A41B.SAFE,640,640,32.5978812,31.82203845,32.46505526,31.84311285,32.43968243,31.72784348,32.57250837,31.70676908,32.54129932,31.81088479,32.53839375,31.81134579,32.53787836,31.80900438,32.54078393,31.80854338,252,108,266,121,182
ow,ow-0343.jpg,ow-0343.xml,ow-0343-05-000849,S1_20190530_035042_035221_VV_2,2019-05-30T03:50:42,2019-05-30T03:52:21,S1B_IW_GRDH_1SDV_20190530T035132_20190530T035157_016468_01EFFB_A41B.SAFE,640,640,32.5978812,31.82203845,32.46505526,31.84311285,32.43968243,31.72784348,32.57250837,31.70676908,32.5847665,31.82393285,32.58227601,31.824328,32.58183992,31.82234681,32.5843304,31.82195166,63,1,75,12,132
ow,ow-0343.jpg,ow-0343.xml,ow-0343-06-000850,S1_20190530_035042_035221_VV_2,2019-05-30T03:50:42,2019-05-30T03:52:21,S1B_IW_GRDH_1SDV_20190530T035132_20190530T035157_016468_01EFFB_A41B.SAFE,640,640,32.5978812,31.82203845,32.46505526,31.84311285,32.43968243,31.72784348,32.57250837,31.70676908,32.54987325,31.76982154,32.548628,31.77001912,32.54839013,31.76893846,32.54963538,31.76874089,170,321,176,327,36
ow,ow-0343.jpg,ow-0343.xml,ow-0343-07-000851,S1_20190530_035042_035221_VV_2,2019-05-30T03:50:42,2019-05-30T03:52:21,S1B_IW_GRDH_1SDV_20190530T035132_20190530T035157_016468_01EFFB_A41B.SAFE,640,640,32.5978812,31.82203845,32.46505526,31.84311285,32.43968243,31.72784348,32.57250837,31.70676908,32.58090663,31.78297839,32.57218992,31.7843614,32.57052483,31.77679685,32.57924153,31.77541384,39,224,81,266,1764
ow,ow-0343.jpg,ow-0343.xml,ow-0343-08-000852,S1_20190530_035042_035221_VV_2,2019-05-30T03:50:42,2019-05-30T03:52:21,S1B_IW_GRDH_1SDV_20190530T035132_20190530T035157_016468_01EFFB_A41B.SAFE,640,640,32.5978812,31.82203845,32.46505526,31.84311285,32.43968243,31.72784348,32.57250837,31.70676908,32.55860165,31.77141906,32.5563187,31.77178127,32.55564474,31.76871943,32.55792768,31.76835721,131,305,142,322,187
ow,ow-0343.jpg,ow-0343.xml,ow-0343-09-000853,S1_20190530_035042_035221_VV_2,2019-05-30T03:50:42,2019-05-30T03:52:21,S1B_IW_GRDH_1SDV_20190530T035132_20190530T035157_016468_01EFFB_A41B.SAFE,640,640,32.5978812,31.82203845,32.46505526,31.84311285,32.43968243,31.72784348,32.57250837,31.70676908,32.58994287,31.78695024,32.58724485,31.78737832,32.58665017,31.78467669,32.5893482,31.78424862,1,195,14,210,195
ow,ow-0343.jpg,ow-0343.xml,ow-0343-10-000854,S1_20190530_035042_035221_VV_2,2019-05-30T03:50:42,2019-05-30T03:52:21,S1B_IW_GRDH_1SDV_20190530T035132_20190530T035157_016468_01EFFB_A41B.SAFE,640,640,32.5978812,31.82203845,32.46505526,31.84311285,32.43968243,31.72784348,32.57250837,31.70676908,32.54987325,31.76982154,32.548628,31.77001912,32.54839013,31.76893846,32.54963538,31.76874089,170,321,176,327,36
ow,ow-0343.jpg,ow-0343.xml,ow-0343-11-000855,S1_20190530_035042_035221_VV_2,2019-05-30T03:50:42,2019-05-30T03:52:21,S1B_IW_GRDH_1SDV_20190530T035132_20190530T035157_016468_01EFFB_A41B.SAFE,640,640,32.5978812,31.82203845,32.46505526,31.84311285,32.43968243,31.72784348,32.57250837,31.70676908,32.47542403,31.74677726,32.47355617,31.74707362,32.47319936,31.74545264,32.47506723,31.74515628,493,508,502,517,81
ow,ow-0344.jpg,ow-0344.xml,ow-0344-01-000856,S1_20190530_035042_035221_VV_3,2019-05-30T03:50:42,2019-05-30T03:52:21,S1B_IW_GRDH_1SDV_20190530T035132_20190530T035157_016468_01EFFB_A41B.SAFE,640,640,32.23966098,31.88520472,32.10659615,31.90572379,32.08189015,31.79048298,32.21495498,31.76996392,32.16256349,31.84017238,32.15986061,31.84058917,32.15893414,31.83626764,32.16163702,31.83585085,314,306,327,330,312
ow,ow-0345.jpg,ow-0345.xml,ow-0345-01-000857,S1_20190530_035042_035221_VV_4,2019-05-30T03:50:42,2019-05-30T03:52:21,S1B_IW_GRDH_1SDV_20190530T035132_20190530T035157_016468_01EFFB_A41B.SAFE,640,640,32.43834225,31.75374402,32.30539639,31.77454194,32.28035605,31.65928565,32.41330191,31.63848773,32.42534735,31.7295215,32.41184503,31.73163379,32.4098105,31.72226922,32.42331282,31.72015693,36,141,101,193,3380
ow,ow-0345.jpg,ow-0345.xml,ow-0345-02-000858,S1_20190530_035042_035221_VV_4,2019-05-30T03:50:42,2019-05-30T03:52:21,S1B_IW_GRDH_1SDV_20190530T035132_20190530T035157_016468_01EFFB_A41B.SAFE,640,640,32.43834225,31.75374402,32.30539639,31.77454194,32.28035605,31.65928565,32.41330191,31.63848773,32.3447243,31.70247164,32.33911564,31.70334905,32.33805925,31.69848668,32.34366791,31.69760926,384,354,411,381,729
ow,ow-0345.jpg,ow-0345.xml,ow-0345-03-000859,S1_20190530_035042_035221_VV_4,2019-05-30T03:50:42,2019-05-30T03:52:21,S1B_IW_GRDH_1SDV_20190530T035132_20190530T035157_016468_01EFFB_A41B.SAFE,640,640,32.43834225,31.75374402,32.30539639,31.77454194,32.28035605,31.65928565,32.41330191,31.63848773,32.32946133,31.69647997,32.3105581,31.69943717,32.30813231,31.68827172,32.32703555,31.68531452,449,399,540,461,5642
ow,ow-0345.jpg,ow-0345.xml,ow-0345-04-000860,S1_20190530_035042_035221_VV_4,2019-05-30T03:50:42,2019-05-30T03:52:21,S1B_IW_GRDH_1SDV_20190530T035132_20190530T035157_016468_01EFFB_A41B.SAFE,640,640,32.43834225,31.75374402,32.30539639,31.77454194,32.28035605,31.65928565,32.41330191,31.63848773,32.29767694,31.68562455,32.29186056,31.68653446,32.29123455,31.68365305,32.29705093,31.68274314,586,484,614,500,448
ow,ow-0345.jpg,ow-0345.xml,ow-0345-05-000861,S1_20190530_035042_035221_VV_4,2019-05-30T03:50:42,2019-05-30T03:52:21,S1B_IW_GRDH_1SDV_20190530T035132_20190530T035157_016468_01EFFB_A41B.SAFE,640,640,32.43834225,31.75374402,32.30539639,31.77454194,32.28035605,31.65928565,32.41330191,31.63848773,32.28961185,31.68409311,32.28691139,31.68451557,32.28624626,31.68145408,32.28894672,31.68103162,622,499,635,516,221
ow,ow-0345.jpg,ow-0345.xml,ow-0345-06-000862,S1_20190530_035042_035221_VV_4,2019-05-30T03:50:42,2019-05-30T03:52:21,S1B_IW_GRDH_1SDV_20190530T035132_20190530T035157_016468_01EFFB_A41B.SAFE,640,640,32.43834225,31.75374402,32.30539639,31.77454194,32.28035605,31.65928565,32.41330191,31.63848773,32.37350732,31.71137588,32.36976822,31.71196082,32.36910309,31.70889932,32.37284219,31.70831438,259,282,277,299,306
ow,ow-0345.jpg,ow-0345.xml,ow-0345-07-000863,S1_20190530_035042_035221_VV_4,2019-05-30T03:50:42,2019-05-30T03:52:21,S1B_IW_GRDH_1SDV_20190530T035132_20190530T035157_016468_01EFFB_A41B.SAFE,640,640,32.43834225,31.75374402,32.30539639,31.77454194,32.28035605,31.65928565,32.41330191,31.63848773,32.3773396,31.71319707,32.37463914,31.71361953,32.37416963,31.71145847,32.3768701,31.71103602,243,269,256,281,156
ow,ow-0346.jpg,ow-0346.xml,ow-0346-01-000864,S1_20190530_035042_035221_VV_5,2019-05-30T03:50:42,2019-05-30T03:52:21,S1B_IW_GRDH_1SDV_20190530T035132_20190530T035157_016468_01EFFB_A41B.SAFE,640,640,31.80086105,31.74047346,31.66767916,31.76071318,31.64330859,31.64549062,31.77649048,31.6252509,31.71239711,31.67865941,31.71010804,31.67900728,31.7096511,31.67684685,31.71194016,31.67649898,351,405,362,417,132
ow,ow-0346.jpg,ow-0346.xml,ow-0346-02-000865,S1_20190530_035042_035221_VV_5,2019-05-30T03:50:42,2019-05-30T03:52:21,S1B_IW_GRDH_1SDV_20190530T035132_20190530T035157_016468_01EFFB_A41B.SAFE,640,640,31.80086105,31.74047346,31.66767916,31.76071318,31.64330859,31.64549062,31.77649048,31.6252509,31.72987826,31.6912402,31.72530013,31.69193594,31.72438623,31.68761509,31.72896436,31.68691935,282,323,304,347,528
ow,ow-0346.jpg,ow-0346.xml,ow-0346-03-000866,S1_20190530_035042_035221_VV_5,2019-05-30T03:50:42,2019-05-30T03:52:21,S1B_IW_GRDH_1SDV_20190530T035132_20190530T035157_016468_01EFFB_A41B.SAFE,640,640,31.80086105,31.74047346,31.66767916,31.76071318,31.64330859,31.64549062,31.77649048,31.6252509,31.7413316,31.69563176,31.73883444,31.69601125,31.73795863,31.69187044,31.74045579,31.69149095,233,290,245,313,276
ow,ow-0346.jpg,ow-0346.xml,ow-0346-04-000867,S1_20190530_035042_035221_VV_5,2019-05-30T03:50:42,2019-05-30T03:52:21,S1B_IW_GRDH_1SDV_20190530T035132_20190530T035157_016468_01EFFB_A41B.SAFE,640,640,31.80086105,31.74047346,31.66767916,31.76071318,31.64330859,31.64549062,31.77649048,31.6252509,31.74069661,31.68755209,31.73611848,31.68824783,31.73550922,31.68536726,31.74008735,31.68467152,228,334,250,350,352
ow,ow-0346.jpg,ow-0346.xml,ow-0346-05-000868,S1_20190530_035042_035221_VV_5,2019-05-30T03:50:42,2019-05-30T03:52:21,S1B_IW_GRDH_1SDV_20190530T035132_20190530T035157_016468_01EFFB_A41B.SAFE,640,640,31.80086105,31.74047346,31.66767916,31.76071318,31.64330859,31.64549062,31.77649048,31.6252509,31.72930007,31.69764602,31.72617862,31.69812039,31.72499817,31.6925393,31.72811963,31.69206493,291,289,306,320,465
ow,ow-0346.jpg,ow-0346.xml,ow-0346-06-000869,S1_20190530_035042_035221_VV_5,2019-05-30T03:50:42,2019-05-30T03:52:21,S1B_IW_GRDH_1SDV_20190530T035132_20190530T035157_016468_01EFFB_A41B.SAFE,640,640,31.80086105,31.74047346,31.66767916,31.76071318,31.64330859,31.64549062,31.77649048,31.6252509,31.68281362,31.67182007,31.67844359,31.67248419,31.67718698,31.66654303,31.68155701,31.66587891,482,466,503,499,693
ow,ow-0346.jpg,ow-0346.xml,ow-0346-07-000870,S1_20190530_035042_035221_VV_5,2019-05-30T03:50:42,2019-05-30T03:52:21,S1B_IW_GRDH_1SDV_20190530T035132_20190530T035157_016468_01EFFB_A41B.SAFE,640,640,31.80086105,31.74047346,31.66767916,31.76071318,31.64330859,31.64549062,31.77649048,31.6252509,31.6960396,31.65717421,31.67835138,31.6598623,31.67610471,31.64924022,31.69379293,31.64655213,406,534,491,593,5015
ow,ow-0346.jpg,ow-0346.xml,ow-0346-08-000871,S1_20190530_035042_035221_VV_5,2019-05-30T03:50:42,2019-05-30T03:52:21,S1B_IW_GRDH_1SDV_20190530T035132_20190530T035157_016468_01EFFB_A41B.SAFE,640,640,31.80086105,31.74047346,31.66767916,31.76071318,31.64330859,31.64549062,31.77649048,31.6252509,31.66864966,31.66375236,31.66344725,31.66454297,31.66222872,31.65878185,31.66743114,31.65799123,540,521,565,553,800
ow,ow-0346.jpg,ow-0346.xml,ow-0346-09-000872,S1_20190530_035042_035221_VV_5,2019-05-30T03:50:42,2019-05-30T03:52:21,S1B_IW_GRDH_1SDV_20190530T035132_20190530T035157_016468_01EFFB_A41B.SAFE,640,640,31.80086105,31.74047346,31.66767916,31.76071318,31.64330859,31.64549062,31.77649048,31.6252509,31.7165259,31.63826601,31.71236397,31.6388985,31.71156431,31.63511776,31.71572625,31.63448527,292,619,312,640,420
ow,ow-0346.jpg,ow-0346.xml,ow-0346-10-000873,S1_20190530_035042_035221_VV_5,2019-05-30T03:50:42,2019-05-30T03:52:21,S1B_IW_GRDH_1SDV_20190530T035132_20190530T035157_016468_01EFFB_A41B.SAFE,640,640,31.80086105,31.74047346,31.66767916,31.76071318,31.64330859,31.64549062,31.77649048,31.6252509,31.79219941,31.70053726,31.78949416,31.70094838,31.78880873,31.69770774,31.79151399,31.69729662,1,222,14,240,234
ow,ow-0346.jpg,ow-0346.xml,ow-0346-11-000874,S1_20190530_035042_035221_VV_5,2019-05-30T03:50:42,2019-05-30T03:52:21,S1B_IW_GRDH_1SDV_20190530T035132_20190530T035157_016468_01EFFB_A41B.SAFE,640,640,31.80086105,31.74047346,31.66767916,31.76071318,31.64330859,31.64549062,31.77649048,31.6252509,31.68633191,31.68540788,31.6807133,31.68626174,31.67957093,31.68086069,31.68518954,31.68000682,479,390,506,420,810
ow,ow-0346.jpg,ow-0346.xml,ow-0346-12-000875,S1_20190530_035042_035221_VV_5,2019-05-30T03:50:42,2019-05-30T03:52:21,S1B_IW_GRDH_1SDV_20190530T035132_20190530T035157_016468_01EFFB_A41B.SAFE,640,640,31.80086105,31.74047346,31.66767916,31.76071318,31.64330859,31.64549062,31.77649048,31.6252509,31.70298994,31.64738432,31.69778753,31.64817493,31.69706403,31.64475426,31.70226644,31.64396365,364,581,389,600,475
ow,ow-0346.jpg,ow-0346.xml,ow-0346-13-000876,S1_20190530_035042_035221_VV_5,2019-05-30T03:50:42,2019-05-30T03:52:21,S1B_IW_GRDH_1SDV_20190530T035132_20190530T035157_016468_01EFFB_A41B.SAFE,640,640,31.80086105,31.74047346,31.66767916,31.76071318,31.64330859,31.64549062,31.77649048,31.6252509,31.71378668,31.69944613,31.71108142,31.69985725,31.71031984,31.69625655,31.7130251,31.69584543,365,292,378,312,260
ow,ow-0347.jpg,ow-0347.xml,ow-0347-01-000877,S1_20190530_035042_035221_VV_6,2019-05-30T03:50:42,2019-05-30T03:52:21,S1B_IW_GRDH_1SDV_20190530T035132_20190530T035157_016468_01EFFB_A41B.SAFE,640,640,31.93579719,31.72954748,31.80267383,31.74992688,31.77813566,31.63469535,31.91125903,31.61431595,31.79695163,31.69279622,31.79154349,31.69362413,31.79035493,31.68804261,31.79576306,31.68721469,610,312,636,343,806
ow,ow-0347.jpg,ow-0347.xml,ow-0347-02-000878,S1_20190530_035042_035221_VV_6,2019-05-30T03:50:42,2019-05-30T03:52:21,S1B_IW_GRDH_1SDV_20190530T035132_20190530T035157_016468_01EFFB_A41B.SAFE,640,640,31.93579719,31.72954748,31.80267383,31.74992688,31.77813566,31.63469535,31.91125903,31.61431595,31.82093261,31.69042649,31.81802054,31.69087229,31.81725372,31.6872713,31.8201658,31.6868255,496,305,510,325,280
ow,ow-0347.jpg,ow-0347.xml,ow-0347-03-000879,S1_20190530_035042_035221_VV_6,2019-05-30T03:50:42,2019-05-30T03:52:21,S1B_IW_GRDH_1SDV_20190530T035132_20190530T035157_016468_01EFFB_A41B.SAFE,640,640,31.93579719,31.72954748,31.80267383,31.74992688,31.77813566,31.63469535,31.91125903,31.61431595,31.80405824,31.70397893,31.79906612,31.70474316,31.79791589,31.69934168,31.80290802,31.69857745,588,246,612,276,720
ow,ow-0347.jpg,ow-0347.xml,ow-0347-04-000880,S1_20190530_035042_035221_VV_6,2019-05-30T03:50:42,2019-05-30T03:52:21,S1B_IW_GRDH_1SDV_20190530T035132_20190530T035157_016468_01EFFB_A41B.SAFE,640,640,31.93579719,31.72954748,31.80267383,31.74992688,31.77813566,31.63469535,31.91125903,31.61431595,31.8177742,31.69072408,31.81111803,31.69174305,31.81012116,31.68706177,31.81677733,31.6860428,511,306,543,332,832
ow,ow-0347.jpg,ow-0347.xml,ow-0347-05-000881,S1_20190530_035042_035221_VV_6,2019-05-30T03:50:42,2019-05-30T03:52:21,S1B_IW_GRDH_1SDV_20190530T035132_20190530T035157_016468_01EFFB_A41B.SAFE,640,640,31.93579719,31.72954748,31.80267383,31.74992688,31.77813566,31.63469535,31.91125903,31.61431595,31.81049011,31.70392389,31.80487396,31.70478365,31.80383876,31.69992232,31.8094549,31.69906256,558,241,585,268,729
ow,ow-0348.jpg,ow-0348.xml,ow-0348-01-000882,S1_20190530_035042_035221_VV_7,2019-05-30T03:50:42,2019-05-30T03:52:21,S1B_IW_GRDH_1SDV_20190530T035132_20190530T035157_016468_01EFFB_A41B.SAFE,640,640,33.13251138,31.54714343,32.99992813,31.56877032,32.97389438,31.45348196,33.10647763,31.43185508,33.0813076,31.48209382,33.07302115,31.4834455,33.0718415,31.4782215,33.08012795,31.47686982,170,393,210,422,1160
ow,ow-0348.jpg,ow-0348.xml,ow-0348-02-000883,S1_20190530_035042_035221_VV_7,2019-05-30T03:50:42,2019-05-30T03:52:21,S1B_IW_GRDH_1SDV_20190530T035132_20190530T035157_016468_01EFFB_A41B.SAFE,640,640,33.13251138,31.54714343,32.99992813,31.56877032,32.97389438,31.45348196,33.10647763,31.43185508,33.10280367,31.43936498,33.0988676,31.44000703,33.09817608,31.43694469,33.10211215,31.43630264,25,603,44,620,323
ow,ow-0348.jpg,ow-0348.xml,ow-0348-03-000884,S1_20190530_035042_035221_VV_7,2019-05-30T03:50:42,2019-05-30T03:52:21,S1B_IW_GRDH_1SDV_20190530T035132_20190530T035157_016468_01EFFB_A41B.SAFE,640,640,33.13251138,31.54714343,32.99992813,31.56877032,32.97389438,31.45348196,33.10647763,31.43185508,33.08485493,31.48543742,33.08319764,31.48570776,33.08283154,31.48408652,33.08448883,31.48381618,157,372,165,381,72
ow,ow-0348.jpg,ow-0348.xml,ow-0348-04-000885,S1_20190530_035042_035221_VV_7,2019-05-30T03:50:42,2019-05-30T03:52:21,S1B_IW_GRDH_1SDV_20190530T035132_20190530T035157_016468_01EFFB_A41B.SAFE,640,640,33.13251138,31.54714343,32.99992813,31.56877032,32.97389438,31.45348196,33.10647763,31.43185508,33.09411798,31.43704632,33.09038908,31.43765458,33.08969756,31.43459223,33.09342646,31.43398397,63,623,81,640,306
ow,ow-0349.jpg,ow-0349.xml,ow-0349-01-000886,S1_20190530_035042_035221_VV_8,2019-05-30T03:50:42,2019-05-30T03:52:21,S1B_IW_GRDH_1SDV_20190530T035132_20190530T035157_016468_01EFFB_A41B.SAFE,640,640,32.81074934,31.52692474,32.67798288,31.54813738,32.65244479,31.43286285,32.78521125,31.4116502,32.73840987,31.45829116,32.73073431,31.45951752,32.72993625,31.45591519,32.73761181,31.45468884,266,430,303,450,740
ow,ow-0349.jpg,ow-0349.xml,ow-0349-02-000887,S1_20190530_035042_035221_VV_8,2019-05-30T03:50:42,2019-05-30T03:52:21,S1B_IW_GRDH_1SDV_20190530T035132_20190530T035157_016468_01EFFB_A41B.SAFE,640,640,32.81074934,31.52692474,32.67798288,31.54813738,32.65244479,31.43286285,32.78521125,31.4116502,32.68833668,31.49501133,32.6823207,31.49597253,32.68156254,31.49255031,32.68757852,31.49158912,537,276,566,295,551
ow,ow-0349.jpg,ow-0349.xml,ow-0349-03-000888,S1_20190530_035042_035221_VV_8,2019-05-30T03:50:42,2019-05-30T03:52:21,S1B_IW_GRDH_1SDV_20190530T035132_20190530T035157_016468_01EFFB_A41B.SAFE,640,640,32.81074934,31.52692474,32.67798288,31.54813738,32.65244479,31.43286285,32.78521125,31.4116502,32.68049357,31.49645095,32.67862655,31.49674925,32.67838713,31.49566855,32.68025416,31.49537025,575,275,584,281,54
ow,ow-0349.jpg,ow-0349.xml,ow-0349-04-000889,S1_20190530_035042_035221_VV_8,2019-05-30T03:50:42,2019-05-30T03:52:21,S1B_IW_GRDH_1SDV_20190530T035132_20190530T035157_016468_01EFFB_A41B.SAFE,640,640,32.81074934,31.52692474,32.67798288,31.54813738,32.65244479,31.43286285,32.78521125,31.4116502,32.7065197,31.48110313,32.69635477,31.48272722,32.69527738,31.47786408,32.70544231,31.47623998,438,335,487,362,1323
ow,ow-0349.jpg,ow-0349.xml,ow-0349-05-000890,S1_20190530_035042_035221_VV_8,2019-05-30T03:50:42,2019-05-30T03:52:21,S1B_IW_GRDH_1SDV_20190530T035132_20190530T035157_016468_01EFFB_A41B.SAFE,640,640,32.81074934,31.52692474,32.67798288,31.54813738,32.65244479,31.43286285,32.78521125,31.4116502,32.73180402,31.47016314,32.72931465,31.47056088,32.72863629,31.4674989,32.73112566,31.46710116,309,372,321,389,204
ow,ow-0349.jpg,ow-0349.xml,ow-0349-06-000891,S1_20190530_035042_035221_VV_8,2019-05-30T03:50:42,2019-05-30T03:52:21,S1B_IW_GRDH_1SDV_20190530T035132_20190530T035157_016468_01EFFB_A41B.SAFE,640,640,32.81074934,31.52692474,32.67798288,31.54813738,32.65244479,31.43286285,32.78521125,31.4116502,32.7391601,31.4626471,32.73542605,31.46324371,32.73454818,31.45928115,32.73828223,31.45868454,267,406,285,428,396
ow,ow-0349.jpg,ow-0349.xml,ow-0349-07-000892,S1_20190530_035042_035221_VV_8,2019-05-30T03:50:42,2019-05-30T03:52:21,S1B_IW_GRDH_1SDV_20190530T035132_20190530T035157_016468_01EFFB_A41B.SAFE,640,640,32.81074934,31.52692474,32.67798288,31.54813738,32.65244479,31.43286285,32.78521125,31.4116502,32.73292106,31.47035765,32.73126148,31.47062281,32.73110187,31.46990235,32.73276145,31.46963719,304,370,312,374,32
ow,ow-0349.jpg,ow-0349.xml,ow-0349-08-000893,S1_20190530_035042_035221_VV_8,2019-05-30T03:50:42,2019-05-30T03:52:21,S1B_IW_GRDH_1SDV_20190530T035132_20190530T035157_016468_01EFFB_A41B.SAFE,640,640,32.81074934,31.52692474,32.67798288,31.54813738,32.65244479,31.43286285,32.78521125,31.4116502,32.71466567,31.47327439,32.7038784,31.47499792,32.70296062,31.47085524,32.7137479,31.46913171,392,370,444,393,1196
ow,ow-0349.jpg,ow-0349.xml,ow-0349-09-000894,S1_20190530_035042_035221_VV_8,2019-05-30T03:50:42,2019-05-30T03:52:21,S1B_IW_GRDH_1SDV_20190530T035132_20190530T035157_016468_01EFFB_A41B.SAFE,640,640,32.81074934,31.52692474,32.67798288,31.54813738,32.65244479,31.43286285,32.78521125,31.4116502,32.75799719,31.44490456,32.75467803,31.44543488,32.75415929,31.44309336,32.75747845,31.44256305,161,485,177,498,208
ow,ow-0349.jpg,ow-0349.xml,ow-0349-10-000895,S1_20190530_035042_035221_VV_8,2019-05-30T03:50:42,2019-05-30T03:52:21,S1B_IW_GRDH_1SDV_20190530T035132_20190530T035157_016468_01EFFB_A41B.SAFE,640,640,32.81074934,31.52692474,32.67798288,31.54813738,32.65244479,31.43286285,32.78521125,31.4116502,32.77277776,31.5193777,32.76053835,31.52133324,32.7575456,31.50782451,32.76978501,31.50586897,169,73,228,148,4425
ow,ow-0349.jpg,ow-0349.xml,ow-0349-11-000896,S1_20190530_035042_035221_VV_8,2019-05-30T03:50:42,2019-05-30T03:52:21,S1B_IW_GRDH_1SDV_20190530T035132_20190530T035157_016468_01EFFB_A41B.SAFE,640,640,32.81074934,31.52692474,32.67798288,31.54813738,32.65244479,31.43286285,32.78521125,31.4116502,32.75791689,31.43484682,32.74941154,31.43620576,32.74845386,31.43188296,32.75695921,31.43052403,151,539,192,563,984
ow,ow-0349.jpg,ow-0349.xml,ow-0349-12-000897,S1_20190530_035042_035221_VV_8,2019-05-30T03:50:42,2019-05-30T03:52:21,S1B_IW_GRDH_1SDV_20190530T035132_20190530T035157_016468_01EFFB_A41B.SAFE,640,640,32.81074934,31.52692474,32.67798288,31.54813738,32.65244479,31.43286285,32.78521125,31.4116502,32.75307767,31.51189522,32.7418755,31.51368504,32.74047889,31.50738096,32.75168106,31.50559115,253,130,307,165,1890
ow,ow-0349.jpg,ow-0349.xml,ow-0349-13-000898,S1_20190530_035042_035221_VV_8,2019-05-30T03:50:42,2019-05-30T03:52:21,S1B_IW_GRDH_1SDV_20190530T035132_20190530T035157_016468_01EFFB_A41B.SAFE,640,640,32.81074934,31.52692474,32.67798288,31.54813738,32.65244479,31.43286285,32.78521125,31.4116502,32.69399081,31.43909281,32.68673015,31.44025288,32.68505421,31.43268799,32.69231488,31.43152792,453,571,488,613,1470
ow,ow-0349.jpg,ow-0349.xml,ow-0349-14-000899,S1_20190530_035042_035221_VV_8,2019-05-30T03:50:42,2019-05-30T03:52:21,S1B_IW_GRDH_1SDV_20190530T035132_20190530T035157_016468_01EFFB_A41B.SAFE,640,640,32.81074934,31.52692474,32.67798288,31.54813738,32.65244479,31.43286285,32.78521125,31.4116502,32.65841318,31.43750401,32.65364189,31.43826634,32.65244479,31.43286285,32.65721608,31.43210052,617,610,640,640,690
ow,ow-0349.jpg,ow-0349.xml,ow-0349-15-000900,S1_20190530_035042_035221_VV_8,2019-05-30T03:50:42,2019-05-30T03:52:21,S1B_IW_GRDH_1SDV_20190530T035132_20190530T035157_016468_01EFFB_A41B.SAFE,640,640,32.81074934,31.52692474,32.67798288,31.54813738,32.65244479,31.43286285,32.78521125,31.4116502,32.69423023,31.44017351,32.68676212,31.44136672,32.68484676,31.43272113,32.69231488,31.43152792,453,565,489,613,1728
ow,ow-0350.jpg,ow-0350.xml,ow-0350-01-000901,S1_20190530_035042_035221_VV_9,2019-05-30T03:50:42,2019-05-30T03:52:21,S1B_IW_GRDH_1SDV_20190530T035132_20190530T035157_016468_01EFFB_A41B.SAFE,640,640,32.991652,31.53133359,32.85900689,31.55282247,32.83313828,31.43753835,32.96578339,31.41604947,32.97311141,31.47646655,32.96399206,31.47794392,32.96294115,31.4732605,32.9720605,31.47178314,29,310,73,336,1144
ow,ow-0350.jpg,ow-0350.xml,ow-0350-02-000902,S1_20190530_035042_035221_VV_9,2019-05-30T03:50:42,2019-05-30T03:52:21,S1B_IW_GRDH_1SDV_20190530T035132_20190530T035157_016468_01EFFB_A41B.SAFE,640,640,32.991652,31.53133359,32.85900689,31.55282247,32.83313828,31.43753835,32.96578339,31.41604947,32.9356889,31.52602544,32.93382358,31.52632763,32.9332577,31.52380579,32.93512302,31.5235036,255,77,264,91,126
ow,ow-0350.jpg,ow-0350.xml,ow-0350-03-000903,S1_20190530_035042_035221_VV_9,2019-05-30T03:50:42,2019-05-30T03:52:21,S1B_IW_GRDH_1SDV_20190530T035132_20190530T035157_016468_01EFFB_A41B.SAFE,640,640,32.991652,31.53133359,32.85900689,31.55282247,32.83313828,31.43753835,32.96578339,31.41604947,32.93365243,31.51982157,32.93199437,31.52009018,32.93146891,31.51774847,32.93312698,31.51747986,258,112,266,125,104
ow,ow-0351.jpg,ow-0351.xml,ow-0351-01-000904,S1_20190530_035042_035221_VV_10,2019-05-30T03:50:42,2019-05-30T03:52:21,S1B_IW_GRDH_1SDV_20190530T035132_20190530T035157_016468_01EFFB_A41B.SAFE,640,640,31.73699579,31.65541416,31.6037556,31.67551422,31.57955349,31.56030235,31.71279368,31.54020229,31.69496177,31.65674071,31.67872312,31.6591904,31.67660543,31.64910937,31.69284408,31.64665967,197,27,275,83,4368
ow,ow-0351.jpg,ow-0351.xml,ow-0351-02-000905,S1_20190530_035042_035221_VV_10,2019-05-30T03:50:42,2019-05-30T03:52:21,S1B_IW_GRDH_1SDV_20190530T035132_20190530T035157_016468_01EFFB_A41B.SAFE,640,640,31.73699579,31.65541416,31.6037556,31.67551422,31.57955349,31.56030235,31.71279368,31.54020229,31.7033287,31.64749241,31.69791582,31.64830897,31.69712169,31.64452858,31.70253457,31.64371202,149,70,175,91,546
ow,ow-0351.jpg,ow-0351.xml,ow-0351-03-000906,S1_20190530_035042_035221_VV_10,2019-05-30T03:50:42,2019-05-30T03:52:21,S1B_IW_GRDH_1SDV_20190530T035132_20190530T035157_016468_01EFFB_A41B.SAFE,640,640,31.73699579,31.65541416,31.6037556,31.67551422,31.57955349,31.56030235,31.71279368,31.54020229,31.66874841,31.66385244,31.66312734,31.66470041,31.6620685,31.65965989,31.66768957,31.65881192,326,10,353,38,756
ow,ow-0351.jpg,ow-0351.xml,ow-0351-04-000907,S1_20190530_035042_035221_VV_10,2019-05-30T03:50:42,2019-05-30T03:52:21,S1B_IW_GRDH_1SDV_20190530T035132_20190530T035157_016468_01EFFB_A41B.SAFE,640,640,31.73699579,31.65541416,31.6037556,31.67551422,31.57955349,31.56030235,31.71279368,31.54020229,31.7168434,31.63821043,31.71247146,31.63886996,31.71163951,31.63490955,31.71601146,31.63425002,77,109,98,131,462
ow,ow-0351.jpg,ow-0351.xml,ow-0351-05-000908,S1_20190530_035042_035221_VV_10,2019-05-30T03:50:42,2019-05-30T03:52:21,S1B_IW_GRDH_1SDV_20190530T035132_20190530T035157_016468_01EFFB_A41B.SAFE,640,640,31.73699579,31.65541416,31.6037556,31.67551422,31.57955349,31.56030235,31.71279368,31.54020229,31.72579669,31.6307309,31.72246568,31.63123341,31.72163373,31.627273,31.72496474,31.6267705,28,142,44,164,352
ow,ow-0351.jpg,ow-0351.xml,ow-0351-06-000909,S1_20190530_035042_035221_VV_10,2019-05-30T03:50:42,2019-05-30T03:52:21,S1B_IW_GRDH_1SDV_20190530T035132_20190530T035157_016468_01EFFB_A41B.SAFE,640,640,31.73699579,31.65541416,31.6037556,31.67551422,31.57955349,31.56030235,31.71279368,31.54020229,31.72033773,31.5771375,31.71180203,31.57842516,31.71176421,31.57824514,31.72029991,31.57695748,1,435,42,436,41
ow,ow-0352.jpg,ow-0352.xml,ow-0352-01-000910,S1_20190530_035042_035221_VV_11,2019-05-30T03:50:42,2019-05-30T03:52:21,S1B_IW_GRDH_1SDV_20190530T035132_20190530T035157_016468_01EFFB_A41B.SAFE,640,640,32.75671435,31.44444232,32.62479114,31.46568304,32.59919677,31.35041981,32.73111999,31.32917909,32.75646823,31.44429541,32.75502532,31.44452773,32.75470539,31.44308694,32.7561483,31.44285462,1,1,8,9,56
ow,ow-0352.jpg,ow-0352.xml,ow-0352-02-000911,S1_20190530_035042_035221_VV_11,2019-05-30T03:50:42,2019-05-30T03:52:21,S1B_IW_GRDH_1SDV_20190530T035132_20190530T035157_016468_01EFFB_A41B.SAFE,640,640,32.75671435,31.44444232,32.62479114,31.46568304,32.59919677,31.35041981,32.73111999,31.32917909,32.75414874,31.43384968,32.74899549,31.4346794,32.74839563,31.43197791,32.75354888,31.4311482,1,59,26,74,375
ow,ow-0352.jpg,ow-0352.xml,ow-0352-03-000912,S1_20190530_035042_035221_VV_11,2019-05-30T03:50:42,2019-05-30T03:52:21,S1B_IW_GRDH_1SDV_20190530T035132_20190530T035157_016468_01EFFB_A41B.SAFE,640,640,32.75671435,31.44444232,32.62479114,31.46568304,32.59919677,31.35041981,32.73111999,31.32917909,32.69439573,31.43973965,32.68635666,31.44103401,32.68443708,31.43238926,32.69247616,31.43109491,287,79,326,127,1872
ow,ow-0352.jpg,ow-0352.xml,ow-0352-04-000913,S1_20190530_035042_035221_VV_11,2019-05-30T03:50:42,2019-05-30T03:52:21,S1B_IW_GRDH_1SDV_20190530T035132_20190530T035157_016468_01EFFB_A41B.SAFE,640,640,32.75671435,31.44444232,32.62479114,31.46568304,32.59919677,31.35041981,32.73111999,31.32917909,32.6582524,31.4375379,32.65103785,31.4386995,32.64967815,31.43257615,32.6568927,31.43141454,454,122,489,156,1190
ow,ow-0352.jpg,ow-0352.xml,ow-0352-05-000914,S1_20190530_035042_035221_VV_11,2019-05-30T03:50:42,2019-05-30T03:52:21,S1B_IW_GRDH_1SDV_20190530T035132_20190530T035157_016468_01EFFB_A41B.SAFE,640,640,32.75671435,31.44444232,32.62479114,31.46568304,32.59919677,31.35041981,32.73111999,31.32917909,32.63025983,31.39223937,32.62242689,31.39350054,32.61966749,31.38107372,32.62750043,31.37981255,538,389,576,458,2622
ow,ow-0352.jpg,ow-0352.xml,ow-0352-06-000915,S1_20190530_035042_035221_VV_11,2019-05-30T03:50:42,2019-05-30T03:52:21,S1B_IW_GRDH_1SDV_20190530T035132_20190530T035157_016468_01EFFB_A41B.SAFE,640,640,32.75671435,31.44444232,32.62479114,31.46568304,32.59919677,31.35041981,32.73111999,31.32917909,32.68532068,31.40463942,32.67810613,31.40580102,32.6768664,31.40021796,32.68408095,31.39905635,293,275,328,306,1085
ow,ow-0353.jpg,ow-0353.xml,ow-0353-01-000916,S1_20190530_154010_154150_VV_0,2019-05-30T15:40:10,2019-05-30T15:41:50,S1A_IW_GRDH_1SDV_20190530T154100_20190530T154125_027459_031913_DA3E.SAFE,640,640,34.23452217,32.89279993,34.36915601,32.91381811,34.34348718,33.02906062,34.20885335,33.00804244,34.29719087,32.95251921,34.30981279,32.95448966,34.3056015,32.97339664,34.29297957,32.97142618,349,268,409,373,6300
ow,ow-0353.jpg,ow-0353.xml,ow-0353-02-000917,S1_20190530_154010_154150_VV_0,2019-05-30T15:40:10,2019-05-30T15:41:50,S1A_IW_GRDH_1SDV_20190530T154100_20190530T154125_027459_031913_DA3E.SAFE,640,640,34.23452217,32.89279993,34.36915601,32.91381811,34.34348718,33.02906062,34.20885335,33.00804244,34.27143545,32.95185234,34.27711532,32.95273904,34.27506983,32.96192243,34.26938997,32.96103572,230,286,257,337,1377
ow,ow-0353.jpg,ow-0353.xml,ow-0353-03-000918,S1_20190530_154010_154150_VV_0,2019-05-30T15:40:10,2019-05-30T15:41:50,S1A_IW_GRDH_1SDV_20190530T154100_20190530T154125_027459_031913_DA3E.SAFE,640,640,34.23452217,32.89279993,34.36915601,32.91381811,34.34348718,33.02906062,34.20885335,33.00804244,34.28394608,32.95920892,34.28731193,32.95973438,34.28658999,32.96297557,34.28322415,32.96245012,295,315,311,333,288
ow,ow-0354.jpg,ow-0354.xml,ow-0354-01-000919,S1_20190531_034300_034440_VV_0,2019-05-31T03:43:00,2019-05-31T03:44:40,S1A_IW_GRDH_1SDV_20190531T034325_20190531T034350_027466_031954_4726.SAFE,977,977,34.49161696,33.60308362,34.28419273,33.63395439,34.24593465,33.4580389,34.45335888,33.42716813,34.48468112,33.59537929,34.43372737,33.60296269,34.40502402,33.47098106,34.45597777,33.46339766,24,47,264,780,175920
ow,ow-0355.jpg,ow-0355.xml,ow-0355-01-000920,S1_20190531_034300_034440_VV_1,2019-05-31T03:43:00,2019-05-31T03:44:40,S1A_IW_GRDH_1SDV_20190531T034325_20190531T034350_027466_031954_4726.SAFE,640,640,35.66224589,34.43213295,35.52594171,34.45354923,35.49880775,34.33835086,35.63511193,34.31693459,35.60452684,34.4036834,35.5747103,34.40836821,35.56746045,34.37758865,35.59727699,34.37290384,231,201,371,372,23940
ow,ow-0355.jpg,ow-0355.xml,ow-0355-02-000921,S1_20190531_034300_034440_VV_1,2019-05-31T03:43:00,2019-05-31T03:44:40,S1A_IW_GRDH_1SDV_20190531T034325_20190531T034350_027466_031954_4726.SAFE,640,640,35.66224589,34.43213295,35.52594171,34.45354923,35.49880775,34.33835086,35.63511193,34.31693459,35.56282532,34.37103723,35.55835283,34.37173995,35.55733531,34.36742001,35.56180779,34.36671729,385,411,406,435,504
ow,ow-0356.jpg,ow-0356.xml,ow-0356-01-000922,S1_20190531_034300_034440_VV_2,2019-05-31T03:43:00,2019-05-31T03:44:40,S1A_IW_GRDH_1SDV_20190531T034325_20190531T034350_027466_031954_4726.SAFE,640,640,33.64735785,34.2010958,33.51011931,34.22034492,33.48566629,34.10523958,33.62290482,34.08599046,33.57046313,34.1540952,33.5629579,34.15514789,33.56230836,34.1520904,33.5698136,34.15103772,303,312,338,329,595
ow,ow-0357.jpg,ow-0357.xml,ow-0357-01-000923,S1_20190531_034300_034440_VV_3,2019-05-31T03:43:00,2019-05-31T03:44:40,S1A_IW_GRDH_1SDV_20190531T034325_20190531T034350_027466_031954_4726.SAFE,640,640,35.12085067,33.93082794,34.98427101,33.95162804,34.95789611,33.83644283,35.09447576,33.81564273,35.05350828,33.89135415,35.02789959,33.89525417,35.02225372,33.87059734,35.0478624,33.86669732,264,267,384,404,16440
ow,ow-0358.jpg,ow-0358.xml,ow-0358-01-000924,S1_20190531_034300_034440_VV_4,2019-05-31T03:43:00,2019-05-31T03:44:40,S1A_IW_GRDH_1SDV_20190531T034325_20190531T034350_027466_031954_4726.SAFE,640,640,33.94583287,34.00166451,33.80969997,34.02127919,33.78538575,33.90608035,33.92151865,33.88646566,33.88011936,33.96031347,33.85034028,33.96460418,33.84779489,33.9525443,33.87757396,33.94825359,260,274,400,341,9380
ow,ow-0358.jpg,ow-0358.xml,ow-0358-02-000925,S1_20190531_034300_034440_VV_4,2019-05-31T03:43:00,2019-05-31T03:44:40,S1A_IW_GRDH_1SDV_20190531T034325_20190531T034350_027466_031954_4726.SAFE,640,640,33.94583287,34.00166451,33.80969997,34.02127919,33.78538575,33.90608035,33.92151865,33.88646566,33.84904922,33.97406381,33.83479781,33.97611722,33.83278428,33.96657732,33.8470357,33.9645239,415,224,482,277,3551
ow,ow-0358.jpg,ow-0358.xml,ow-0358-03-000926,S1_20190531_034300_034440_VV_4,2019-05-31T03:43:00,2019-05-31T03:44:40,S1A_IW_GRDH_1SDV_20190531T034325_20190531T034350_027466_031954_4726.SAFE,640,640,33.94583287,34.00166451,33.80969997,34.02127919,33.78538575,33.90608035,33.92151865,33.88646566,33.84882879,33.97094254,33.81649722,33.97560103,33.81395183,33.96354115,33.84628339,33.95888266,413,241,565,308,10184
ow,ow-0358.jpg,ow-0358.xml,ow-0358-04-000927,S1_20190531_034300_034440_VV_4,2019-05-31T03:43:00,2019-05-31T03:44:40,S1A_IW_GRDH_1SDV_20190531T034325_20190531T034350_027466_031954_4726.SAFE,640,640,33.94583287,34.00166451,33.80969997,34.02127919,33.78538575,33.90608035,33.92151865,33.88646566,33.91616527,33.94417694,33.89042764,33.94788534,33.88719841,33.9325855,33.91293603,33.92887709,80,333,201,418,10285
ow,ow-0359.jpg,ow-0359.xml,ow-0359-01-000928,S1_20190531_034300_034440_VV_5,2019-05-31T03:43:00,2019-05-31T03:44:40,S1A_IW_GRDH_1SDV_20190531T034325_20190531T034350_027466_031954_4726.SAFE,640,640,34.65632621,33.56939655,34.52057813,33.58992118,34.49514517,33.47466973,34.63089325,33.4541451,34.60392946,33.53656531,34.55790237,33.54352444,34.55023275,33.50876893,34.59625983,33.5018098,206,219,423,412,41881
ow,ow-0360.jpg,ow-0360.xml,ow-0360-01-000929,S1_20190531_034300_034440_VV_7,2019-05-31T03:43:00,2019-05-31T03:44:40,S1A_IW_GRDH_1SDV_20190531T034350_20190531T034415_027466_031954_419E.SAFE,640,640,34.2796822,32.89018325,34.14474645,32.91045072,34.12058808,32.79506898,34.25552384,32.77480152,34.19731506,32.84992998,34.19309831,32.85056334,34.19215463,32.84605624,34.19637137,32.84542288,340,283,360,308,500
ow,ow-0360.jpg,ow-0360.xml,ow-0360-02-000930,S1_20190531_034300_034440_VV_7,2019-05-31T03:43:00,2019-05-31T03:44:40,S1A_IW_GRDH_1SDV_20190531T034350_20190531T034415_027466_031954_419E.SAFE,640,640,34.2796822,32.89018325,34.14474645,32.91045072,34.12058808,32.79506898,34.25552384,32.77480152,34.21081605,32.83339774,34.20217173,32.83469612,34.20081282,32.8282059,34.20945714,32.82690751,262,361,303,397,1476
ow,ow-0361.jpg,ow-0361.xml,ow-0361-01-000931,S1_20190531_034300_034440_VV_8,2019-05-31T03:43:00,2019-05-31T03:44:40,S1A_IW_GRDH_1SDV_20190531T034350_20190531T034415_027466_031954_419E.SAFE,640,640,33.24334842,32.92783778,33.10892794,32.94697802,33.08528049,32.8318252,33.21970097,32.81268495,33.1613351,32.88321872,33.15314385,32.88438508,33.15040961,32.87107053,33.15860086,32.86990417,337,304,376,378,2886
ow,ow-0361.jpg,ow-0361.xml,ow-0361-02-000932,S1_20190531_034300_034440_VV_8,2019-05-31T03:43:00,2019-05-31T03:44:40,S1A_IW_GRDH_1SDV_20190531T034350_20190531T034415_027466_031954_419E.SAFE,640,640,33.24334842,32.92783778,33.10892794,32.94697802,33.08528049,32.8318252,33.21970097,32.81268495,33.17504549,32.88682211,33.16706428,32.88795856,33.16484733,32.87716298,33.17282854,32.87602653,277,274,315,334,2280
ow,ow-0362.jpg,ow-0362.xml,ow-0362-01-000933,S1_20190531_034300_034440_VV_9,2019-05-31T03:43:00,2019-05-31T03:44:40,S1A_IW_GRDH_1SDV_20190531T034350_20190531T034415_027466_031954_419E.SAFE,640,640,33.016594,32.82967013,32.8821937,32.84865363,32.8587239,32.7335142,32.9931242,32.7145307,32.8982754,32.78234272,32.8947054,32.78284697,32.89386195,32.77870915,32.89743196,32.7782049,503,346,520,369,391
ow,ow-0362.jpg,ow-0362.xml,ow-0362-02-000934,S1_20190531_034300_034440_VV_9,2019-05-31T03:43:00,2019-05-31T03:44:40,S1A_IW_GRDH_1SDV_20190531T034350_20190531T034415_027466_031954_419E.SAFE,640,640,33.016594,32.82967013,32.8821937,32.84865363,32.8587239,32.7335142,32.9931242,32.7145307,32.92078243,32.79100914,32.91343241,32.7920473,32.91196555,32.78485108,32.91931557,32.78381292,407,282,442,322,1400
ow,ow-0362.jpg,ow-0362.xml,ow-0362-03-000935,S1_20190531_034300_034440_VV_9,2019-05-31T03:43:00,2019-05-31T03:44:40,S1A_IW_GRDH_1SDV_20190531T034350_20190531T034415_027466_031954_419E.SAFE,640,640,33.016594,32.82967013,32.8821937,32.84865363,32.8587239,32.7335142,32.9931242,32.7145307,32.92407912,32.79128383,32.91966911,32.79190673,32.91864231,32.78686938,32.92305232,32.78624648,392,278,413,306,588
ow,ow-0363.jpg,ow-0363.xml,ow-0363-01-000936,S1_20190531_034300_034440_VV_13,2019-05-31T03:43:00,2019-05-31T03:44:40,S1A_IW_GRDH_1SDV_20190531T034415_20190531T034440_027466_031954_0C0D.SAFE,640,640,32.73160283,31.42792907,32.59898112,31.44706509,32.57572281,31.3318842,32.70834452,31.31274818,32.62961045,31.38541451,32.61800605,31.38708891,32.61695216,31.38186978,32.62855656,31.38019537,438,309,494,338,1624
ow,ow-0363.jpg,ow-0363.xml,ow-0363-02-000937,S1_20190531_034300_034440_VV_13,2019-05-31T03:43:00,2019-05-31T03:44:40,S1A_IW_GRDH_1SDV_20190531T034415_20190531T034440_027466_031954_0C0D.SAFE,640,640,32.73160283,31.42792907,32.59898112,31.44706509,32.57572281,31.3318842,32.70834452,31.31274818,32.6807377,31.40415249,32.66996218,31.40570729,32.6692717,31.40228786,32.68004722,31.40073306,216,168,268,187,988
ow,ow-0364.jpg,ow-0364.xml,ow-0364-01-000938,S1_20190603_155613_155637_VV_0,2019-06-03T15:56:13,2019-06-03T15:56:37,S1B_IW_GRDH_1SDV_20190603T155613_20190603T155637_016534_01F1F4_6FF3.SAFE,640,640,32.21558743,31.36434287,32.34777861,31.38479882,32.32331325,31.49978414,32.19112207,31.47932819,32.26820303,31.42890121,32.27192091,31.42947653,32.27062119,31.43558513,32.26690331,31.4350098,311,304,329,338,612
ow,ow-0365.jpg,ow-0365.xml,ow-0365-01-000939,S1_20190603_155613_155637_VV_2,2019-06-03T15:56:13,2019-06-03T15:56:37,S1B_IW_GRDH_1SDV_20190603T155613_20190603T155637_016534_01F1F4_6FF3.SAFE,640,640,31.63656582,31.704238,31.76978845,31.72396782,31.74611696,31.83885314,31.61289433,31.81912331,31.68813984,31.7662618,31.69792337,31.7677107,31.69577815,31.77812219,31.68599461,31.77667328,300,294,347,352,2726
ow,ow-0366.jpg,ow-0366.xml,ow-0366-01-000940,S1_20190603_155643_155737_VV_0,2019-06-03T15:56:43,2019-06-03T15:57:37,S1B_IW_GRDH_1SDV_20190603T155643_20190603T155712_016534_01F1F5_107F.SAFE,640,640,30.3562137,33.61324411,30.4921005,33.63389475,30.4666001,33.74938882,30.3307133,33.72873817,30.40970886,33.67807418,30.41416764,33.67875178,30.41281293,33.6848874,30.40835415,33.6842098,309,304,330,338,714
ow,ow-0367.jpg,ow-0367.xml,ow-0367-01-000941,S1_20190603_155643_155737_VV_1,2019-06-03T15:56:43,2019-06-03T15:57:37,S1B_IW_GRDH_1SDV_20190603T155712_20190603T155737_016534_01F1F5_67D1.SAFE,640,640,30.77803504,34.42646015,30.91524329,34.4464459,30.8903626,34.56189526,30.75315434,34.54190951,30.83935958,34.48767338,30.84278978,34.48817302,30.84197339,34.49196121,30.83854318,34.49146156,337,281,353,302,336
ow,ow-0367.jpg,ow-0367.xml,ow-0367-02-000942,S1_20190603_155643_155737_VV_1,2019-06-03T15:56:43,2019-06-03T15:57:37,S1B_IW_GRDH_1SDV_20190603T155712_20190603T155737_016534_01F1F5_67D1.SAFE,640,640,30.77803504,34.42646015,30.91524329,34.4464459,30.8903626,34.56189526,30.75315434,34.54190951,30.82648085,34.4930535,30.83377004,34.49411525,30.83205949,34.50205239,30.8247703,34.50099065,284,320,318,364,1496
ow,ow-0368.jpg,ow-0368.xml,ow-0368-01-000943,S1_20190604_035853_040032_VV_0,2019-06-04T03:58:53,2019-06-04T04:00:32,S1B_IW_GRDH_1SDV_20190604T035918_20190604T035943_016541_01F237_3B25.SAFE,640,640,30.466477,33.17380306,30.33134666,33.19436733,30.30617392,33.07916099,30.44130427,33.05859672,30.40744391,33.13926382,30.37154991,33.1447262,30.36458807,33.11286445,30.40048207,33.10740206,236,234,406,411,30090
ow,ow-0369.jpg,ow-0369.xml,ow-0369-01-000944,S1_20190604_154838_155018_VV_0,2019-06-04T15:48:38,2019-06-04T15:50:18,S1A_IW_GRDH_1SDV_20190604T154928_20190604T154953_027532_031B5A_1FA3.SAFE,640,640,32.71291272,34.42593079,32.84980613,34.44597095,32.82497596,34.56112724,32.68808255,34.54108708,32.76666805,34.49078284,32.77308493,34.49172222,32.772115,34.49622051,32.76569812,34.49528113,307,307,337,332,750
ow,ow-0370.jpg,ow-0370.xml,ow-0370-01-000945,S1_20190605_035119_035301_VV_0,2019-06-05T03:51:19,2019-06-05T03:53:01,S1A_IW_GRDH_1SDV_20190605T035209_20190605T035234_027539_031B8E_FFE0.SAFE,640,640,32.8431128,31.55957364,32.7109091,31.58080007,32.68539772,31.46546127,32.81760143,31.44423484,32.76521564,31.51105694,32.76273682,31.51145494,32.76078361,31.50262431,32.76326243,31.50222632,314,327,326,376,588
ow,ow-0370.jpg,ow-0370.xml,ow-0370-02-000946,S1_20190605_035119_035301_VV_0,2019-06-05T03:51:19,2019-06-05T03:53:01,S1A_IW_GRDH_1SDV_20190605T035209_20190605T035234_027539_031B8E_FFE0.SAFE,640,640,32.8431128,31.55957364,32.7109091,31.58080007,32.68539772,31.46546127,32.81760143,31.44423484,32.76780664,31.52277104,32.76429498,31.52333487,32.76206273,31.51324272,32.76557439,31.51267889,314,262,331,318,952
ow,ow-0371.jpg,ow-0371.xml,ow-0371-01-000947,S1_20190605_153945_154100_VV_0,2019-06-05T15:39:45,2019-06-05T15:41:00,S1B_IW_GRDH_1SDV_20190605T154035_20190605T154100_016563_01F2E3_849B.SAFE,1289,1289,34.343888,34.30881477,34.61928454,34.35010224,34.56810686,34.58216749,34.29271032,34.54088002,34.34197103,34.33251976,34.53917119,34.36208402,34.50085741,34.53581789,34.30365725,34.50625363,15,129,938,1094,890695
ow,ow-0372.jpg,ow-0372.xml,ow-0372-01-000948,S1_20190605_153945_154100_VV_1,2019-06-05T15:39:45,2019-06-05T15:41:00,S1B_IW_GRDH_1SDV_20190605T154035_20190605T154100_016563_01F2E3_849B.SAFE,640,640,34.22011698,34.22939945,34.35678786,34.25005264,34.33118781,34.36528209,34.19451693,34.34462889,34.30613496,34.29524792,34.32193753,34.29763594,34.31913752,34.31023916,34.30333495,34.30785114,456,284,530,354,5180
ow,ow-0373.jpg,ow-0373.xml,ow-0373-01-000949,S1_20190605_153945_154100_VV_2,2019-06-05T15:39:45,2019-06-05T15:41:00,S1B_IW_GRDH_1SDV_20190605T154035_20190605T154100_016563_01F2E3_849B.SAFE,640,640,34.51399215,34.62114926,34.65154034,34.64146604,34.62653182,34.75664145,34.48898363,34.73632467,34.55867586,34.67176814,34.62508585,34.68157734,34.6093383,34.75410185,34.54292831,34.74429265,251,237,560,640,124527
ow,ow-0374.jpg,ow-0374.xml,ow-0374-01-000950,S1_20190606_034221_034401_VV_0,2019-06-06T03:42:21,2019-06-06T03:44:01,S1B_IW_GRDH_1SDV_20190606T034246_20190606T034311_016570_01F315_F9B4.SAFE,1758,1758,34.64508218,34.41644574,34.26979011,34.47192482,34.20027952,34.15565642,34.57557159,34.10017734,34.45763107,34.36985747,34.43927207,34.37257146,34.436702,34.36087781,34.45506099,34.35816381,804,400,890,465,5590
ow,ow-0374.jpg,ow-0374.xml,ow-0374-02-000951,S1_20190606_034221_034401_VV_0,2019-06-06T03:42:21,2019-06-06T03:44:01,S1B_IW_GRDH_1SDV_20190606T034246_20190606T034311_016570_01F315_F9B4.SAFE,1758,1758,34.64508218,34.41644574,34.26979011,34.47192482,34.20027952,34.15565642,34.57557159,34.10017734,34.32533547,34.30044156,34.31594249,34.30183011,34.31400505,34.2930149,34.32339803,34.29162634,1335,879,1379,928,2156
ow,ow-0374.jpg,ow-0374.xml,ow-0374-03-000952,S1_20190606_034221_034401_VV_0,2019-06-06T03:42:21,2019-06-06T03:44:01,S1B_IW_GRDH_1SDV_20190606T034246_20190606T034311_016570_01F315_F9B4.SAFE,1758,1758,34.64508218,34.41644574,34.26979011,34.47192482,34.20027952,34.15565642,34.57557159,34.10017734,34.52869783,34.43346498,34.38246628,34.45508226,34.35395824,34.32537264,34.50018979,34.30375536,545,1,1230,722,493885
ow,ow-0375.jpg,ow-0375.xml,ow-0375-01-000953,S1_20190609_155640_155820_VV_2,2019-06-09T15:56:40,2019-06-09T15:58:20,S1A_IW_GRDH_1SDV_20190609T155730_20190609T155755_027605_031D91_51DD.SAFE,640,640,32.00258793,33.00613496,32.13775468,33.0251731,32.11448149,33.14051667,31.97931474,33.12147853,32.0324467,33.03684506,32.09876289,33.04618565,32.08559899,33.11142685,32.01928281,33.10208626,166,143,480,505,113668
ow,ow-0376.jpg,ow-0376.xml,ow-0376-01-000954,S1_20190610_035930_040110_VV_0,2019-06-10T03:59:30,2019-06-10T04:01:10,S1A_IW_GRDH_1SDV_20190610T035955_20190610T040020_027612_031DBE_1D43.SAFE;S1A_IW_GRDH_1SDV_20190610T035930_20190610T035955_027612_031DBE_CF47.SAFE,1856,1856,31.5083925,34.69284954,31.11046981,34.75403422,31.03420403,34.4198698,31.43212671,34.35868513,31.50813701,34.69270247,31.4339553,34.70410866,31.37034569,34.42539825,31.4445274,34.41399205,1,1,347,1549,535608
ow,ow-0377.jpg,ow-0377.xml,ow-0377-01-000955,S1_20190610_035930_040110_VV_1,2019-06-10T03:59:30,2019-06-10T04:01:10,S1A_IW_GRDH_1SDV_20190610T040020_20190610T040045_027612_031DBE_747E.SAFE,640,640,31.15749971,32.61756455,31.02327119,32.6390193,30.99710775,32.52371399,31.13133627,32.50225924,31.08235334,32.58906213,31.06620397,32.5916434,31.06048072,32.56642037,31.07663009,32.56383909,316,217,393,357,10780
ow,ow-0377.jpg,ow-0377.xml,ow-0377-02-000956,S1_20190610_035930_040110_VV_1,2019-06-10T03:59:30,2019-06-10T04:01:10,S1A_IW_GRDH_1SDV_20190610T040020_20190610T040045_027612_031DBE_747E.SAFE,640,640,31.15749971,32.61756455,31.02327119,32.6390193,30.99710775,32.52371399,31.13133627,32.50225924,31.09172546,32.56235978,31.0801902,32.56420355,31.07724681,32.5512317,31.08878208,32.54938793,245,352,300,424,3960
ow,ow-0378.jpg,ow-0378.xml,ow-0378-01-000957,S1_20190610_035930_040110_VV_2,2019-06-10T03:59:30,2019-06-10T04:01:10,S1A_IW_GRDH_1SDV_20190610T040020_20190610T040045_027612_031DBE_747E.SAFE,640,640,31.28820832,32.47362097,31.15487433,32.49509483,31.12886949,32.37977297,31.26220348,32.35829911,31.23306252,32.4109831,31.22660416,32.41202324,31.22465379,32.4033741,31.23111216,32.40233396,190,383,221,431,1488
ow,ow-0378.jpg,ow-0378.xml,ow-0378-02-000958,S1_20190610_035930_040110_VV_2,2019-06-10T03:59:30,2019-06-10T04:01:10,S1A_IW_GRDH_1SDV_20190610T040020_20190610T040045_027612_031DBE_747E.SAFE,640,640,31.28820832,32.47362097,31.15487433,32.49509483,31.12886949,32.37977297,31.26220348,32.35829911,31.17683366,32.46130723,31.17412531,32.46174342,31.17375962,32.46012171,31.17646797,32.45968552,503,162,516,171,117
ow,ow-0378.jpg,ow-0378.xml,ow-0378-03-000959,S1_20190610_035930_040110_VV_2,2019-06-10T03:59:30,2019-06-10T04:01:10,S1A_IW_GRDH_1SDV_20190610T040020_20190610T040045_027612_031DBE_747E.SAFE,640,640,31.28820832,32.47362097,31.15487433,32.49509483,31.12886949,32.37977297,31.26220348,32.35829911,31.244334,32.39777699,31.23933398,32.39858226,31.23787121,32.3920954,31.24287123,32.39129013,124,444,148,480,864
ow,ow-0379.jpg,ow-0379.xml,ow-0379-01-000960,S1_20190610_035930_040110_VV_3,2019-06-10T03:59:30,2019-06-10T04:01:10,S1A_IW_GRDH_1SDV_20190610T040020_20190610T040045_027612_031DBE_747E.SAFE,640,640,31.07066376,31.95984478,30.93732977,31.98131863,30.91132494,31.86599677,31.04465892,31.84452291,30.99731013,31.91507808,30.99314344,31.91574914,30.99220889,31.91160476,30.99637558,31.9109337,293,303,313,326,460
ow,ow-0379.jpg,ow-0379.xml,ow-0379-02-000961,S1_20190610_035930_040110_VV_3,2019-06-10T03:59:30,2019-06-10T04:01:10,S1A_IW_GRDH_1SDV_20190610T040020_20190610T040045_027612_031DBE_747E.SAFE,640,640,31.07066376,31.95984478,30.93732977,31.98131863,30.91132494,31.86599677,31.04465892,31.84452291,30.9877068,31.91270331,30.98562346,31.91303883,30.98521713,31.91123693,30.98730048,31.9109014,335,324,345,334,100
ow,ow-0380.jpg,ow-0380.xml,ow-0380-01-000962,S1_20190610_035930_040110_VV_4,2019-06-10T03:59:30,2019-06-10T04:01:10,S1A_IW_GRDH_1SDV_20190610T040020_20190610T040045_027612_031DBE_747E.SAFE,640,640,30.9085604,31.76482715,30.77603298,31.78618285,30.75033683,31.67084578,30.88286425,31.64949007,30.83133979,31.71958524,30.82761245,31.72018587,30.8266087,31.71568052,30.83033603,31.71507989,313,309,331,334,450
ow,ow-0381.jpg,ow-0381.xml,ow-0381-01-000963,S1_20190610_035930_040110_VV_5,2019-06-10T03:59:30,2019-06-10T04:01:10,S1A_IW_GRDH_1SDV_20190610T040045_20190610T040110_027612_031DBE_F456.SAFE;S1A_IW_GRDH_1SDV_20190610T040020_20190610T040045_027612_031DBE_747E.SAFE,640,640,30.62985946,31.71401405,30.49721082,31.73509146,30.47184715,31.61976533,30.60449579,31.59868792,30.51467468,31.70135846,30.51405289,31.70145726,30.51377547,31.70019588,30.51439727,31.70009708,524,166,527,173,21
ow,ow-0381.jpg,ow-0381.xml,ow-0381-02-000964,S1_20190610_035930_040110_VV_5,2019-06-10T03:59:30,2019-06-10T04:01:10,S1A_IW_GRDH_1SDV_20190610T040045_20190610T040110_027612_031DBE_F456.SAFE;S1A_IW_GRDH_1SDV_20190610T040020_20190610T040045_027612_031DBE_747E.SAFE,640,640,30.62985946,31.71401405,30.49721082,31.73509146,30.47184715,31.61976533,30.60449579,31.59868792,30.51741738,31.68749507,30.51244306,31.68828547,30.51062004,31.67999641,30.51559437,31.67920601,497,238,521,284,1104
ow,ow-0381.jpg,ow-0381.xml,ow-0381-03-000965,S1_20190610_035930_040110_VV_5,2019-06-10T03:59:30,2019-06-10T04:01:10,S1A_IW_GRDH_1SDV_20190610T040045_20190610T040110_027612_031DBE_F456.SAFE;S1A_IW_GRDH_1SDV_20190610T040020_20190610T040045_027612_031DBE_747E.SAFE,640,640,30.62985946,31.71401405,30.49721082,31.73509146,30.47184715,31.61976533,30.60449579,31.59868792,30.49326503,31.68984084,30.49202145,31.69003844,30.49170441,31.68859687,30.49294799,31.68839927,612,246,618,254,48
ow,ow-0381.jpg,ow-0381.xml,ow-0381-04-000966,S1_20190610_035930_040110_VV_5,2019-06-10T03:59:30,2019-06-10T04:01:10,S1A_IW_GRDH_1SDV_20190610T040045_20190610T040110_027612_031DBE_F456.SAFE;S1A_IW_GRDH_1SDV_20190610T040020_20190610T040045_027612_031DBE_747E.SAFE,640,640,30.62985946,31.71401405,30.49721082,31.73509146,30.47184715,31.61976533,30.60449579,31.59868792,30.61567078,31.7089953,30.6144272,31.7091929,30.61399126,31.70721073,30.61523485,31.70701313,61,39,67,50,66
ow,ow-0381.jpg,ow-0381.xml,ow-0381-05-000967,S1_20190610_035930_040110_VV_5,2019-06-10T03:59:30,2019-06-10T04:01:10,S1A_IW_GRDH_1SDV_20190610T040045_20190610T040110_027612_031DBE_F456.SAFE;S1A_IW_GRDH_1SDV_20190610T040020_20190610T040045_027612_031DBE_747E.SAFE,640,640,30.62985946,31.71401405,30.49721082,31.73509146,30.47184715,31.61976533,30.60449579,31.59868792,30.54426096,31.68080529,30.53928664,31.6815957,30.53762215,31.67402742,30.54259647,31.67323702,365,251,389,293,1008
ow,ow-0381.jpg,ow-0381.xml,ow-0381-06-000968,S1_20190610_035930_040110_VV_5,2019-06-10T03:59:30,2019-06-10T04:01:10,S1A_IW_GRDH_1SDV_20190610T040045_20190610T040110_027612_031DBE_F456.SAFE;S1A_IW_GRDH_1SDV_20190610T040020_20190610T040045_027612_031DBE_747E.SAFE,640,640,30.62985946,31.71401405,30.49721082,31.73509146,30.47184715,31.61976533,30.60449579,31.59868792,30.53415107,31.69043097,30.52855495,31.69132018,30.52685083,31.6835717,30.53244694,31.6826825,422,208,449,251,1161
ow,ow-0381.jpg,ow-0381.xml,ow-0381-07-000969,S1_20190610_035930_040110_VV_5,2019-06-10T03:59:30,2019-06-10T04:01:10,S1A_IW_GRDH_1SDV_20190610T040045_20190610T040110_027612_031DBE_F456.SAFE;S1A_IW_GRDH_1SDV_20190610T040020_20190610T040045_027612_031DBE_747E.SAFE,640,640,30.62985946,31.71401405,30.49721082,31.73509146,30.47184715,31.61976533,30.60449579,31.59868792,30.51797268,31.70269937,30.51693636,31.70286403,30.51677784,31.70214324,30.51781415,31.70197858,510,156,515,160,20
ow,ow-0381.jpg,ow-0381.xml,ow-0381-08-000970,S1_20190610_035930_040110_VV_5,2019-06-10T03:59:30,2019-06-10T04:01:10,S1A_IW_GRDH_1SDV_20190610T040045_20190610T040110_027612_031DBE_F456.SAFE;S1A_IW_GRDH_1SDV_20190610T040020_20190610T040045_027612_031DBE_747E.SAFE,640,640,30.62985946,31.71401405,30.49721082,31.73509146,30.47184715,31.61976533,30.60449579,31.59868792,30.52286315,31.65958809,30.51664525,31.66057609,30.51482224,31.65228703,30.52104014,31.65129902,443,383,473,429,1380
ow,ow-0382.jpg,ow-0382.xml,ow-0382-01-000971,S1_20190610_035930_040110_VV_6,2019-06-10T03:59:30,2019-06-10T04:01:10,S1A_IW_GRDH_1SDV_20190610T040020_20190610T040045_027612_031DBE_747E.SAFE,640,640,30.77119172,31.79669026,30.63860369,31.81790682,30.61307393,31.70257546,30.74566196,31.6813589,30.61575299,31.70886394,30.61450998,31.70906285,30.61407119,31.70708059,30.6153142,31.70688169,634,604,640,615,66
ow,ow-0382.jpg,ow-0382.xml,ow-0382-02-000972,S1_20190610_035930_040110_VV_6,2019-06-10T03:59:30,2019-06-10T04:01:10,S1A_IW_GRDH_1SDV_20190610T040020_20190610T040045_027612_031DBE_747E.SAFE,640,640,30.77119172,31.79669026,30.63860369,31.81790682,30.61307393,31.70257546,30.74566196,31.6813589,30.66120144,31.69711322,30.65912975,31.69744473,30.65865107,31.69528227,30.66072276,31.69495076,410,628,420,640,120
ow,ow-0382.jpg,ow-0382.xml,ow-0382-03-000973,S1_20190610_035930_040110_VV_6,2019-06-10T03:59:30,2019-06-10T04:01:10,S1A_IW_GRDH_1SDV_20190610T040020_20190610T040045_027612_031DBE_747E.SAFE,640,640,30.77119172,31.79669026,30.63860369,31.81790682,30.61307393,31.70257546,30.74566196,31.6813589,30.65548179,31.70325295,30.65299577,31.70365076,30.65255698,31.7016685,30.655043,31.70127069,443,600,455,611,132
ow,ow-0383.jpg,ow-0383.xml,ow-0383-01-000974,S1_20190610_035930_040110_VV_8,2019-06-10T03:59:30,2019-06-10T04:01:10,S1A_IW_GRDH_1SDV_20190610T040045_20190610T040110_027612_031DBE_F456.SAFE;S1A_IW_GRDH_1SDV_20190610T040020_20190610T040045_027612_031DBE_747E.SAFE,640,640,30.42626468,31.73258061,30.2934967,31.7533802,30.26846734,31.63806741,30.40123531,31.61726782,30.32759885,31.67034937,30.32054555,31.67145434,30.31925497,31.66550853,30.32630827,31.66440355,397,417,431,450,1122
ow,ow-0383.jpg,ow-0383.xml,ow-0383-02-000975,S1_20190610_035930_040110_VV_8,2019-06-10T03:59:30,2019-06-10T04:01:10,S1A_IW_GRDH_1SDV_20190610T040045_20190610T040110_027612_031DBE_F456.SAFE;S1A_IW_GRDH_1SDV_20190610T040020_20190610T040045_027612_031DBE_747E.SAFE,640,640,30.42626468,31.73258061,30.2934967,31.7533802,30.26846734,31.63806741,30.40123531,31.61726782,30.32289544,31.68524524,30.32144329,31.68547273,30.3210131,31.68349079,30.32246525,31.6832633,434,341,441,352,77
ow,ow-0383.jpg,ow-0383.xml,ow-0383-03-000976,S1_20190610_035930_040110_VV_8,2019-06-10T03:59:30,2019-06-10T04:01:10,S1A_IW_GRDH_1SDV_20190610T040045_20190610T040110_027612_031DBE_F456.SAFE;S1A_IW_GRDH_1SDV_20190610T040020_20190610T040045_027612_031DBE_747E.SAFE,640,640,30.42626468,31.73258061,30.2934967,31.7533802,30.26846734,31.63806741,30.40123531,31.61726782,30.34094697,31.68539811,30.33659052,31.6860806,30.33573013,31.68211672,30.34008658,31.68143423,350,325,371,347,462
ow,ow-0383.jpg,ow-0383.xml,ow-0383-04-000977,S1_20190610_035930_040110_VV_8,2019-06-10T03:59:30,2019-06-10T04:01:10,S1A_IW_GRDH_1SDV_20190610T040045_20190610T040110_027612_031DBE_F456.SAFE;S1A_IW_GRDH_1SDV_20190610T040020_20190610T040045_027612_031DBE_747E.SAFE,640,640,30.42626468,31.73258061,30.2934967,31.7533802,30.26846734,31.63806741,30.40123531,31.61726782,30.31047063,31.67247379,30.30424713,31.67344877,30.30287834,31.6671426,30.30910183,31.66616762,479,420,509,455,1050
ow,ow-0383.jpg,ow-0383.xml,ow-0383-05-000978,S1_20190610_035930_040110_VV_8,2019-06-10T03:59:30,2019-06-10T04:01:10,S1A_IW_GRDH_1SDV_20190610T040045_20190610T040110_027612_031DBE_F456.SAFE;S1A_IW_GRDH_1SDV_20190610T040020_20190610T040045_027612_031DBE_747E.SAFE,640,640,30.42626468,31.73258061,30.2934967,31.7533802,30.26846734,31.63806741,30.40123531,31.61726782,30.38745812,31.70400773,30.38268678,31.70475522,30.3818655,31.70097152,30.38663685,31.70022403,152,186,175,207,483
ow,ow-0383.jpg,ow-0383.xml,ow-0383-06-000979,S1_20190610_035930_040110_VV_8,2019-06-10T03:59:30,2019-06-10T04:01:10,S1A_IW_GRDH_1SDV_20190610T040045_20190610T040110_027612_031DBE_F456.SAFE;S1A_IW_GRDH_1SDV_20190610T040020_20190610T040045_027612_031DBE_747E.SAFE,640,640,30.42626468,31.73258061,30.2934967,31.7533802,30.26846734,31.63806741,30.40123531,31.61726782,30.33264546,31.70644675,30.32600706,31.70748673,30.32452094,31.70064004,30.33115934,31.69960006,410,219,442,257,1216
ow,ow-0383.jpg,ow-0383.xml,ow-0383-07-000980,S1_20190610_035930_040110_VV_8,2019-06-10T03:59:30,2019-06-10T04:01:10,S1A_IW_GRDH_1SDV_20190610T040045_20190610T040110_027612_031DBE_F456.SAFE;S1A_IW_GRDH_1SDV_20190610T040020_20190610T040045_027612_031DBE_747E.SAFE,640,640,30.42626468,31.73258061,30.2934967,31.7533802,30.26846734,31.63806741,30.40123531,31.61726782,30.29448683,31.66603528,30.28515158,31.66749775,30.28346992,31.65975018,30.29280517,31.6582877,547,468,592,511,1935
ow,ow-0384.jpg,ow-0384.xml,ow-0384-01-000981,S1_20190610_035930_040110_VV_9,2019-06-10T03:59:30,2019-06-10T04:01:10,S1A_IW_GRDH_1SDV_20190610T040045_20190610T040110_027612_031DBE_F456.SAFE;S1A_IW_GRDH_1SDV_20190610T040020_20190610T040045_027612_031DBE_747E.SAFE,640,640,30.21785281,31.67170656,30.08508483,31.69250615,30.06005547,31.57719336,30.19282345,31.55639377,30.15311013,31.60863215,30.14709408,31.60957463,30.14576439,31.60344864,30.15178044,31.60250615,238,393,267,427,986
ow,ow-0384.jpg,ow-0384.xml,ow-0384-02-000982,S1_20190610_035930_040110_VV_9,2019-06-10T03:59:30,2019-06-10T04:01:10,S1A_IW_GRDH_1SDV_20190610T040045_20190610T040110_027612_031DBE_F456.SAFE;S1A_IW_GRDH_1SDV_20190610T040020_20190610T040045_027612_031DBE_747E.SAFE,640,640,30.21785281,31.67170656,30.08508483,31.69250615,30.06005547,31.57719336,30.19282345,31.55639377,30.13356884,31.64411023,30.12589319,31.64531271,30.12460261,31.63936689,30.13227826,31.63816441,365,219,402,252,1221
ow,ow-0384.jpg,ow-0384.xml,ow-0384-03-000983,S1_20190610_035930_040110_VV_9,2019-06-10T03:59:30,2019-06-10T04:01:10,S1A_IW_GRDH_1SDV_20190610T040045_20190610T040110_027612_031DBE_F456.SAFE;S1A_IW_GRDH_1SDV_20190610T040020_20190610T040045_027612_031DBE_747E.SAFE,640,640,30.21785281,31.67170656,30.08508483,31.69250615,30.06005547,31.57719336,30.19282345,31.55639377,30.1372607,31.59490677,30.13497875,31.59526427,30.1342748,31.5920211,30.13655675,31.5916636,298,480,309,498,198
ow,ow-0384.jpg,ow-0384.xml,ow-0384-04-000984,S1_20190610_035930_040110_VV_9,2019-06-10T03:59:30,2019-06-10T04:01:10,S1A_IW_GRDH_1SDV_20190610T040045_20190610T040110_027612_031DBE_F456.SAFE;S1A_IW_GRDH_1SDV_20190610T040020_20190610T040045_027612_031DBE_747E.SAFE,640,640,30.21785281,31.67170656,30.08508483,31.69250615,30.06005547,31.57719336,30.19282345,31.55639377,30.14406919,31.58377979,30.14240959,31.58403978,30.14194029,31.58187767,30.14359989,31.58161767,255,534,263,546,96
ow,ow-0385.jpg,ow-0385.xml,ow-0385-01-000985,S1_20190610_035930_040110_VV_10,2019-06-10T03:59:30,2019-06-10T04:01:10,S1A_IW_GRDH_1SDV_20190610T040045_20190610T040110_027612_031DBE_F456.SAFE,640,640,30.13412316,31.52023324,30.00129504,31.54089321,29.97643341,31.42558852,30.10926153,31.40492854,30.10803307,31.43007118,30.09910868,31.43145927,30.09778791,31.42533371,30.10671229,31.42394562,31,506,74,540,1462
ow,ow-0385.jpg,ow-0385.xml,ow-0385-02-000986,S1_20190610_035930_040110_VV_10,2019-06-10T03:59:30,2019-06-10T04:01:10,S1A_IW_GRDH_1SDV_20190610T040045_20190610T040110_027612_031DBE_F456.SAFE,640,640,30.13412316,31.52023324,30.00129504,31.54089321,29.97643341,31.42558852,30.10926153,31.40492854,30.04926366,31.42710875,30.03930155,31.42865825,30.03770885,31.42127154,30.04767096,31.41972205,302,571,350,612,1968
ow,ow-0385.jpg,ow-0385.xml,ow-0385-03-000987,S1_20190610_035930_040110_VV_10,2019-06-10T03:59:30,2019-06-10T04:01:10,S1A_IW_GRDH_1SDV_20190610T040045_20190610T040110_027612_031DBE_F456.SAFE,640,640,30.13412316,31.52023324,30.00129504,31.54089321,29.97643341,31.42558852,30.10926153,31.40492854,30.11585208,31.43648945,30.11004085,31.43739332,30.10953585,31.4350512,30.11534708,31.43414732,1,465,29,478,364
ow,ow-0385.jpg,ow-0385.xml,ow-0385-04-000988,S1_20190610_035930_040110_VV_10,2019-06-10T03:59:30,2019-06-10T04:01:10,S1A_IW_GRDH_1SDV_20190610T040045_20190610T040110_027612_031DBE_F456.SAFE,640,640,30.13412316,31.52023324,30.00129504,31.54089321,29.97643341,31.42558852,30.10926153,31.40492854,30.03164905,31.42798646,30.02313975,31.42930999,30.0220132,31.42408524,30.0305225,31.42276171,385,581,426,610,1189
ow,ow-0386.jpg,ow-0386.xml,ow-0386-01-000989,S1_20190610_035930_040110_VV_11,2019-06-10T03:59:30,2019-06-10T04:01:10,S1A_IW_GRDH_1SDV_20190610T040045_20190610T040110_027612_031DBE_F456.SAFE,640,640,30.29696332,31.54007909,30.16419535,31.56087868,30.13916599,31.44556588,30.27193396,31.42476629,30.17552538,31.52314722,30.15664743,31.52610466,30.1527757,31.50826722,30.17165365,31.50530977,549,193,640,292,9009
ow,ow-0386.jpg,ow-0386.xml,ow-0386-02-000990,S1_20190610_035930_040110_VV_11,2019-06-10T03:59:30,2019-06-10T04:01:10,S1A_IW_GRDH_1SDV_20190610T040045_20190610T040110_027612_031DBE_F456.SAFE,640,640,30.29696332,31.54007909,30.16419535,31.56087868,30.13916599,31.44556588,30.27193396,31.42476629,30.18912708,31.49884631,30.18082908,31.50014628,30.17879545,31.49077712,30.18709344,31.48947714,461,312,501,364,2080
ow,ow-0387.jpg,ow-0387.xml,ow-0387-01-000991,S1_20190610_035930_040110_VV_12,2019-06-10T03:59:30,2019-06-10T04:01:10,S1A_IW_GRDH_1SDV_20190610T040045_20190610T040110_027612_031DBE_F456.SAFE,640,640,30.03174354,31.42799599,29.89976916,31.44869771,29.87497959,31.33338193,30.00695397,31.31268021,30.0314986,31.42784815,30.02180673,31.42936844,30.02048978,31.42324229,30.03018165,31.421722,1,1,48,35,1598
ow,ow-0387.jpg,ow-0387.xml,ow-0387-02-000992,S1_20190610_035930_040110_VV_12,2019-06-10T03:59:30,2019-06-10T04:01:10,S1A_IW_GRDH_1SDV_20190610T040045_20190610T040110_027612_031DBE_F456.SAFE,640,640,30.03174354,31.42799599,29.89976916,31.44869771,29.87497959,31.33338193,30.00695397,31.31268021,30.01652973,31.41473689,30.01467384,31.415028,30.01424777,31.41304601,30.01610366,31.4127549,58,84,67,95,99
ow,ow-0388.jpg,ow-0388.xml,ow-0388-01-000993,S1_20190610_154748_154928_VV_0,2019-06-10T15:47:48,2019-06-10T15:49:28,S1B_IW_GRDH_1SDV_20190610T154813_20190610T154838_016636_01F4FD_EE80.SAFE,918,918,32.83936182,31.98070297,33.03031992,32.0102865,32.99458252,32.17595975,32.80362443,32.14637622,32.97179326,32.0105446,32.98240204,32.01218813,32.97765263,32.03420571,32.96704385,32.03256218,646,50,697,172,6222
ow,ow-0388.jpg,ow-0388.xml,ow-0388-02-000994,S1_20190610_154748_154928_VV_0,2019-06-10T15:47:48,2019-06-10T15:49:28,S1B_IW_GRDH_1SDV_20190610T154813_20190610T154838_016636_01F4FD_EE80.SAFE,918,918,32.83936182,31.98070297,33.03031992,32.0102865,32.99458252,32.17595975,32.80362443,32.14637622,32.84902176,31.98275901,32.90955422,31.99213679,32.88051272,32.12676887,32.81998026,32.11739108,47,3,338,749,217086
ow,ow-0389.jpg,ow-0389.xml,ow-0389-01-000995,S1_20190610_154748_154928_VV_1,2019-06-10T15:47:48,2019-06-10T15:49:28,S1B_IW_GRDH_1SDV_20190610T154813_20190610T154838_016636_01F4FD_EE80.SAFE;S1B_IW_GRDH_1SDV_20190610T154748_20190610T154813_016636_01F4FD_BBE4.SAFE,640,640,33.21145061,31.29015253,33.3437763,31.31067802,33.31905789,31.42617678,33.1867322,31.40565129,33.26482477,31.35418243,33.26792615,31.35466349,33.26622676,31.36260403,33.26312538,31.36212296,314,299,329,343,660
ow,ow-0390.jpg,ow-0390.xml,ow-0390-01-000996,S1_20190610_154748_154928_VV_3,2019-06-10T15:47:48,2019-06-10T15:49:28,S1B_IW_GRDH_1SDV_20190610T154813_20190610T154838_016636_01F4FD_EE80.SAFE,640,640,32.65611681,31.40608149,32.7882639,31.42702884,32.76303899,31.54255076,32.63089189,31.52160341,32.70961145,31.46535741,32.71353456,31.46597928,32.70971141,31.48348807,32.7057883,31.4828662,311,272,330,369,1843
ow,ow-0391.jpg,ow-0391.xml,ow-0391-01-000997,S1_20190610_154748_154928_VV_5,2019-06-10T15:47:48,2019-06-10T15:49:28,S1B_IW_GRDH_1SDV_20190610T154813_20190610T154838_016636_01F4FD_EE80.SAFE,640,640,32.35326157,31.48090472,32.4861433,31.50210362,32.460536,31.61763359,32.32765427,31.59643469,32.40335068,31.50029636,32.40604984,31.50072696,32.40548968,31.50325418,32.40279052,31.50282358,253,61,266,75,182
ow,ow-0391.jpg,ow-0391.xml,ow-0391-02-000998,S1_20190610_154748_154928_VV_5,2019-06-10T15:47:48,2019-06-10T15:49:28,S1B_IW_GRDH_1SDV_20190610T154813_20190610T154838_016636_01F4FD_EE80.SAFE,640,640,32.35326157,31.48090472,32.4861433,31.50210362,32.460536,31.61763359,32.32765427,31.59643469,32.40918598,31.59617181,32.41209277,31.59663553,32.41173267,31.59826017,32.40882588,31.59779645,379,569,393,578,126
ow,ow-0391.jpg,ow-0391.xml,ow-0391-03-000999,S1_20190610_154748_154928_VV_5,2019-06-10T15:47:48,2019-06-10T15:49:28,S1B_IW_GRDH_1SDV_20190610T154813_20190610T154838_016636_01F4FD_EE80.SAFE,640,640,32.35326157,31.48090472,32.4861433,31.50210362,32.460536,31.61763359,32.32765427,31.59643469,32.40135984,31.50539882,32.40302086,31.5056638,32.40230066,31.50891308,32.40063963,31.5086481,249,90,257,108,144
ow,ow-0392.jpg,ow-0392.xml,ow-0392-01-001000,S1_20190610_154748_154928_VV_6,2019-06-10T15:47:48,2019-06-10T15:49:28,S1B_IW_GRDH_1SDV_20190610T154813_20190610T154838_016636_01F4FD_EE80.SAFE,640,640,34.22631235,31.78755168,34.35996231,31.80671538,34.33680318,31.92210233,34.20315322,31.90293862,34.27466341,31.84957238,34.29032552,31.85181813,34.28866095,31.86011157,34.27299885,31.85786582,283,297,358,343,3450
ow,ow-0393.jpg,ow-0393.xml,ow-0393-01-001001,S1_20190610_154748_154928_VV_7,2019-06-10T15:47:48,2019-06-10T15:49:28,S1B_IW_GRDH_1SDV_20190610T154813_20190610T154838_016636_01F4FD_EE80.SAFE,640,640,32.61365005,31.66071567,32.74665606,31.68162781,32.72139432,31.79714522,32.58838832,31.77623308,32.68836772,31.77122863,32.69314762,31.77198016,32.69204242,31.77703404,32.68726252,31.77628251,460,529,483,557,644
ow,ow-0393.jpg,ow-0393.xml,ow-0393-02-001002,S1_20190610_154748_154928_VV_7,2019-06-10T15:47:48,2019-06-10T15:49:28,S1B_IW_GRDH_1SDV_20190610T154813_20190610T154838_016636_01F4FD_EE80.SAFE,640,640,32.61365005,31.66071567,32.74665606,31.68162781,32.72139432,31.79714522,32.58838832,31.77623308,32.67737647,31.77528827,32.68672846,31.77675865,32.68357074,31.79119833,32.67421876,31.78972794,413,560,458,640,3600
ow,ow-0393.jpg,ow-0393.xml,ow-0393-03-001003,S1_20190610_154748_154928_VV_7,2019-06-10T15:47:48,2019-06-10T15:49:28,S1B_IW_GRDH_1SDV_20190610T154813_20190610T154838_016636_01F4FD_EE80.SAFE,640,640,32.61365005,31.66071567,32.74665606,31.68162781,32.72139432,31.79714522,32.58838832,31.77623308,32.60694229,31.6953211,32.70586551,31.7108745,32.69485297,31.76123287,32.59592975,31.74567947,4,191,480,470,132804
ow,ow-0394.jpg,ow-0394.xml,ow-0394-01-001004,S1_20190610_154748_154928_VV_8,2019-06-10T15:47:48,2019-06-10T15:49:28,S1B_IW_GRDH_1SDV_20190610T154813_20190610T154838_016636_01F4FD_EE80.SAFE,640,640,32.33105096,31.62669346,32.46393269,31.64789236,32.4383254,31.76342233,32.30544367,31.74222343,32.40308055,31.71294396,32.40619497,31.71344081,32.40523469,31.71777318,32.40212028,31.71727634,424,400,439,424,360
ow,ow-0394.jpg,ow-0394.xml,ow-0394-02-001005,S1_20190610_154748_154928_VV_8,2019-06-10T15:47:48,2019-06-10T15:49:28,S1B_IW_GRDH_1SDV_20190610T154813_20190610T154838_016636_01F4FD_EE80.SAFE,640,640,32.33105096,31.62669346,32.46393269,31.64789236,32.4383254,31.76342233,32.30544367,31.74222343,32.38096061,31.69053836,32.38262163,31.69080334,32.38166136,31.69513572,32.38000034,31.69487073,298,299,306,323,192
ow,ow-0394.jpg,ow-0394.xml,ow-0394-03-001006,S1_20190610_154748_154928_VV_8,2019-06-10T15:47:48,2019-06-10T15:49:28,S1B_IW_GRDH_1SDV_20190610T154813_20190610T154838_016636_01F4FD_EE80.SAFE,640,640,32.33105096,31.62669346,32.46393269,31.64789236,32.4383254,31.76342233,32.30544367,31.74222343,32.3999142,31.68552542,32.4096727,31.68708221,32.40815227,31.6939418,32.39839377,31.69238501,381,256,428,294,1786
ow,ow-0394.jpg,ow-0394.xml,ow-0394-04-001007,S1_20190610_154748_154928_VV_8,2019-06-10T15:47:48,2019-06-10T15:49:28,S1B_IW_GRDH_1SDV_20190610T154813_20190610T154838_016636_01F4FD_EE80.SAFE,640,640,32.33105096,31.62669346,32.46393269,31.64789236,32.4383254,31.76342233,32.30544367,31.74222343,32.38787505,31.69425801,32.38995133,31.69458924,32.38895104,31.69910213,32.38687476,31.6987709,334,313,344,338,250
ow,ow-0394.jpg,ow-0394.xml,ow-0394-05-001008,S1_20190610_154748_154928_VV_8,2019-06-10T15:47:48,2019-06-10T15:49:28,S1B_IW_GRDH_1SDV_20190610T154813_20190610T154838_016636_01F4FD_EE80.SAFE,640,640,32.33105096,31.62669346,32.46393269,31.64789236,32.4383254,31.76342233,32.30544367,31.74222343,32.4110039,31.69271464,32.41308018,31.69304588,32.41203988,31.69773928,32.40996361,31.69740805,440,285,450,311,260
ow,ow-0395.jpg,ow-0395.xml,ow-0395-01-001009,S1_20190610_154748_154928_VV_9,2019-06-10T15:47:48,2019-06-10T15:49:28,S1B_IW_GRDH_1SDV_20190610T154813_20190610T154838_016636_01F4FD_EE80.SAFE,640,640,32.46923864,31.69283259,32.60218205,31.71388788,32.57674705,31.82941242,32.44380364,31.80835713,32.58762576,31.77023812,32.58866438,31.77040261,32.58810799,31.77292971,32.58706937,31.77276522,630,314,635,328,70
ow,ow-0395.jpg,ow-0395.xml,ow-0395-02-001010,S1_20190610_154748_154928_VV_9,2019-06-10T15:47:48,2019-06-10T15:49:28,S1B_IW_GRDH_1SDV_20190610T154813_20190610T154838_016636_01F4FD_EE80.SAFE,640,640,32.46923864,31.69283259,32.60218205,31.71388788,32.57674705,31.82941242,32.44380364,31.80835713,32.57733095,31.71350124,32.58563992,31.7148172,32.58440791,31.72041292,32.57609895,31.71909696,524,19,564,50,1240
ow,ow-0395.jpg,ow-0395.xml,ow-0395-03-001011,S1_20190610_154748_154928_VV_9,2019-06-10T15:47:48,2019-06-10T15:49:28,S1B_IW_GRDH_1SDV_20190610T154813_20190610T154838_016636_01F4FD_EE80.SAFE,640,640,32.46923864,31.69283259,32.60218205,31.71388788,32.57674705,31.82941242,32.44380364,31.80835713,32.50049797,31.81154542,32.50361384,31.8120389,32.50238183,31.81763462,32.49926597,31.81714114,267,609,282,640,465
ow,ow-0395.jpg,ow-0395.xml,ow-0395-04-001012,S1_20190610_154748_154928_VV_9,2019-06-10T15:47:48,2019-06-10T15:49:28,S1B_IW_GRDH_1SDV_20190610T154813_20190610T154838_016636_01F4FD_EE80.SAFE,640,640,32.46923864,31.69283259,32.60218205,31.71388788,32.57674705,31.82941242,32.44380364,31.80835713,32.52525978,31.75961352,32.52920654,31.7602386,32.52781556,31.76655635,32.52386881,31.76593127,329,310,348,345,665
ow,ow-0396.jpg,ow-0396.xml,ow-0396-01-001013,S1_20190610_154748_154928_VV_10,2019-06-10T15:47:48,2019-06-10T15:49:28,S1B_IW_GRDH_1SDV_20190610T154813_20190610T154838_016636_01F4FD_EE80.SAFE,640,640,32.05279138,31.68396183,32.18561143,31.70530434,32.15983184,31.82084023,32.02701179,31.79949771,32.0927004,31.71898531,32.09498324,31.71935213,32.09441932,31.72187948,32.09213647,31.72151266,222,153,233,167,154
ow,ow-0396.jpg,ow-0396.xml,ow-0396-02-001014,S1_20190610_154748_154928_VV_10,2019-06-10T15:47:48,2019-06-10T15:49:28,S1B_IW_GRDH_1SDV_20190610T154813_20190610T154838_016636_01F4FD_EE80.SAFE,640,640,32.05279138,31.68396183,32.18561143,31.70530434,32.15983184,31.82084023,32.02701179,31.79949771,32.08958392,31.72428145,32.09414961,31.7250151,32.09306203,31.72988927,32.08849634,31.72915562,213,184,235,211,594
ow,ow-0396.jpg,ow-0396.xml,ow-0396-03-001015,S1_20190610_154748_154928_VV_10,2019-06-10T15:47:48,2019-06-10T15:49:28,S1B_IW_GRDH_1SDV_20190610T154813_20190610T154838_016636_01F4FD_EE80.SAFE,640,640,32.05279138,31.68396183,32.18561143,31.70530434,32.15983184,31.82084023,32.02701179,31.79949771,32.12500775,31.80252861,32.12832825,31.80306217,32.1276032,31.80631162,32.1242827,31.80577806,459,572,475,590,288
ow,ow-0396.jpg,ow-0396.xml,ow-0396-04-001016,S1_20190610_154748_154928_VV_10,2019-06-10T15:47:48,2019-06-10T15:49:28,S1B_IW_GRDH_1SDV_20190610T154813_20190610T154838_016636_01F4FD_EE80.SAFE,640,640,32.05279138,31.68396183,32.18561143,31.70530434,32.15983184,31.82084023,32.02701179,31.79949771,32.08580986,31.69880435,32.09037555,31.699538,32.08981162,31.70206535,32.08524593,31.7013317,169,51,191,65,308
ow,ow-0396.jpg,ow-0396.xml,ow-0396-05-001017,S1_20190610_154748_154928_VV_10,2019-06-10T15:47:48,2019-06-10T15:49:28,S1B_IW_GRDH_1SDV_20190610T154813_20190610T154838_016636_01F4FD_EE80.SAFE,640,640,32.05279138,31.68396183,32.18561143,31.70530434,32.15983184,31.82084023,32.02701179,31.79949771,32.09028356,31.7298168,32.09235888,31.73015028,32.09163383,31.73339972,32.08955851,31.73306625,222,213,232,231,180
ow,ow-0396.jpg,ow-0396.xml,ow-0396-06-001018,S1_20190610_154748_154928_VV_10,2019-06-10T15:47:48,2019-06-10T15:49:28,S1B_IW_GRDH_1SDV_20190610T154813_20190610T154838_016636_01F4FD_EE80.SAFE,640,640,32.05279138,31.68396183,32.18561143,31.70530434,32.15983184,31.82084023,32.02701179,31.79949771,32.14685197,31.79519285,32.15183272,31.79599319,32.15110767,31.79924264,32.14612692,31.7984423,553,514,577,532,432
ow,ow-0396.jpg,ow-0396.xml,ow-0396-07-001019,S1_20190610_154748_154928_VV_10,2019-06-10T15:47:48,2019-06-10T15:49:28,S1B_IW_GRDH_1SDV_20190610T154813_20190610T154838_016636_01F4FD_EE80.SAFE,640,640,32.05279138,31.68396183,32.18561143,31.70530434,32.15983184,31.82084023,32.02701179,31.79949771,32.16481527,31.78405452,32.16792824,31.78455474,32.16744487,31.78672103,32.1643319,31.78622082,625,439,640,451,180
ow,ow-0397.jpg,ow-0397.xml,ow-0397-01-001020,S1_20190610_154748_154928_VV_11,2019-06-10T15:47:48,2019-06-10T15:49:28,S1B_IW_GRDH_1SDV_20190610T154813_20190610T154838_016636_01F4FD_EE80.SAFE,640,640,33.05746562,31.85307568,33.19065667,31.87355606,33.16591558,31.98905006,33.03272453,31.96856968,33.10293512,31.91878455,33.11084333,31.92000057,33.10914239,31.92794078,33.10123417,31.92672476,277,315,315,359,1672
ow,ow-0398.jpg,ow-0398.xml,ow-0398-01-001021,S1_20190610_154748_154928_VV_12,2019-06-10T15:47:48,2019-06-10T15:49:28,S1B_IW_GRDH_1SDV_20190610T154813_20190610T154838_016636_01F4FD_EE80.SAFE,640,640,32.79914451,31.9117049,32.93221312,31.93247388,32.90712416,32.04798453,32.77405556,32.02721554,32.89436784,31.95231842,32.92077364,31.95643977,32.91783353,31.96997617,32.89142773,31.96585483,484,138,611,213,9525
ow,ow-0398.jpg,ow-0398.xml,ow-0398-02-001022,S1_20190610_154748_154928_VV_12,2019-06-10T15:47:48,2019-06-10T15:49:28,S1B_IW_GRDH_1SDV_20190610T154813_20190610T154838_016636_01F4FD_EE80.SAFE,640,640,32.79914451,31.9117049,32.93221312,31.93247388,32.90712416,32.04798453,32.77405556,32.02721554,32.90773426,31.95906971,32.92582328,31.961893,32.92166792,31.98102445,32.90357891,31.97820117,553,163,640,269,9222
ow,ow-0398.jpg,ow-0398.xml,ow-0398-03-001023,S1_20190610_154748_154928_VV_12,2019-06-10T15:47:48,2019-06-10T15:49:28,S1B_IW_GRDH_1SDV_20190610T154813_20190610T154838_016636_01F4FD_EE80.SAFE,640,640,32.79914451,31.9117049,32.93221312,31.93247388,32.90712416,32.04798453,32.77405556,32.02721554,32.78369328,32.02144222,32.79013879,32.02244822,32.78860993,32.02948715,32.78216442,32.02848115,39,601,70,640,1209
ow,ow-0398.jpg,ow-0398.xml,ow-0398-04-001024,S1_20190610_154748_154928_VV_12,2019-06-10T15:47:48,2019-06-10T15:49:28,S1B_IW_GRDH_1SDV_20190610T154813_20190610T154838_016636_01F4FD_EE80.SAFE,640,640,32.79914451,31.9117049,32.93221312,31.93247388,32.90712416,32.04798453,32.77405556,32.02721554,32.84813734,31.98503612,32.89367175,31.992143,32.88238172,32.04412279,32.83684731,32.03701591,302,352,521,640,63072
ow,ow-0398.jpg,ow-0398.xml,ow-0398-05-001025,S1_20190610_154748_154928_VV_12,2019-06-10T15:47:48,2019-06-10T15:49:28,S1B_IW_GRDH_1SDV_20190610T154813_20190610T154838_016636_01F4FD_EE80.SAFE,640,640,32.79914451,31.9117049,32.93221312,31.93247388,32.90712416,32.04798453,32.77405556,32.02721554,32.79125571,31.98959366,32.79666162,31.9904374,32.79505436,31.9978373,32.78964845,31.99699356,42,424,68,465,1066
ow,ow-0399.jpg,ow-0399.xml,ow-0399-01-001026,S1_20190610_154748_154928_VV_13,2019-06-10T15:47:48,2019-06-10T15:49:28,S1B_IW_GRDH_1SDV_20190610T154813_20190610T154838_016636_01F4FD_EE80.SAFE,640,640,32.65596819,31.87610946,32.7890368,31.89687844,32.76394784,32.01238908,32.63087923,31.9916201,32.67319348,31.95120022,32.68837162,31.95356919,32.68660755,31.96169103,32.67142942,31.95932207,156,388,229,433,3285
ow,ow-0399.jpg,ow-0399.xml,ow-0399-02-001027,S1_20190610_154748_154928_VV_13,2019-06-10T15:47:48,2019-06-10T15:49:28,S1B_IW_GRDH_1SDV_20190610T154813_20190610T154838_016636_01F4FD_EE80.SAFE,640,640,32.65596819,31.87610946,32.7890368,31.89687844,32.76394784,32.01238908,32.63087923,31.9916201,32.72197014,31.91962634,32.75024722,31.92403975,32.74511182,31.94768334,32.71683474,31.94326993,351,178,487,309,17816
ow,ow-0400.jpg,ow-0400.xml,ow-0400-01-001028,S1_20190610_154748_154928_VV_14,2019-06-10T15:47:48,2019-06-10T15:49:28,S1B_IW_GRDH_1SDV_20190610T154813_20190610T154838_016636_01F4FD_EE80.SAFE,640,640,34.00013784,32.11632868,34.13380576,32.13564774,34.11046933,32.25104974,33.97680142,32.23173068,34.00776701,32.16364216,34.01925409,32.16530239,34.01768618,32.17305596,34.00619909,32.17139573,80,249,135,292,2365
ow,ow-0400.jpg,ow-0400.xml,ow-0400-02-001029,S1_20190610_154748_154928_VV_14,2019-06-10T15:47:48,2019-06-10T15:49:28,S1B_IW_GRDH_1SDV_20190610T154813_20190610T154838_016636_01F4FD_EE80.SAFE,640,640,34.00013784,32.11632868,34.13380576,32.13564774,34.11046933,32.25104974,33.97680142,32.23173068,34.06922079,32.19034031,34.10451748,32.19544175,34.10265786,32.20463784,34.06736117,32.19953641,391,345,560,396,8619
ow,ow-0401.jpg,ow-0401.xml,ow-0401-01-001030,S1_20190610_154748_154928_VV_15,2019-06-10T15:47:48,2019-06-10T15:49:28,S1B_IW_GRDH_1SDV_20190610T154813_20190610T154838_016636_01F4FD_EE80.SAFE,640,640,33.90687492,32.63233947,34.04144594,32.65158718,34.01803526,32.76696851,33.88346424,32.74772081,33.96822539,32.672281,33.97432314,32.67315316,33.97128707,32.68811668,33.96518932,32.68724452,321,168,350,251,2407
ow,ow-0401.jpg,ow-0401.xml,ow-0401-02-001031,S1_20190610_154748_154928_VV_15,2019-06-10T15:47:48,2019-06-10T15:49:28,S1B_IW_GRDH_1SDV_20190610T154813_20190610T154838_016636_01F4FD_EE80.SAFE,640,640,33.90687492,32.63233947,34.04144594,32.65158718,34.01803526,32.76696851,33.88346424,32.74772081,33.961459,32.69283297,33.96734648,32.69367506,33.96434699,32.70845829,33.95845951,32.70761621,309,284,337,366,2296
ow,ow-0401.jpg,ow-0401.xml,ow-0401-03-001032,S1_20190610_154748_154928_VV_15,2019-06-10T15:47:48,2019-06-10T15:49:28,S1B_IW_GRDH_1SDV_20190610T154813_20190610T154838_016636_01F4FD_EE80.SAFE,640,640,33.90687492,32.63233947,34.04144594,32.65158718,34.01803526,32.76696851,33.88346424,32.74772081,33.96085431,32.71500832,33.96379805,32.71542936,33.96299331,32.71939559,33.96004957,32.71897455,327,404,341,426,308
ow,ow-0401.jpg,ow-0401.xml,ow-0401-04-001033,S1_20190610_154748_154928_VV_15,2019-06-10T15:47:48,2019-06-10T15:49:28,S1B_IW_GRDH_1SDV_20190610T154813_20190610T154838_016636_01F4FD_EE80.SAFE,640,640,33.90687492,32.63233947,34.04144594,32.65158718,34.01803526,32.76696851,33.88346424,32.74772081,33.9642365,32.72179959,33.96844184,32.72240108,33.96529603,32.73790545,33.96109069,32.73730396,349,438,369,524,1720
ow,ow-0401.jpg,ow-0401.xml,ow-0401-05-001034,S1_20190610_154748_154928_VV_15,2019-06-10T15:47:48,2019-06-10T15:49:28,S1B_IW_GRDH_1SDV_20190610T154813_20190610T154838_016636_01F4FD_EE80.SAFE,640,640,33.90687492,32.63233947,34.04144594,32.65158718,34.01803526,32.76696851,33.88346424,32.74772081,33.9553311,32.73796428,33.96269046,32.73901689,33.96023965,32.75109588,33.9528803,32.75004327,323,532,358,599,2345
ow,ow-0401.jpg,ow-0401.xml,ow-0401-06-001035,S1_20190610_154748_154928_VV_15,2019-06-10T15:47:48,2019-06-10T15:49:28,S1B_IW_GRDH_1SDV_20190610T154813_20190610T154838_016636_01F4FD_EE80.SAFE,640,640,33.90687492,32.63233947,34.04144594,32.65158718,34.01803526,32.76696851,33.88346424,32.74772081,33.97046593,32.66017194,33.97319941,32.66056291,33.97243124,32.66434886,33.96969777,32.66395789,320,101,333,122,273
ow,ow-0402.jpg,ow-0402.xml,ow-0402-01-001036,S1_20190610_154748_154928_VV_16,2019-06-10T15:47:48,2019-06-10T15:49:28,S1B_IW_GRDH_1SDV_20190610T154838_20190610T154903_016636_01F4FD_6C1D.SAFE,640,640,32.05652421,32.98471206,32.19126001,33.00570982,32.16554224,33.12119979,32.03080644,33.10020204,32.12355023,33.0642424,32.12523442,33.06450487,32.12491295,33.0659485,32.12322875,33.06568603,389,370,397,378,64
ow,ow-0402.jpg,ow-0402.xml,ow-0402-02-001037,S1_20190610_154748_154928_VV_16,2019-06-10T15:47:48,2019-06-10T15:49:28,S1B_IW_GRDH_1SDV_20190610T154838_20190610T154903_016636_01F4FD_6C1D.SAFE,640,640,32.05652421,32.98471206,32.19126001,33.00570982,32.16554224,33.12119979,32.03080644,33.10020204,32.11699084,33.04772277,32.12288553,33.04864143,32.12224259,33.05152867,32.1163479,33.05061002,342,287,370,303,448
ow,ow-0402.jpg,ow-0402.xml,ow-0402-03-001038,S1_20190610_154748_154928_VV_16,2019-06-10T15:47:48,2019-06-10T15:49:28,S1B_IW_GRDH_1SDV_20190610T154838_20190610T154903_016636_01F4FD_6C1D.SAFE,640,640,32.05652421,32.98471206,32.19126001,33.00570982,32.16554224,33.12119979,32.03080644,33.10020204,32.12047449,33.05946861,32.12257974,33.0597967,32.12213771,33.06178168,32.12003247,33.06145359,370,347,380,358,110
ow,ow-0402.jpg,ow-0402.xml,ow-0402-04-001039,S1_20190610_154748_154928_VV_16,2019-06-10T15:47:48,2019-06-10T15:49:28,S1B_IW_GRDH_1SDV_20190610T154838_20190610T154903_016636_01F4FD_6C1D.SAFE,640,640,32.05652421,32.98471206,32.19126001,33.00570982,32.16554224,33.12119979,32.03080644,33.10020204,32.09711331,33.04014381,32.09942908,33.04050471,32.09894688,33.04267015,32.0966311,33.04230925,243,263,254,275,132
ow,ow-0403.jpg,ow-0403.xml,ow-0403-01-001040,S1_20190610_154748_154928_VV_17,2019-06-10T15:47:48,2019-06-10T15:49:28,S1B_IW_GRDH_1SDV_20190610T154838_20190610T154903_016636_01F4FD_6C1D.SAFE,640,640,33.97771404,33.95154652,34.11414188,33.97032196,34.09094958,34.08564587,33.95452174,34.06687042,34.03153283,33.99765593,34.08397229,34.00487274,34.07574627,34.04577669,34.02330682,34.03855988,288,209,534,436,55842
ow,ow-0404.jpg,ow-0404.xml,ow-0404-01-001041,S1_20190610_154748_154928_VV_19,2019-06-10T15:47:48,2019-06-10T15:49:28,S1B_IW_GRDH_1SDV_20190610T154903_20190610T154928_016636_01F4FD_9997.SAFE,640,640,31.45086921,34.37760242,31.58729153,34.39901904,31.56068378,34.51447329,31.42426146,34.49305667,31.49396786,34.48194269,31.49673894,34.48237771,31.4954917,34.48778963,31.49272062,34.48735461,304,522,317,552,390
ow,ow-0404.jpg,ow-0404.xml,ow-0404-02-001042,S1_20190610_154748_154928_VV_19,2019-06-10T15:47:48,2019-06-10T15:49:28,S1B_IW_GRDH_1SDV_20190610T154903_20190610T154928_016636_01F4FD_9997.SAFE,640,640,31.45086921,34.37760242,31.58729153,34.39901904,31.56068378,34.51447329,31.42426146,34.49305667,31.51855191,34.40785479,31.52324143,34.40859098,31.52236836,34.41237932,31.51767884,34.41164313,338,105,360,126,462
ow,ow-0404.jpg,ow-0404.xml,ow-0404-03-001043,S1_20190610_154748_154928_VV_19,2019-06-10T15:47:48,2019-06-10T15:49:28,S1B_IW_GRDH_1SDV_20190610T154903_20190610T154928_016636_01F4FD_9997.SAFE,640,640,31.45086921,34.37760242,31.58729153,34.39901904,31.56068378,34.51447329,31.42426146,34.49305667,31.47062097,34.44332273,31.47339205,34.44375776,31.47231111,34.44844809,31.46954003,34.44801306,158,335,171,361,338
ow,ow-0404.jpg,ow-0404.xml,ow-0404-04-001044,S1_20190610_154748_154928_VV_19,2019-06-10T15:47:48,2019-06-10T15:49:28,S1B_IW_GRDH_1SDV_20190610T154903_20190610T154928_016636_01F4FD_9997.SAFE,640,640,31.45086921,34.37760242,31.58729153,34.39901904,31.56068378,34.51447329,31.42426146,34.49305667,31.5023049,34.40455651,31.50827338,34.40549349,31.50735873,34.40946223,31.50139026,34.40852525,261,101,289,123,616
ow,ow-0404.jpg,ow-0404.xml,ow-0404-05-001045,S1_20190610_154748_154928_VV_19,2019-06-10T15:47:48,2019-06-10T15:49:28,S1B_IW_GRDH_1SDV_20190610T154903_20190610T154928_016636_01F4FD_9997.SAFE,640,640,31.45086921,34.37760242,31.58729153,34.39901904,31.56068378,34.51447329,31.42426146,34.49305667,31.50934446,34.40659625,31.51701822,34.40780094,31.51531366,34.41519723,31.5076399,34.41399254,295,106,331,147,1476
ow,ow-0404.jpg,ow-0404.xml,ow-0404-06-001046,S1_20190610_154748_154928_VV_19,2019-06-10T15:47:48,2019-06-10T15:49:28,S1B_IW_GRDH_1SDV_20190610T154903_20190610T154928_016636_01F4FD_9997.SAFE,640,640,31.45086921,34.37760242,31.58729153,34.39901904,31.56068378,34.51447329,31.42426146,34.49305667,31.48971333,34.40743981,31.49333704,34.40800869,31.49213138,34.41324021,31.48850766,34.41267133,207,127,224,156,493
ow,ow-0404.jpg,ow-0404.xml,ow-0404-07-001047,S1_20190610_154748_154928_VV_19,2019-06-10T15:47:48,2019-06-10T15:49:28,S1B_IW_GRDH_1SDV_20190610T154903_20190610T154928_016636_01F4FD_9997.SAFE,640,640,31.45086921,34.37760242,31.58729153,34.39901904,31.56068378,34.51447329,31.42426146,34.49305667,31.47484957,34.40772332,31.47783381,34.40819181,31.47633712,34.41468611,31.47335288,34.41421762,140,141,154,177,504
ow,ow-0404.jpg,ow-0404.xml,ow-0404-08-001048,S1_20190610_154748_154928_VV_19,2019-06-10T15:47:48,2019-06-10T15:49:28,S1B_IW_GRDH_1SDV_20190610T154903_20190610T154928_016636_01F4FD_9997.SAFE,640,640,31.45086921,34.37760242,31.58729153,34.39901904,31.56068378,34.51447329,31.42426146,34.49305667,31.48216861,34.45167791,31.48536601,34.45217986,31.48449295,34.4559682,31.48129555,34.45546625,219,370,234,391,315
ow,ow-0404.jpg,ow-0404.xml,ow-0404-09-001049,S1_20190610_154748_154928_VV_19,2019-06-10T15:47:48,2019-06-10T15:49:28,S1B_IW_GRDH_1SDV_20190610T154903_20190610T154928_016636_01F4FD_9997.SAFE,640,640,31.45086921,34.37760242,31.58729153,34.39901904,31.56068378,34.51447329,31.42426146,34.49305667,31.45994568,34.42351522,31.46761943,34.4247199,31.46649692,34.42959063,31.45882316,34.42838594,89,238,125,265,972
ow,ow-0404.jpg,ow-0404.xml,ow-0404-10-001050,S1_20190610_154748_154928_VV_19,2019-06-10T15:47:48,2019-06-10T15:49:28,S1B_IW_GRDH_1SDV_20190610T154903_20190610T154928_016636_01F4FD_9997.SAFE,640,640,31.45086921,34.37760242,31.58729153,34.39901904,31.56068378,34.51447329,31.42426146,34.49305667,31.49125807,34.46974107,31.49466862,34.47027649,31.49342139,34.47568841,31.49001083,34.47515299,279,459,295,489,480
ow,ow-0404.jpg,ow-0404.xml,ow-0404-11-001051,S1_20190610_154748_154928_VV_19,2019-06-10T15:47:48,2019-06-10T15:49:28,S1B_IW_GRDH_1SDV_20190610T154903_20190610T154928_016636_01F4FD_9997.SAFE,640,640,31.45086921,34.37760242,31.58729153,34.39901904,31.56068378,34.51447329,31.42426146,34.49305667,31.47801957,34.44859655,31.48185644,34.44919889,31.48073393,34.45406962,31.47689705,34.45346727,197,357,215,384,486
ow,ow-0404.jpg,ow-0404.xml,ow-0404-12-001052,S1_20190610_154748_154928_VV_19,2019-06-10T15:47:48,2019-06-10T15:49:28,S1B_IW_GRDH_1SDV_20190610T154903_20190610T154928_016636_01F4FD_9997.SAFE,640,640,31.45086921,34.37760242,31.58729153,34.39901904,31.56068378,34.51447329,31.42426146,34.49305667,31.49116506,34.47589496,31.49542826,34.47656423,31.49418102,34.48197615,31.48991783,34.48130688,285,492,305,522,600
ow,ow-0404.jpg,ow-0404.xml,ow-0404-13-001053,S1_20190610_154748_154928_VV_19,2019-06-10T15:47:48,2019-06-10T15:49:28,S1B_IW_GRDH_1SDV_20190610T154903_20190610T154928_016636_01F4FD_9997.SAFE,640,640,31.45086921,34.37760242,31.58729153,34.39901904,31.56068378,34.51447329,31.42426146,34.49305667,31.46836778,34.42147275,31.47028622,34.42177392,31.4694963,34.42520147,31.46757786,34.4249003,125,220,134,239,171
ow,ow-0404.jpg,ow-0404.xml,ow-0404-14-001054,S1_20190610_154748_154928_VV_19,2019-06-10T15:47:48,2019-06-10T15:49:28,S1B_IW_GRDH_1SDV_20190610T154903_20190610T154928_016636_01F4FD_9997.SAFE,640,640,31.45086921,34.37760242,31.58729153,34.39901904,31.56068378,34.51447329,31.42426146,34.49305667,31.45792895,34.42843249,31.46432375,34.42943639,31.46232817,34.43809546,31.45593337,34.43709156,85,266,115,314,1440
ow,ow-0405.jpg,ow-0405.xml,ow-0405-01-001055,S1_20190610_154748_154928_VV_22,2019-06-10T15:47:48,2019-06-10T15:49:28,S1B_IW_GRDH_1SDV_20190610T154903_20190610T154928_016636_01F4FD_9997.SAFE,640,640,31.47939464,34.61166336,31.6168761,34.63290691,31.59028353,34.7483358,31.45280207,34.72709225,31.53310645,34.67786408,31.53783237,34.67859432,31.53479916,34.69176043,31.53007323,34.69103018,310,310,332,383,1606
ow,ow-0405.jpg,ow-0405.xml,ow-0405-02-001056,S1_20190610_154748_154928_VV_22,2019-06-10T15:47:48,2019-06-10T15:49:28,S1B_IW_GRDH_1SDV_20190610T154903_20190610T154928_016636_01F4FD_9997.SAFE,640,640,31.47939464,34.61166336,31.6168761,34.63290691,31.59028353,34.7483358,31.45280207,34.72709225,31.53817728,34.66744093,31.54268839,34.66813799,31.54007068,34.67950052,31.53555957,34.67880347,322,250,343,313,1323
ow,ow-0405.jpg,ow-0405.xml,ow-0405-03-001057,S1_20190610_154748_154928_VV_22,2019-06-10T15:47:48,2019-06-10T15:49:28,S1B_IW_GRDH_1SDV_20190610T154903_20190610T154928_016636_01F4FD_9997.SAFE,640,640,31.47939464,34.61166336,31.6168761,34.63290691,31.59028353,34.7483358,31.45280207,34.72709225,31.53099255,34.62523958,31.53528884,34.62590344,31.53416697,34.6307731,31.52987067,34.63010924,246,30,266,57,540
ow,ow-0405.jpg,ow-0405.xml,ow-0405-04-001058,S1_20190610_154748_154928_VV_22,2019-06-10T15:47:48,2019-06-10T15:49:28,S1B_IW_GRDH_1SDV_20190610T154903_20190610T154928_016636_01F4FD_9997.SAFE,640,640,31.47939464,34.61166336,31.6168761,34.63290691,31.59028353,34.7483358,31.45280207,34.72709225,31.53426257,34.62070186,31.53726998,34.62116656,31.5362312,34.6256755,31.5332238,34.6252108,256,3,270,28,350
ow,ow-0406.jpg,ow-0406.xml,ow-0406-01-001059,S1_20190611_035043_035222_VV_0,2019-06-11T03:50:43,2019-06-11T03:52:22,S1B_IW_GRDH_1SDV_20190611T035108_20190611T035133_016643_01F530_8AD0.SAFE;S1B_IW_GRDH_1SDV_20190611T035043_20190611T035108_016643_01F530_F253.SAFE,640,640,31.32197096,34.43764104,31.1847651,34.45644269,31.16148309,34.3413781,31.29868894,34.32257646,31.22955516,34.39468821,31.20404345,34.39818414,31.20273383,34.39171175,31.22824555,34.38821582,380,301,499,337,4284
ow,ow-0407.jpg,ow-0407.xml,ow-0407-01-001060,S1_20190611_035043_035222_VV_1,2019-06-11T03:50:43,2019-06-11T03:52:22,S1B_IW_GRDH_1SDV_20190611T035133_20190611T035158_016643_01F530_8193.SAFE,640,640,32.79304321,31.54070729,32.66027675,31.56192017,32.63473764,31.44664547,32.7675041,31.42543259,32.71244737,31.51236971,32.70414946,31.51369551,32.70319175,31.50937271,32.71148965,31.50804691,346,221,386,245,960
ow,ow-0407.jpg,ow-0407.xml,ow-0407-02-001061,S1_20190611_035043_035222_VV_1,2019-06-11T03:50:43,2019-06-11T03:52:22,S1B_IW_GRDH_1SDV_20190611T035133_20190611T035158_016643_01F530_8193.SAFE,640,640,32.79304321,31.54070729,32.66027675,31.56192017,32.63473764,31.44664547,32.7675041,31.42543259,32.76577047,31.52231272,32.74730764,31.52526264,32.74423496,31.51139365,32.7626978,31.50844374,108,122,197,199,6853
ow,ow-0407.jpg,ow-0407.xml,ow-0407-03-001062,S1_20190611_035043_035222_VV_1,2019-06-11T03:50:43,2019-06-11T03:52:22,S1B_IW_GRDH_1SDV_20190611T035133_20190611T035158_016643_01F530_8193.SAFE,640,640,32.79304321,31.54070729,32.66027675,31.56192017,32.63473764,31.44664547,32.7675041,31.42543259,32.74765886,31.52781742,32.72172791,31.53196056,32.71709895,31.51106702,32.7430299,31.50692388,198,108,323,224,14500
ow,ow-0407.jpg,ow-0407.xml,ow-0407-04-001063,S1_20190611_035043_035222_VV_1,2019-06-11T03:50:43,2019-06-11T03:52:22,S1B_IW_GRDH_1SDV_20190611T035133_20190611T035158_016643_01F530_8193.SAFE,640,640,32.79304321,31.54070729,32.66027675,31.56192017,32.63473764,31.44664547,32.7675041,31.42543259,32.69700001,31.50663215,32.67106906,31.51077529,32.66045437,31.46286424,32.68638532,31.4587211,412,265,537,531,33250
ow,ow-0407.jpg,ow-0407.xml,ow-0407-05-001064,S1_20190611_035043_035222_VV_1,2019-06-11T03:50:43,2019-06-11T03:52:22,S1B_IW_GRDH_1SDV_20190611T035133_20190611T035158_016643_01F530_8193.SAFE,640,640,32.79304321,31.54070729,32.66027675,31.56192017,32.63473764,31.44664547,32.7675041,31.42543259,32.70355881,31.51006004,32.70065455,31.51052407,32.6994574,31.50512057,32.70236167,31.50465653,385,241,399,271,420
ow,ow-0407.jpg,ow-0407.xml,ow-0407-06-001065,S1_20190611_035043_035222_VV_1,2019-06-11T03:50:43,2019-06-11T03:52:22,S1B_IW_GRDH_1SDV_20190611T035133_20190611T035158_016643_01F530_8193.SAFE,640,640,32.79304321,31.54070729,32.66027675,31.56192017,32.63473764,31.44664547,32.7675041,31.42543259,32.69877873,31.49720982,32.69608191,31.49764071,32.69544343,31.49475884,32.69814025,31.49432795,394,314,407,330,208
ow,ow-0408.jpg,ow-0408.xml,ow-0408-01-001066,S1_20190611_035043_035222_VV_2,2019-06-11T03:50:43,2019-06-11T03:52:22,S1B_IW_GRDH_1SDV_20190611T035133_20190611T035158_016643_01F530_8193.SAFE,640,640,32.6664066,31.39700275,32.53448386,31.41824299,32.50888897,31.30297959,32.6408117,31.28173935,32.62558385,31.39872543,32.61527739,31.40038483,32.61383768,31.39390126,32.62414414,31.39224187,193,26,243,62,1800
ow,ow-0408.jpg,ow-0408.xml,ow-0408-02-001067,S1_20190611_035043_035222_VV_2,2019-06-11T03:50:43,2019-06-11T03:52:22,S1B_IW_GRDH_1SDV_20190611T035133_20190611T035158_016643_01F530_8193.SAFE,640,640,32.6664066,31.39700275,32.53448386,31.41824299,32.50888897,31.30297959,32.6408117,31.28173935,32.55232672,31.3043801,32.55026543,31.30471198,32.55002548,31.30363138,32.55208677,31.3032995,438,595,448,601,60
ow,ow-0408.jpg,ow-0408.xml,ow-0408-03-001068,S1_20190611_035043_035222_VV_2,2019-06-11T03:50:43,2019-06-11T03:52:22,S1B_IW_GRDH_1SDV_20190611T035133_20190611T035158_016643_01F530_8193.SAFE,640,640,32.6664066,31.39700275,32.53448386,31.41824299,32.50888897,31.30297959,32.6408117,31.28173935,32.55418805,31.30314772,32.55130224,31.30361236,32.55082234,31.30145117,32.55370815,31.30098654,428,600,442,612,168
ow,ow-0409.jpg,ow-0409.xml,ow-0409-01-001069,S1_20190611_154010_154150_VV_0,2019-06-11T15:40:10,2019-06-11T15:41:50,S1A_IW_GRDH_1SDV_20190611T154125_20190611T154150_027634_031E6E_BCB3.SAFE,640,640,34.54506509,34.2948362,34.68235252,34.31516681,34.65721499,34.43035539,34.51992755,34.41002477,34.59831514,34.36031947,34.6013183,34.36076421,34.60029709,34.36544374,34.59729393,34.36499901,305,310,319,336,364
ow,ow-0409.jpg,ow-0409.xml,ow-0409-02-001070,S1_20190611_154010_154150_VV_0,2019-06-11T15:40:10,2019-06-11T15:41:50,S1A_IW_GRDH_1SDV_20190611T154125_20190611T154150_027634_031E6E_BCB3.SAFE,640,640,34.54506509,34.2948362,34.68235252,34.31516681,34.65721499,34.43035539,34.51992755,34.41002477,34.60106754,34.35886908,34.60492875,34.35944088,34.60347548,34.36610022,34.59961428,34.36552842,316,300,334,337,666
ow,ow-0409.jpg,ow-0409.xml,ow-0409-03-001071,S1_20190611_154010_154150_VV_0,2019-06-11T15:40:10,2019-06-11T15:41:50,S1A_IW_GRDH_1SDV_20190611T154125_20190611T154150_027634_031E6E_BCB3.SAFE,640,640,34.54506509,34.2948362,34.68235252,34.31516681,34.65721499,34.43035539,34.51992755,34.41002477,34.61489902,34.35738719,34.62262144,34.35853078,34.61896864,34.37526912,34.61124622,34.37412553,377,281,413,374,3348
ow,ow-0409.jpg,ow-0409.xml,ow-0409-04-001072,S1_20190611_154010_154150_VV_0,2019-06-11T15:40:10,2019-06-11T15:41:50,S1A_IW_GRDH_1SDV_20190611T154125_20190611T154150_027634_031E6E_BCB3.SAFE,640,640,34.54506509,34.2948362,34.68235252,34.31516681,34.65721499,34.43035539,34.51992755,34.41002477,34.60960271,34.35121471,34.61196234,34.35156414,34.61117679,34.35516378,34.60881717,34.35481435,347,252,358,272,220
ow,ow-0410.jpg,ow-0410.xml,ow-0410-01-001073,S1_20190611_154010_154150_VV_1,2019-06-11T15:40:10,2019-06-11T15:41:50,S1A_IW_GRDH_1SDV_20190611T154125_20190611T154150_027634_031E6E_BCB3.SAFE,640,640,34.39630783,34.30870403,34.53352559,34.32919141,34.50819532,34.44438644,34.37097756,34.42389906,34.45071774,34.37445721,34.45457699,34.37503342,34.45370626,34.37899325,34.44984701,34.37841704,311,310,329,332,396
ow,ow-0411.jpg,ow-0411.xml,ow-0411-01-001074,S1_20190611_154010_154150_VV_2,2019-06-11T15:40:10,2019-06-11T15:41:50,S1A_IW_GRDH_1SDV_20190611T154125_20190611T154150_027634_031E6E_BCB3.SAFE,640,640,34.84294026,34.43252617,34.98035857,34.45254702,34.9556076,34.5677199,34.81818928,34.54769905,34.90133447,34.50599101,34.90584351,34.50664794,34.90522473,34.50952726,34.90071569,34.50887033,335,350,356,366,336
ow,ow-0411.jpg,ow-0411.xml,ow-0411-02-001075,S1_20190611_154010_154150_VV_2,2019-06-11T15:40:10,2019-06-11T15:41:50,S1A_IW_GRDH_1SDV_20190611T154125_20190611T154150_027634_031E6E_BCB3.SAFE,640,640,34.84294026,34.43252617,34.98035857,34.45254702,34.9556076,34.5677199,34.81818928,34.54769905,34.89376988,34.48967035,34.90321739,34.49104679,34.89950474,34.50832272,34.89005724,34.50694628,285,268,329,364,4224
ow,ow-0412.jpg,ow-0412.xml,ow-0412-01-001076,S1_20190612_034300_034440_VV_0,2019-06-12T03:43:00,2019-06-12T03:44:40,S1A_IW_GRDH_1SDV_20190612T034325_20190612T034350_027641_031EA9_55D4.SAFE,640,640,34.58884903,34.36124641,34.45206645,34.38158301,34.42624532,34.26641655,34.56302789,34.24607995,34.51948619,34.33753102,34.50559421,34.33959646,34.49385367,34.28723171,34.50774565,34.28516627,290,183,355,474,18915
ow,ow-0413.jpg,ow-0413.xml,ow-0413-01-001077,S1_20190612_034300_034440_VV_1,2019-06-12T03:43:00,2019-06-12T03:44:40,S1A_IW_GRDH_1SDV_20190612T034325_20190612T034350_027641_031EA9_55D4.SAFE,640,640,34.15830752,34.32130415,34.02126213,34.34101843,33.99621101,34.22588375,34.13325641,34.20616947,34.06239433,34.23064884,34.00307937,34.23918143,34.00127882,34.23090613,34.06059379,34.22237354,345,563,622,609,12742
ow,ow-0413.jpg,ow-0413.xml,ow-0413-02-001078,S1_20190612_034300_034440_VV_1,2019-06-12T03:43:00,2019-06-12T03:44:40,S1A_IW_GRDH_1SDV_20190612T034325_20190612T034350_027641_031EA9_55D4.SAFE,640,640,34.15830752,34.32130415,34.02126213,34.34101843,33.99621101,34.22588375,34.13325641,34.20616947,34.13364783,34.20796845,34.12444009,34.209293,34.12404867,34.20749402,34.13325641,34.20616947,0,630,43,640,430
ow,ow-0413.jpg,ow-0413.xml,ow-0413-03-001079,S1_20190612_034300_034440_VV_1,2019-06-12T03:43:00,2019-06-12T03:44:40,S1A_IW_GRDH_1SDV_20190612T034325_20190612T034350_027641_031EA9_55D4.SAFE,640,640,34.15830752,34.32130415,34.02126213,34.34101843,33.99621101,34.22588375,34.13325641,34.20616947,34.13364783,34.20796845,34.12444009,34.209293,34.12404867,34.20749402,34.13325641,34.20616947,0,630,43,640,430
ow,ow-0414.jpg,ow-0414.xml,ow-0414-01-001080,S1_20190612_034300_034440_VV_2,2019-06-12T03:43:00,2019-06-12T03:44:40,S1A_IW_GRDH_1SDV_20190612T034325_20190612T034350_027641_031EA9_55D4.SAFE,640,640,34.28063891,34.23471723,34.14365922,34.25458827,34.11841499,34.13944518,34.25539468,34.11957415,34.19300517,34.19359628,34.17909317,34.19561444,34.17763374,34.18895773,34.19154574,34.18693958,356,290,421,327,2405
ow,ow-0414.jpg,ow-0414.xml,ow-0414-02-001081,S1_20190612_034300_034440_VV_2,2019-06-12T03:43:00,2019-06-12T03:44:40,S1A_IW_GRDH_1SDV_20190612T034325_20190612T034350_027641_031EA9_55D4.SAFE,640,640,34.28063891,34.23471723,34.14365922,34.25458827,34.11841499,34.13944518,34.25539468,34.11957415,34.21066754,34.18249496,34.2083132,34.1828365,34.20803709,34.18157712,34.21039143,34.18123558,265,336,276,343,77
ow,ow-0415.jpg,ow-0415.xml,ow-0415-01-001082,S1_20190612_034300_034440_VV_3,2019-06-12T03:43:00,2019-06-12T03:44:40,S1A_IW_GRDH_1SDV_20190612T034325_20190612T034350_027641_031EA9_55D4.SAFE,640,640,34.43184047,34.03968562,34.29499219,34.05986782,34.26936319,33.94470867,34.40621148,33.92452647,34.35165736,33.99297069,34.34994676,33.99322297,34.34950626,33.99124367,34.35121686,33.99099139,316,315,324,326,88
ow,ow-0416.jpg,ow-0416.xml,ow-0416-01-001083,S1_20190612_034300_034440_VV_4,2019-06-12T03:43:00,2019-06-12T03:44:40,S1A_IW_GRDH_1SDV_20190612T034325_20190612T034350_027641_031EA9_55D4.SAFE,640,640,34.11973581,33.93897443,33.9837309,33.9588924,33.95905968,33.84367066,34.09506459,33.82375269,34.04268124,33.89232711,34.03694354,33.8931674,34.03632675,33.89028685,34.04206446,33.88944656,306,312,333,328,432
ow,ow-0416.jpg,ow-0416.xml,ow-0416-02-001084,S1_20190612_034300_034440_VV_4,2019-06-12T03:43:00,2019-06-12T03:44:40,S1A_IW_GRDH_1SDV_20190612T034325_20190612T034350_027641_031EA9_55D4.SAFE,640,640,34.11973581,33.93897443,33.9837309,33.9588924,33.95905968,33.84367066,34.09506459,33.82375269,34.06506069,33.87196712,34.05061017,33.8740834,34.04987774,33.87066276,34.06432826,33.86854647,184,404,252,423,1292
ow,ow-0417.jpg,ow-0417.xml,ow-0417-01-001085,S1_20190612_034300_034440_VV_5,2019-06-12T03:43:00,2019-06-12T03:44:40,S1A_IW_GRDH_1SDV_20190612T034350_20190612T034415_027641_031EA9_1964.SAFE,640,640,33.79911051,33.18289313,33.66398651,33.20271536,33.64036986,33.08736479,33.77549386,33.06754256,33.75540634,33.18930438,33.66398651,33.20271536,33.64036986,33.08736479,33.73178969,33.07395382,207,0,640,640,277120
ow,ow-0418.jpg,ow-0418.xml,ow-0418-01-001086,S1_20190612_034300_034440_VV_6,2019-06-12T03:43:00,2019-06-12T03:44:40,S1A_IW_GRDH_1SDV_20190612T034350_20190612T034415_027641_031EA9_1964.SAFE,640,640,33.64231965,33.09614599,33.50707551,33.11567161,33.48382122,33.00034516,33.61906536,32.98081954,33.61199124,33.04711691,33.60755354,33.0477576,33.60522811,33.03622495,33.60966581,33.03558427,94,288,115,352,1344
ow,ow-0419.jpg,ow-0419.xml,ow-0419-01-001087,S1_20190612_034300_034440_VV_8,2019-06-12T03:43:00,2019-06-12T03:44:40,S1A_IW_GRDH_1SDV_20190612T034415_20190612T034440_027641_031EA9_6044.SAFE,640,640,32.85407736,31.56412803,32.72143326,31.58341359,32.69802445,31.46821596,32.83066856,31.4489304,32.7916927,31.51649219,32.76910175,31.51977676,32.76785815,31.51365688,32.7904491,31.51037231,247,306,356,340,3706
ow,ow-0420.jpg,ow-0420.xml,ow-0420-01-001088,S1_20190615_155613_155638_VV_3,2019-06-15T15:56:13,2019-06-15T15:56:38,S1B_IW_GRDH_1SDV_20190615T155613_20190615T155638_016709_01F729_3F2F.SAFE,640,640,30.51504736,31.59402026,30.64723855,31.61447569,30.62277409,31.72946116,30.49058291,31.70900573,30.50397733,31.64705334,30.60580585,31.66281041,30.60248021,31.67844125,30.50065169,31.66268417,1,295,494,382,42891
ow,ow-0420.jpg,ow-0420.xml,ow-0420-02-001089,S1_20190615_155613_155638_VV_3,2019-06-15T15:56:13,2019-06-15T15:56:38,S1B_IW_GRDH_1SDV_20190615T155613_20190615T155638_016709_01F729_3F2F.SAFE,640,640,30.51504736,31.59402026,30.64723855,31.61447569,30.62277409,31.72946116,30.49058291,31.70900573,30.61435818,31.66172127,30.61869571,31.66239247,30.61819877,31.66472811,30.61386125,31.66405691,533,282,554,295,273
ow,ow-0421.jpg,ow-0421.xml,ow-0421-01-001090,S1_20190615_155613_155638_VV_4,2019-06-15T15:56:13,2019-06-15T15:56:38,S1B_IW_GRDH_1SDV_20190615T155613_20190615T155638_016709_01F729_3F2F.SAFE,640,640,30.37969333,31.55246435,30.51233735,31.57356487,30.48702654,31.68853909,30.35438252,31.66743858,30.36548663,31.64038453,30.4931565,31.66069377,30.48746157,31.68656297,30.3597917,31.66625373,24,485,640,629,88704
ow,ow-0422.jpg,ow-0422.xml,ow-0422-01-001091,S1_20190615_155613_155638_VV_5,2019-06-15T15:56:13,2019-06-15T15:56:38,S1B_IW_GRDH_1SDV_20190615T155613_20190615T155638_016709_01F729_3F2F.SAFE,640,640,30.2361703,31.58110032,30.36869787,31.60247321,30.34306266,31.71745804,30.2105351,31.69608515,30.28752534,31.64615009,30.32397042,31.65202763,30.32260855,31.6581362,30.28616347,31.65225865,307,305,483,339,5984
ow,ow-0423.jpg,ow-0423.xml,ow-0423-01-001092,S1_20190615_155644_155738_VV_0,2019-06-15T15:56:44,2019-06-15T15:57:38,S1B_IW_GRDH_1SDV_20190615T155644_20190615T155713_016709_01F72A_CB72.SAFE,640,640,32.07365727,32.9862248,32.20861618,33.00511968,32.18552527,33.12052139,32.05056636,33.10162652,32.10969526,33.03038262,32.15461127,33.03667107,32.14746752,33.07237347,32.10255151,33.06608502,207,211,420,409,42174
ow,ow-0424.jpg,ow-0424.xml,ow-0424-01-001093,S1_20190616_035853_040032_VV_1,2019-06-16T03:58:53,2019-06-16T04:00:32,S1B_IW_GRDH_1SDV_20190616T035943_20190616T040008_016716_01F766_771C.SAFE,640,640,30.88141696,31.70941936,30.74844778,31.73089801,30.72252252,31.61561451,30.8554917,31.59413585,30.75823582,31.6212328,30.72499352,31.62660247,30.72252252,31.61561451,30.75576482,31.61024484,480,579,640,640,9760
ow,ow-0425.jpg,ow-0425.xml,ow-0425-01-001094,S1_20190616_035853_040032_VV_2,2019-06-16T03:58:53,2019-06-16T04:00:32,S1B_IW_GRDH_1SDV_20190616T035943_20190616T040008_016716_01F766_771C.SAFE,640,640,30.73494407,31.66971923,30.60270487,31.69094615,30.57723584,31.57565417,30.70947503,31.55442725,30.72063771,31.61754843,30.611747,31.63502748,30.60840419,31.6198954,30.7172949,31.60241636,13,292,540,376,44268
ow,ow-0426.jpg,ow-0426.xml,ow-0426-01-001095,S1_20190616_035853_040032_VV_3,2019-06-16T03:58:53,2019-06-16T04:00:32,S1B_IW_GRDH_1SDV_20190616T035943_20190616T040008_016716_01F766_771C.SAFE,640,640,30.29942189,31.61620349,30.16700567,31.6370214,30.14202634,31.52174815,30.27444256,31.50093025,30.22835593,31.56963849,30.2099418,31.57253348,30.20892701,31.5678505,30.22734114,31.56495551,285,310,374,336,2314
ow,ow-0427.jpg,ow-0427.xml,ow-0427-01-001096,S1_20190616_035853_040032_VV_4,2019-06-16T03:58:53,2019-06-16T04:00:32,S1B_IW_GRDH_1SDV_20190616T040008_20190616T040032_016716_01F766_6FBC.SAFE;S1B_IW_GRDH_1SDV_20190616T035943_20190616T040008_016716_01F766_771C.SAFE,640,640,30.19035282,31.4752241,30.0579366,31.496042,30.03295727,31.38076876,30.16537349,31.35995085,30.11189341,31.42218518,30.1077554,31.42283574,30.10724801,31.42049426,30.11138602,31.4198437,313,351,333,364,260
ow,ow-0428.jpg,ow-0428.xml,ow-0428-01-001097,S1_20190616_154839_155019_VV_1,2019-06-16T15:48:39,2019-06-16T15:50:19,S1A_IW_GRDH_1SDV_20190616T154904_20190616T154929_027707_0320A3_CB6F.SAFE,640,640,32.89289605,32.25166368,33.02683934,32.27213483,33.00201683,32.38736485,32.86807355,32.3668937,32.90421557,32.28742705,32.91258703,32.28870649,32.91192768,32.29176729,32.90355622,32.29048784,88,183,128,200,680
ow,ow-0428.jpg,ow-0428.xml,ow-0428-02-001098,S1_20190616_154839_155019_VV_1,2019-06-16T15:48:39,2019-06-16T15:50:19,S1A_IW_GRDH_1SDV_20190616T154904_20190616T154929_027707_0320A3_CB6F.SAFE,640,640,32.89289605,32.25166368,33.02683934,32.27213483,33.00201683,32.38736485,32.86807355,32.3668937,32.92498753,32.30138825,32.92791754,32.30183605,32.92752969,32.30363652,32.92459968,32.30318872,198,241,212,251,140
ow,ow-0428.jpg,ow-0428.xml,ow-0428-03-001099,S1_20190616_154839_155019_VV_1,2019-06-16T15:48:39,2019-06-16T15:50:19,S1A_IW_GRDH_1SDV_20190616T154904_20190616T154929_027707_0320A3_CB6F.SAFE,640,640,32.89289605,32.25166368,33.02683934,32.27213483,33.00201683,32.38736485,32.86807355,32.3668937,32.96903483,32.33173897,32.98221987,32.3337541,32.98093996,32.33969565,32.96775492,32.33768052,432,368,495,401,2079
ow,ow-0428.jpg,ow-0428.xml,ow-0428-04-001100,S1_20190616_154839_155019_VV_1,2019-06-16T15:48:39,2019-06-16T15:50:19,S1A_IW_GRDH_1SDV_20190616T154904_20190616T154929_027707_0320A3_CB6F.SAFE,640,640,32.89289605,32.25166368,33.02683934,32.27213483,33.00201683,32.38736485,32.86807355,32.3668937,32.91478012,32.29257519,32.9181287,32.29308697,32.91781842,32.29452735,32.91446983,32.29401557,142,202,158,210,128
ow,ow-0428.jpg,ow-0428.xml,ow-0428-05-001101,S1_20190616_154839_155019_VV_1,2019-06-16T15:48:39,2019-06-16T15:50:19,S1A_IW_GRDH_1SDV_20190616T154904_20190616T154929_027707_0320A3_CB6F.SAFE,640,640,32.89289605,32.25166368,33.02683934,32.27213483,33.00201683,32.38736485,32.86807355,32.3668937,32.91022843,32.30266606,32.96841004,32.31155822,32.96488059,32.32794249,32.90669898,32.31905033,131,260,409,351,25298
ow,ow-0428.jpg,ow-0428.xml,ow-0428-06-001102,S1_20190616_154839_155019_VV_1,2019-06-16T15:48:39,2019-06-16T15:50:19,S1A_IW_GRDH_1SDV_20190616T154904_20190616T154929_027707_0320A3_CB6F.SAFE,640,640,32.89289605,32.25166368,33.02683934,32.27213483,33.00201683,32.38736485,32.86807355,32.3668937,32.98409385,32.34612886,32.9910003,32.3471844,32.99006945,32.35150553,32.983163,32.35044998,516,433,549,457,792
ow,ow-0428.jpg,ow-0428.xml,ow-0428-07-001103,S1_20190616_154839_155019_VV_1,2019-06-16T15:48:39,2019-06-16T15:50:19,S1A_IW_GRDH_1SDV_20190616T154904_20190616T154929_027707_0320A3_CB6F.SAFE,640,640,32.89289605,32.25166368,33.02683934,32.27213483,33.00201683,32.38736485,32.86807355,32.3668937,32.91779499,32.29563961,32.920725,32.29608742,32.92041472,32.29752779,32.91748471,32.29707999,159,216,173,224,112
ow,ow-0429.jpg,ow-0429.xml,ow-0429-01-001104,S1_20190617_035120_035301_VV_0,2019-06-17T03:51:20,2019-06-17T03:53:01,S1A_IW_GRDH_1SDV_20190617T035210_20190617T035235_027714_0320D5_307F.SAFE;S1A_IW_GRDH_1SDV_20190617T035145_20190617T035210_027714_0320D5_4009.SAFE,640,640,32.39054242,33.01797279,32.25578848,33.03840262,32.23085542,32.92314004,32.36560936,32.90271021,32.3095813,32.98449016,32.30684411,32.98490514,32.30618182,32.98184348,32.30891901,32.9814285,339,246,352,263,221
ow,ow-0429.jpg,ow-0429.xml,ow-0429-02-001105,S1_20190617_035120_035301_VV_0,2019-06-17T03:51:20,2019-06-17T03:53:01,S1A_IW_GRDH_1SDV_20190617T035210_20190617T035235_027714_0320D5_307F.SAFE;S1A_IW_GRDH_1SDV_20190617T035145_20190617T035210_027714_0320D5_4009.SAFE,640,640,32.39054242,33.01797279,32.25578848,33.03840262,32.23085542,32.92314004,32.36560936,32.90271021,32.35142302,32.99897906,32.34952804,32.99926636,32.34902159,32.99692509,32.35091657,32.99663779,161,134,170,147,117
ow,ow-0429.jpg,ow-0429.xml,ow-0429-03-001106,S1_20190617_035120_035301_VV_0,2019-06-17T03:51:20,2019-06-17T03:53:01,S1A_IW_GRDH_1SDV_20190617T035210_20190617T035235_027714_0320D5_307F.SAFE;S1A_IW_GRDH_1SDV_20190617T035145_20190617T035210_027714_0320D5_4009.SAFE,640,640,32.39054242,33.01797279,32.25578848,33.03840262,32.23085542,32.92314004,32.36560936,32.90271021,32.31926403,32.99808851,32.3140002,32.99888655,32.31283147,32.99348362,32.31809529,32.99268558,308,165,333,195,750
ow,ow-0429.jpg,ow-0429.xml,ow-0429-04-001107,S1_20190617_035120_035301_VV_0,2019-06-17T03:51:20,2019-06-17T03:53:01,S1A_IW_GRDH_1SDV_20190617T035210_20190617T035235_027714_0320D5_307F.SAFE;S1A_IW_GRDH_1SDV_20190617T035145_20190617T035210_027714_0320D5_4009.SAFE,640,640,32.39054242,33.01797279,32.25578848,33.03840262,32.23085542,32.92314004,32.36560936,32.90271021,32.31250404,32.99297524,32.31018796,32.99332638,32.30975942,32.99134531,32.3120755,32.99099417,334,198,345,209,121
ow,ow-0429.jpg,ow-0429.xml,ow-0429-05-001108,S1_20190617_035120_035301_VV_0,2019-06-17T03:51:20,2019-06-17T03:53:01,S1A_IW_GRDH_1SDV_20190617T035210_20190617T035235_027714_0320D5_307F.SAFE;S1A_IW_GRDH_1SDV_20190617T035145_20190617T035210_027714_0320D5_4009.SAFE,640,640,32.39054242,33.01797279,32.25578848,33.03840262,32.23085542,32.92314004,32.36560936,32.90271021,32.32464924,32.97271952,32.31875375,32.97361333,32.31797459,32.97001137,32.32387008,32.96911757,258,297,286,317,560
ow,ow-0429.jpg,ow-0429.xml,ow-0429-06-001109,S1_20190617_035120_035301_VV_0,2019-06-17T03:51:20,2019-06-17T03:53:01,S1A_IW_GRDH_1SDV_20190617T035210_20190617T035235_027714_0320D5_307F.SAFE;S1A_IW_GRDH_1SDV_20190617T035145_20190617T035210_027714_0320D5_4009.SAFE,640,640,32.39054242,33.01797279,32.25578848,33.03840262,32.23085542,32.92314004,32.36560936,32.90271021,32.28972694,32.94397528,32.28614754,32.94451795,32.28552421,32.94163638,32.28910362,32.94109372,390,480,407,496,272
ow,ow-0429.jpg,ow-0429.xml,ow-0429-07-001110,S1_20190617_035120_035301_VV_0,2019-06-17T03:51:20,2019-06-17T03:53:01,S1A_IW_GRDH_1SDV_20190617T035210_20190617T035235_027714_0320D5_307F.SAFE;S1A_IW_GRDH_1SDV_20190617T035145_20190617T035210_027714_0320D5_4009.SAFE,640,640,32.39054242,33.01797279,32.25578848,33.03840262,32.23085542,32.92314004,32.36560936,32.90271021,32.28521165,32.94521785,32.28036893,32.94595205,32.27962873,32.94253019,32.28447145,32.94179599,412,477,435,496,437
ow,ow-0430.jpg,ow-0430.xml,ow-0430-01-001111,S1_20190617_035120_035301_VV_1,2019-06-17T03:51:20,2019-06-17T03:53:01,S1A_IW_GRDH_1SDV_20190617T035210_20190617T035235_027714_0320D5_307F.SAFE,640,640,31.0207179,33.02694572,30.88599363,33.04592192,30.86289082,32.93075518,30.99761509,32.91177898,30.92047747,32.98907066,30.91037315,32.99049387,30.90770189,32.97717772,30.91780621,32.9757545,428,281,476,355,3552
ow,ow-0431.jpg,ow-0431.xml,ow-0431-01-001112,S1_20190617_035120_035301_VV_2,2019-06-17T03:51:20,2019-06-17T03:53:01,S1A_IW_GRDH_1SDV_20190617T035210_20190617T035235_027714_0320D5_307F.SAFE,640,640,33.04215598,32.41170788,32.90824602,32.4330219,32.88233028,32.31770477,33.01624025,32.29639076,32.96716347,32.36634934,32.953354,32.36854735,32.95177476,32.36152021,32.96558423,32.3593222,299,307,365,346,2574
ow,ow-0431.jpg,ow-0431.xml,ow-0431-02-001113,S1_20190617_035120_035301_VV_2,2019-06-17T03:51:20,2019-06-17T03:53:01,S1A_IW_GRDH_1SDV_20190617T035210_20190617T035235_027714_0320D5_307F.SAFE,640,640,33.04215598,32.41170788,32.90824602,32.4330219,32.88233028,32.31770477,33.01624025,32.29639076,32.97124686,32.36812557,32.96789911,32.36865842,32.96741319,32.36649622,32.97076094,32.36596337,282,294,298,306,192
ow,ow-0432.jpg,ow-0432.xml,ow-0432-01-001114,S1_20190617_035120_035301_VV_3,2019-06-17T03:51:20,2019-06-17T03:53:01,S1A_IW_GRDH_1SDV_20190617T035210_20190617T035235_027714_0320D5_307F.SAFE,640,640,31.53668289,32.17763374,31.40306645,32.19756296,31.3790004,32.08231021,31.51261683,32.06238099,31.47891624,32.13295646,31.43507335,32.13949573,31.43236592,32.1265298,31.47620881,32.11999052,225,287,435,359,15120
ow,ow-0433.jpg,ow-0433.xml,ow-0433-01-001115,S1_20190617_153946_154101_VV_1,2019-06-17T15:39:46,2019-06-17T15:41:01,S1B_IW_GRDH_1SDV_20190617T154011_20190617T154036_016738_01F815_C47E.SAFE,640,640,34.5043348,32.84087964,34.63887599,32.8616054,34.61359727,32.97687915,34.47905607,32.95615339,34.5508337,32.90632323,34.57248642,32.90965878,34.57173596,32.91308097,34.55008323,32.90974542,280,313,383,332,1957
ow,ow-0434.jpg,ow-0434.xml,ow-0434-01-001116,S1_20190617_153946_154101_VV_2,2019-06-17T15:39:46,2019-06-17T15:41:01,S1B_IW_GRDH_1SDV_20190617T154036_20190617T154101_016738_01F815_6C83.SAFE,640,640,35.39575597,34.63212666,35.53370465,34.65149734,35.50986898,34.76661529,35.3719203,34.74724462,35.44446721,34.69468221,35.49598243,34.70191595,35.49315194,34.71558621,35.44163673,34.70835247,278,301,517,377,18164
ow,ow-0434.jpg,ow-0434.xml,ow-0434-02-001117,S1_20190617_153946_154101_VV_2,2019-06-17T15:39:46,2019-06-17T15:41:01,S1B_IW_GRDH_1SDV_20190617T154036_20190617T154101_016738_01F815_6C83.SAFE,640,640,35.39575597,34.63212666,35.53370465,34.65149734,35.50986898,34.76661529,35.3719203,34.74724462,35.43503398,34.69631923,35.4427936,34.69740883,35.44182527,34.7020855,35.43406566,34.7009959,237,317,273,343,936
ow,ow-0434.jpg,ow-0434.xml,ow-0434-03-001118,S1_20190617_153946_154101_VV_2,2019-06-17T15:39:46,2019-06-17T15:41:01,S1B_IW_GRDH_1SDV_20190617T154036_20190617T154101_016738_01F815_6C83.SAFE,640,640,35.39575597,34.63212666,35.53370465,34.65149734,35.50986898,34.76661529,35.3719203,34.74724462,35.41280912,34.69653025,35.42078428,34.69765012,35.41981596,34.70232679,35.4118408,34.70120692,137,335,174,361,962
ow,ow-0434.jpg,ow-0434.xml,ow-0434-04-001119,S1_20190617_153946_154101_VV_2,2019-06-17T15:39:46,2019-06-17T15:41:01,S1B_IW_GRDH_1SDV_20190617T154036_20190617T154101_016738_01F815_6C83.SAFE,640,640,35.39575597,34.63212666,35.53370465,34.65149734,35.50986898,34.76661529,35.3719203,34.74724462,35.47488278,34.69562132,35.48609111,34.69719519,35.48463862,34.70421019,35.47343029,34.70263632,416,283,468,322,2028
ow,ow-0434.jpg,ow-0434.xml,ow-0434-05-001120,S1_20190617_153946_154101_VV_2,2019-06-17T15:39:46,2019-06-17T15:41:01,S1B_IW_GRDH_1SDV_20190617T154036_20190617T154101_016738_01F815_6C83.SAFE,640,640,35.39575597,34.63212666,35.53370465,34.65149734,35.50986898,34.76661529,35.3719203,34.74724462,35.42865796,34.69283249,35.43447767,34.69364969,35.43343486,34.6986861,35.42761515,34.6978689,205,303,232,331,756
ow,ow-0435.jpg,ow-0435.xml,ow-0435-01-001121,S1_20190617_153946_154101_VV_3,2019-06-17T15:39:46,2019-06-17T15:41:01,S1B_IW_GRDH_1SDV_20190617T154036_20190617T154101_016738_01F815_6C83.SAFE,640,640,35.25426918,34.62984381,35.39221786,34.64921449,35.36838219,34.76433244,35.2304335,34.74496177,35.30982478,34.69576676,35.3132735,34.69625103,35.31282658,34.69840949,35.30937786,34.69792522,312,314,328,326,192
ow,ow-0436.jpg,ow-0436.xml,ow-0436-01-001122,S1_20190618_034221_034401_VV_0,2019-06-18T03:42:21,2019-06-18T03:44:01,S1B_IW_GRDH_1SDV_20190618T034246_20190618T034311_016745_01F848_4829.SAFE,640,640,34.37977901,34.16603753,34.24308824,34.18607925,34.21797471,34.07094918,34.35466548,34.05090746,34.32863051,34.12656901,34.27416778,34.13455438,34.26890963,34.11044902,34.32337236,34.10246365,193,253,448,387,34170
ow,ow-0437.jpg,ow-0437.xml,ow-0437-01-001123,S1_20190618_034221_034401_VV_4,2019-06-18T03:42:21,2019-06-18T03:44:01,S1B_IW_GRDH_1SDV_20190618T034311_20190618T034336_016745_01F848_5E80.SAFE,640,640,34.7001143,32.84602815,34.56557331,32.86674835,34.54088509,32.75140873,34.67542607,32.73068853,34.63768005,32.80593898,34.60719811,32.8106334,34.60307054,32.79135006,34.63355248,32.78665564,248,267,393,374,15515
ow,ow-0438.jpg,ow-0438.xml,ow-0438-01-001124,S1_20190622_035930_040110_VV_0,2019-06-22T03:59:30,2019-06-22T04:01:10,S1A_IW_GRDH_1SDV_20190622T035955_20190622T040020_027787_0322FB_5391.SAFE,1294,1294,31.5372134,33.73816369,31.26395805,33.78150819,31.21072871,33.54843771,31.48398406,33.50509321,31.43872621,33.66718443,31.41929847,33.67026611,31.4186403,33.66738425,31.43806804,33.66430257,376,464,468,480,1472
ow,ow-0438.jpg,ow-0438.xml,ow-0438-02-001125,S1_20190622_035930_040110_VV_0,2019-06-22T03:59:30,2019-06-22T04:01:10,S1A_IW_GRDH_1SDV_20190622T035955_20190622T040020_027787_0322FB_5391.SAFE,1294,1294,31.5372134,33.73816369,31.26395805,33.78150819,31.21072871,33.54843771,31.48398406,33.50509321,31.45209859,33.66058387,31.42992563,33.66410101,31.4287327,33.65887763,31.45090566,33.6553605,308,488,413,517,3045
ow,ow-0438.jpg,ow-0438.xml,ow-0438-03-001126,S1_20190622_035930_040110_VV_0,2019-06-22T03:59:30,2019-06-22T04:01:10,S1A_IW_GRDH_1SDV_20190622T035955_20190622T040020_027787_0322FB_5391.SAFE,1294,1294,31.5372134,33.73816369,31.26395805,33.78150819,31.21072871,33.54843771,31.48398406,33.50509321,31.51022302,33.62094148,31.48741654,33.62455911,31.48564772,33.61681411,31.50845419,33.61319648,1,651,109,694,4644
ow,ow-0438.jpg,ow-0438.xml,ow-0438-04-001127,S1_20190622_035930_040110_VV_0,2019-06-22T03:59:30,2019-06-22T04:01:10,S1A_IW_GRDH_1SDV_20190622T035955_20190622T040020_027787_0322FB_5391.SAFE,1294,1294,31.5372134,33.73816369,31.26395805,33.78150819,31.21072871,33.54843771,31.48398406,33.50509321,31.49498011,33.64426318,31.4476778,33.6517664,31.44393447,33.63537582,31.49123678,33.6278726,95,539,319,630,20384
ow,ow-0438.jpg,ow-0438.xml,ow-0438-05-001128,S1_20190622_035930_040110_VV_0,2019-06-22T03:59:30,2019-06-22T04:01:10,S1A_IW_GRDH_1SDV_20190622T035955_20190622T040020_027787_0322FB_5391.SAFE,1294,1294,31.5372134,33.73816369,31.26395805,33.78150819,31.21072871,33.54843771,31.48398406,33.50509321,31.44192607,33.73293452,31.2972739,33.75587964,31.28357578,33.69590091,31.42822795,33.6729558,430,109,1115,442,228105
ow,ow-0439.jpg,ow-0439.xml,ow-0439-01-001129,S1_20190622_035930_040110_VV_2,2019-06-22T03:59:30,2019-06-22T04:01:10,S1A_IW_GRDH_1SDV_20190622T035955_20190622T040020_027787_0322FB_5391.SAFE,640,640,31.27941724,33.85062208,31.14318267,33.87174006,31.11705753,33.75648925,31.2532921,33.73537127,31.25148007,33.80611403,31.15441294,33.82116058,31.14902463,33.7973901,31.24609176,33.78234355,81,262,537,394,60192
ow,ow-0440.jpg,ow-0440.xml,ow-0440-01-001130,S1_20190622_035930_040110_VV_3,2019-06-22T03:59:30,2019-06-22T04:01:10,S1A_IW_GRDH_1SDV_20190622T040045_20190622T040110_027787_0322FB_3F3F.SAFE,640,640,30.09476502,31.51920051,29.96193714,31.53986001,29.9370761,31.42455455,30.06990398,31.40389504,30.06969091,31.41882472,30.06574759,31.41943804,30.06528144,31.41727607,30.06922477,31.41666274,16,560,35,572,228
ow,ow-0440.jpg,ow-0440.xml,ow-0440-02-001131,S1_20190622_035930_040110_VV_3,2019-06-22T03:59:30,2019-06-22T04:01:10,S1A_IW_GRDH_1SDV_20190622T040045_20190622T040110_027787_0322FB_3F3F.SAFE,640,640,30.09476502,31.51920051,29.96193714,31.53986001,29.9370761,31.42455455,30.06990398,31.40389504,30.06145907,31.40651198,30.05813837,31.40702847,30.05786645,31.40576731,30.06118715,31.40525082,42,633,58,640,112
ow,ow-0440.jpg,ow-0440.xml,ow-0440-03-001132,S1_20190622_035930_040110_VV_3,2019-06-22T03:59:30,2019-06-22T04:01:10,S1A_IW_GRDH_1SDV_20190622T040045_20190622T040110_027787_0322FB_3F3F.SAFE,640,640,30.09476502,31.51920051,29.96193714,31.53986001,29.9370761,31.42455455,30.06990398,31.40389504,30.04031074,31.42283577,30.03636741,31.4234491,30.0360178,31.42182761,30.03996113,31.42121429,157,563,176,572,171
ow,ow-0440.jpg,ow-0440.xml,ow-0440-04-001133,S1_20190622_035930_040110_VV_3,2019-06-22T03:59:30,2019-06-22T04:01:10,S1A_IW_GRDH_1SDV_20190622T040045_20190622T040110_027787_0322FB_3F3F.SAFE,640,640,30.09476502,31.51920051,29.96193714,31.53986001,29.9370761,31.42455455,30.06990398,31.40389504,30.07475965,31.42641564,30.07040124,31.42709353,30.06997394,31.42511172,30.07433235,31.42443383,0,515,21,526,231
ow,ow-0440.jpg,ow-0440.xml,ow-0440-05-001134,S1_20190622_035930_040110_VV_3,2019-06-22T03:59:30,2019-06-22T04:01:10,S1A_IW_GRDH_1SDV_20190622T040045_20190622T040110_027787_0322FB_3F3F.SAFE,640,640,30.09476502,31.51920051,29.96193714,31.53986001,29.9370761,31.42455455,30.06990398,31.40389504,30.06414609,31.43588711,30.06103293,31.43637132,30.06045025,31.43366885,30.06356341,31.43318464,59,473,74,488,225
ow,ow-0440.jpg,ow-0440.xml,ow-0440-06-001135,S1_20190622_035930_040110_VV_3,2019-06-22T03:59:30,2019-06-22T04:01:10,S1A_IW_GRDH_1SDV_20190622T040045_20190622T040110_027787_0322FB_3F3F.SAFE,640,640,30.09476502,31.51920051,29.96193714,31.53986001,29.9370761,31.42455455,30.06990398,31.40389504,30.05364464,31.45781699,30.05073903,31.45826892,30.05042827,31.4568276,30.05333388,31.45637567,130,364,144,372,112
ow,ow-0440.jpg,ow-0440.xml,ow-0440-07-001136,S1_20190622_035930_040110_VV_3,2019-06-22T03:59:30,2019-06-22T04:01:10,S1A_IW_GRDH_1SDV_20190622T040045_20190622T040110_027787_0322FB_3F3F.SAFE,640,640,30.09476502,31.51920051,29.96193714,31.53986001,29.9370761,31.42455455,30.06990398,31.40389504,30.0555469,31.43480391,30.05201866,31.43535268,30.05159136,31.43337086,30.0551196,31.4328221,98,486,115,497,187
ow,ow-0440.jpg,ow-0440.xml,ow-0440-08-001137,S1_20190622_035930_040110_VV_3,2019-06-22T03:59:30,2019-06-22T04:01:10,S1A_IW_GRDH_1SDV_20190622T040045_20190622T040110_027787_0322FB_3F3F.SAFE,640,640,30.09476502,31.51920051,29.96193714,31.53986001,29.9370761,31.42455455,30.06990398,31.40389504,30.06969091,31.41882472,30.06574759,31.41943804,30.06528144,31.41727607,30.06922477,31.41666274,16,560,35,572,228
ow,ow-0440.jpg,ow-0440.xml,ow-0440-09-001138,S1_20190622_035930_040110_VV_3,2019-06-22T03:59:30,2019-06-22T04:01:10,S1A_IW_GRDH_1SDV_20190622T040045_20190622T040110_027787_0322FB_3F3F.SAFE,640,640,30.09476502,31.51920051,29.96193714,31.53986001,29.9370761,31.42455455,30.06990398,31.40389504,30.06145907,31.40651198,30.05813837,31.40702847,30.05786645,31.40576731,30.06118715,31.40525082,42,633,58,640,112
ow,ow-0440.jpg,ow-0440.xml,ow-0440-10-001139,S1_20190622_035930_040110_VV_3,2019-06-22T03:59:30,2019-06-22T04:01:10,S1A_IW_GRDH_1SDV_20190622T040045_20190622T040110_027787_0322FB_3F3F.SAFE,640,640,30.09476502,31.51920051,29.96193714,31.53986001,29.9370761,31.42455455,30.06990398,31.40389504,30.04031074,31.42283577,30.03636741,31.4234491,30.0360178,31.42182761,30.03996113,31.42121429,157,563,176,572,171
ow,ow-0441.jpg,ow-0441.xml,ow-0441-01-001140,S1_20190622_154749_154929_VV_0,2019-06-22T15:47:49,2019-06-22T15:49:29,S1B_IW_GRDH_1SDV_20190622T154814_20190622T154839_016811_01FA2F_42DF.SAFE;S1B_IW_GRDH_1SDV_20190622T154749_20190622T154814_016811_01FA2F_09AC.SAFE,640,640,32.51917143,31.12821648,32.65125776,31.14930353,32.62586556,31.26483264,32.49377922,31.2437456,32.56845376,31.18877541,32.57836024,31.19035694,32.57474978,31.20678374,32.56484331,31.20520221,293,282,341,373,4368
ow,ow-0442.jpg,ow-0442.xml,ow-0442-01-001141,S1_20190622_154749_154929_VV_2,2019-06-22T15:47:49,2019-06-22T15:49:29,S1B_IW_GRDH_1SDV_20190622T154814_20190622T154839_016811_01FA2F_42DF.SAFE,640,640,32.35518128,31.34389333,32.48720686,31.36512008,32.46164712,31.48065468,32.32962154,31.45942793,32.40645791,31.40952921,32.41099628,31.41025888,32.40987805,31.41531352,32.40533967,31.41458385,308,307,330,335,616
ow,ow-0443.jpg,ow-0443.xml,ow-0443-01-001142,S1_20190622_154749_154929_VV_4,2019-06-22T15:47:49,2019-06-22T15:49:29,S1B_IW_GRDH_1SDV_20190622T154839_20190622T154904_016811_01FA2F_72AA.SAFE,640,640,33.92097854,33.20578417,34.05647935,33.22496191,34.03298673,33.3403352,33.89748592,33.32115746,33.95235299,33.26030049,33.98622819,33.26509493,33.98296125,33.28113903,33.94908605,33.27634459,195,270,355,359,14240
ow,ow-0443.jpg,ow-0443.xml,ow-0443-02-001143,S1_20190622_154749_154929_VV_4,2019-06-22T15:47:49,2019-06-22T15:49:29,S1B_IW_GRDH_1SDV_20190622T154839_20190622T154904_016811_01FA2F_72AA.SAFE,640,640,33.92097854,33.20578417,34.05647935,33.22496191,34.03298673,33.3403352,33.89748592,33.32115746,33.92153426,33.27151779,33.93487262,33.2734056,33.93366129,33.27935454,33.92032293,33.27746673,64,354,127,387,2079
ow,ow-0443.jpg,ow-0443.xml,ow-0443-03-001144,S1_20190622_154749_154929_VV_4,2019-06-22T15:47:49,2019-06-22T15:49:29,S1B_IW_GRDH_1SDV_20190622T154839_20190622T154904_016811_01FA2F_72AA.SAFE,640,640,33.92097854,33.20578417,34.05647935,33.22496191,34.03298673,33.3403352,33.89748592,33.32115746,33.92649497,33.25571342,33.96566317,33.26125698,33.96342403,33.2722535,33.92425583,33.26670993,72,265,257,326,11285
ow,ow-0444.jpg,ow-0444.xml,ow-0444-01-001145,S1_20190622_154749_154929_VV_5,2019-06-22T15:47:49,2019-06-22T15:49:29,S1B_IW_GRDH_1SDV_20190622T154839_20190622T154904_016811_01FA2F_72AA.SAFE,640,640,33.7822842,33.20228998,33.91778501,33.22146773,33.89429239,33.33684101,33.75879158,33.31766327,33.81027375,33.26059295,33.86849675,33.26883339,33.86647786,33.27874828,33.80825485,33.27050784,183,293,458,348,15125
ow,ow-0445.jpg,ow-0445.xml,ow-0445-01-001146,S1_20190622_154749_154929_VV_6,2019-06-22T15:47:49,2019-06-22T15:49:29,S1B_IW_GRDH_1SDV_20190622T154839_20190622T154904_016811_01FA2F_72AA.SAFE,640,640,31.56539444,33.51696101,31.70078984,33.53854333,31.6741713,33.65402343,31.5387759,33.63244111,31.6369305,33.54725782,31.6430656,33.54823577,31.64106921,33.55689678,31.63493411,33.55591883,358,101,387,149,1392
ow,ow-0445.jpg,ow-0445.xml,ow-0445-02-001147,S1_20190622_154749_154929_VV_6,2019-06-22T15:47:49,2019-06-22T15:49:29,S1B_IW_GRDH_1SDV_20190622T154839_20190622T154904_016811_01FA2F_72AA.SAFE,640,640,31.56539444,33.51696101,31.70078984,33.53854333,31.6741713,33.65402343,31.5387759,33.63244111,31.64909954,33.54489504,31.65333064,33.54556949,31.65249881,33.54917824,31.64826771,33.5485038,411,78,431,98,400
ow,ow-0445.jpg,ow-0445.xml,ow-0445-03-001148,S1_20190622_154749_154929_VV_6,2019-06-22T15:47:49,2019-06-22T15:49:29,S1B_IW_GRDH_1SDV_20190622T154839_20190622T154904_016811_01FA2F_72AA.SAFE,640,640,31.56539444,33.51696101,31.70078984,33.53854333,31.6741713,33.65402343,31.5387759,33.63244111,31.58174968,33.59158903,31.59465456,33.59364609,31.59228384,33.60393104,31.57937897,33.60187398,153,385,214,442,3477
ow,ow-0445.jpg,ow-0445.xml,ow-0445-04-001149,S1_20190622_154749_154929_VV_6,2019-06-22T15:47:49,2019-06-22T15:49:29,S1B_IW_GRDH_1SDV_20190622T154839_20190622T154904_016811_01FA2F_72AA.SAFE,640,640,31.56539444,33.51696101,31.70078984,33.53854333,31.6741713,33.65402343,31.5387759,33.63244111,31.54693142,33.59801124,31.58437671,33.6039801,31.57643274,33.63844369,31.53898745,33.63247483,1,449,178,640,33807
ow,ow-0446.jpg,ow-0446.xml,ow-0446-01-001150,S1_20190622_154749_154929_VV_7,2019-06-22T15:47:49,2019-06-22T15:49:29,S1B_IW_GRDH_1SDV_20190622T154839_20190622T154904_016811_01FA2F_72AA.SAFE,640,640,31.49815728,33.62596641,31.63355268,33.64754873,31.60693414,33.76302883,31.47153873,33.74144651,31.51041065,33.65654094,31.51569953,33.657384,31.5143686,33.663158,31.50907972,33.66231494,88,153,113,185,800
ow,ow-0446.jpg,ow-0446.xml,ow-0446-02-001151,S1_20190622_154749_154929_VV_7,2019-06-22T15:47:49,2019-06-22T15:49:29,S1B_IW_GRDH_1SDV_20190622T154839_20190622T154904_016811_01FA2F_72AA.SAFE,640,640,31.49815728,33.62596641,31.63355268,33.64754873,31.60693414,33.76302883,31.47153873,33.74144651,31.48901075,33.6665986,31.50233873,33.66872311,31.49863709,33.68478207,31.48530911,33.68265756,1,225,64,314,5607
ow,ow-0447.jpg,ow-0447.xml,ow-0447-01-001152,S1_20190623_035044_035223_VV_0,2019-06-23T03:50:44,2019-06-23T03:52:23,S1B_IW_GRDH_1SDV_20190623T035134_20190623T035159_016818_01FA62_D8E1.SAFE,977,977,32.80493692,31.9611585,32.60226063,31.99354056,32.56327509,31.81756633,32.76595138,31.78518427,32.76873668,31.79872618,32.74799192,31.80204062,32.74499917,31.78853185,32.76574393,31.78521742,1,902,101,977,7500
ow,ow-0447.jpg,ow-0447.xml,ow-0447-02-001153,S1_20190623_035044_035223_VV_0,2019-06-23T03:50:44,2019-06-23T03:52:23,S1B_IW_GRDH_1SDV_20190623T035134_20190623T035159_016818_01FA62_D8E1.SAFE,977,977,32.80493692,31.9611585,32.60226063,31.99354056,32.56327509,31.81756633,32.76595138,31.78518427,32.7911973,31.95925088,32.75074502,31.96571403,32.73167123,31.87961815,32.77212351,31.87315499,62,22,257,500,93210
ow,ow-0447.jpg,ow-0447.xml,ow-0447-03-001154,S1_20190623_035044_035223_VV_0,2019-06-23T03:50:44,2019-06-23T03:52:23,S1B_IW_GRDH_1SDV_20190623T035134_20190623T035159_016818_01FA62_D8E1.SAFE,977,977,32.80493692,31.9611585,32.60226063,31.99354056,32.56327509,31.81756633,32.76595138,31.78518427,32.77284672,31.81727823,32.76703819,31.81820627,32.76332718,31.8014554,32.76913571,31.80052735,1,799,29,892,2604
ow,ow-0447.jpg,ow-0447.xml,ow-0447-04-001155,S1_20190623_035044_035223_VV_0,2019-06-23T03:50:44,2019-06-23T03:52:23,S1B_IW_GRDH_1SDV_20190623T035134_20190623T035159_016818_01FA62_D8E1.SAFE,977,977,32.80493692,31.9611585,32.60226063,31.99354056,32.56327509,31.81756633,32.76595138,31.78518427,32.7840199,31.87255972,32.74398252,31.87895659,32.73189181,31.82438117,32.7719292,31.8179843,6,493,199,796,58479
ow,ow-0447.jpg,ow-0447.xml,ow-0447-05-001156,S1_20190623_035044_035223_VV_0,2019-06-23T03:50:44,2019-06-23T03:52:23,S1B_IW_GRDH_1SDV_20190623T035134_20190623T035159_016818_01FA62_D8E1.SAFE,977,977,32.80493692,31.9611585,32.60226063,31.99354056,32.56327509,31.81756633,32.76595138,31.78518427,32.72458035,31.92420379,32.71109625,31.92635818,32.70618815,31.9042038,32.71967224,31.90204941,336,267,401,390,7995
ow,ow-0448.jpg,ow-0448.xml,ow-0448-01-001157,S1_20190623_035044_035223_VV_1,2019-06-23T03:50:44,2019-06-23T03:52:23,S1B_IW_GRDH_1SDV_20190623T035109_20190623T035134_016818_01FA62_8B22.SAFE,640,640,32.96125453,34.08691499,32.82465493,34.10757538,32.79910329,33.99239173,32.93570288,33.97173134,32.88464285,34.07469268,32.87930693,34.07549973,32.8759932,34.06056185,32.88132912,34.0597548,335,128,360,211,2075
ow,ow-0448.jpg,ow-0448.xml,ow-0448-02-001158,S1_20190623_035044_035223_VV_1,2019-06-23T03:50:44,2019-06-23T03:52:23,S1B_IW_GRDH_1SDV_20190623T035109_20190623T035134_016818_01FA62_8B22.SAFE,640,640,32.96125453,34.08691499,32.82465493,34.10757538,32.79910329,33.99239173,32.93570288,33.97173134,32.88469631,34.02222895,32.87402447,34.02384304,32.8699921,34.00566562,32.88066394,34.00405153,282,410,332,511,5050
ow,ow-0448.jpg,ow-0448.xml,ow-0448-03-001159,S1_20190623_035044_035223_VV_1,2019-06-23T03:50:44,2019-06-23T03:52:23,S1B_IW_GRDH_1SDV_20190623T035109_20190623T035134_016818_01FA62_8B22.SAFE,640,640,32.96125453,34.08691499,32.82465493,34.10757538,32.79910329,33.99239173,32.93570288,33.97173134,32.88442775,34.05184562,32.88207995,34.05220072,32.87892592,34.03798274,32.88127372,34.03762764,313,251,324,330,869
ow,ow-0448.jpg,ow-0448.xml,ow-0448-04-001160,S1_20190623_035044_035223_VV_1,2019-06-23T03:50:44,2019-06-23T03:52:23,S1B_IW_GRDH_1SDV_20190623T035109_20190623T035134_016818_01FA62_8B22.SAFE,640,640,32.96125453,34.08691499,32.82465493,34.10757538,32.79910329,33.99239173,32.93570288,33.97173134,32.88016661,34.03760908,32.87803224,34.0379319,32.87395995,34.0195745,32.87609432,34.01925168,318,331,328,433,1020
ow,ow-0449.jpg,ow-0449.xml,ow-0449-01-001161,S1_20190623_035044_035223_VV_2,2019-06-23T03:50:44,2019-06-23T03:52:23,S1B_IW_GRDH_1SDV_20190623T035109_20190623T035134_016818_01FA62_8B22.SAFE,640,640,31.20214889,33.8499971,31.06591429,33.86887108,31.04268296,33.7537947,31.17891757,33.73492072,31.12126241,33.80593726,31.11445068,33.80688096,31.11292612,33.79932907,31.11973785,33.79838537,329,299,361,341,1344
ow,ow-0450.jpg,ow-0450.xml,ow-0450-01-001162,S1_20190623_035044_035223_VV_3,2019-06-23T03:50:44,2019-06-23T03:52:23,S1B_IW_GRDH_1SDV_20190623T035134_20190623T035159_016818_01FA62_D8E1.SAFE,640,640,32.86142362,32.19592143,32.72778917,32.21710743,32.70210802,32.10184944,32.83574247,32.08066344,32.79481064,32.18317553,32.78019437,32.18549274,32.76498632,32.1172384,32.77960259,32.11492118,295,125,365,504,26530
ow,ow-0451.jpg,ow-0451.xml,ow-0451-01-001163,S1_20190623_035044_035223_VV_4,2019-06-23T03:50:44,2019-06-23T03:52:23,S1B_IW_GRDH_1SDV_20190623T035134_20190623T035159_016818_01FA62_D8E1.SAFE,640,640,31.58497389,32.26468325,31.45161854,32.28450374,31.42775348,32.16931345,31.56110883,32.14949297,31.48929064,32.21545431,31.4482422,32.2215553,31.44212678,32.19203779,31.48317522,32.1859368,398,342,595,506,32308
ow,ow-0451.jpg,ow-0451.xml,ow-0451-02-001164,S1_20190623_035044_035223_VV_4,2019-06-23T03:50:44,2019-06-23T03:52:23,S1B_IW_GRDH_1SDV_20190623T035134_20190623T035159_016818_01FA62_D8E1.SAFE,640,640,31.58497389,32.26468325,31.45161854,32.28450374,31.42775348,32.16931345,31.56110883,32.14949297,31.52449889,32.26513735,31.46636429,32.27377785,31.46121839,32.24893994,31.51935298,32.24029945,282,46,561,184,38502
ow,ow-0452.jpg,ow-0452.xml,ow-0452-01-001165,S1_20190623_035044_035223_VV_5,2019-06-23T03:50:44,2019-06-23T03:52:23,S1B_IW_GRDH_1SDV_20190623T035134_20190623T035159_016818_01FA62_D8E1.SAFE,640,640,31.45794896,32.31526378,31.32370897,32.33502526,31.29975115,32.21984898,31.43399114,32.2000875,31.43147532,32.25554352,31.39812507,32.26045301,31.39419449,32.2415569,31.42754473,32.23664741,65,343,224,448,16695
ow,ow-0452.jpg,ow-0452.xml,ow-0452-02-001166,S1_20190623_035044_035223_VV_5,2019-06-23T03:50:44,2019-06-23T03:52:23,S1B_IW_GRDH_1SDV_20190623T035134_20190623T035159_016818_01FA62_D8E1.SAFE,640,640,31.45794896,32.31526378,31.32370897,32.33502526,31.29975115,32.21984898,31.43399114,32.2000875,31.39273812,32.26885044,31.38329937,32.27023992,31.38202661,32.26412118,31.39146536,32.2627317,257,302,302,336,1530
ow,ow-0453.jpg,ow-0453.xml,ow-0453-01-001167,S1_20190623_035044_035223_VV_6,2019-06-23T03:50:44,2019-06-23T03:52:23,S1B_IW_GRDH_1SDV_20190623T035134_20190623T035159_016818_01FA62_D8E1.SAFE,640,640,31.70143705,32.15989638,31.56819711,32.1799962,31.54399513,32.06478404,31.67723507,32.04468422,31.63115663,32.11366705,31.60950514,32.11693327,31.60636644,32.1019917,31.62801794,32.09872547,282,306,386,389,8632
ow,ow-0454.jpg,ow-0454.xml,ow-0454-01-001168,S1_20190623_035044_035223_VV_8,2019-06-23T03:50:44,2019-06-23T03:52:23,S1B_IW_GRDH_1SDV_20190623T035134_20190623T035159_016818_01FA62_D8E1.SAFE,808,808,32.04345122,31.83555375,31.87545507,31.86145847,31.84426442,31.71596697,32.01226057,31.69006225,31.94701292,31.81452325,31.86800483,31.82670617,31.85661715,31.77358736,31.93562524,31.76140445,428,193,808,488,112100
ow,ow-0454.jpg,ow-0454.xml,ow-0454-02-001169,S1_20190623_035044_035223_VV_8,2019-06-23T03:50:44,2019-06-23T03:52:23,S1B_IW_GRDH_1SDV_20190623T035134_20190623T035159_016818_01FA62_D8E1.SAFE,808,808,32.04345122,31.83555375,31.87545507,31.86145847,31.84426442,31.71596697,32.01226057,31.69006225,32.02318159,31.74901951,31.9389756,31.76200393,31.93418891,31.73967603,32.0183949,31.72669161,8,482,413,606,50220
ow,ow-0455.jpg,ow-0455.xml,ow-0455-01-001170,S1_20190623_035044_035223_VV_9,2019-06-23T03:50:44,2019-06-23T03:52:23,S1B_IW_GRDH_1SDV_20190623T035134_20190623T035159_016818_01FA62_D8E1.SAFE,640,640,32.52514955,31.71090745,32.39226318,31.7318429,32.36705731,31.61657999,32.49994368,31.59564454,32.45508153,31.65077848,32.45196701,31.65126916,32.45106117,31.6471269,32.4541757,31.64663622,265,382,280,405,345
ow,ow-0455.jpg,ow-0455.xml,ow-0455-02-001171,S1_20190623_035044_035223_VV_9,2019-06-23T03:50:44,2019-06-23T03:52:23,S1B_IW_GRDH_1SDV_20190623T035134_20190623T035159_016818_01FA62_D8E1.SAFE,640,640,32.52514955,31.71090745,32.39226318,31.7318429,32.36705731,31.61657999,32.49994368,31.59564454,32.44027576,31.68031129,32.43778414,31.68070383,32.43735092,31.67872275,32.43984254,31.67833021,364,236,376,247,132
ow,ow-0456.jpg,ow-0456.xml,ow-0456-01-001172,S1_20190623_035044_035223_VV_10,2019-06-23T03:50:44,2019-06-23T03:52:23,S1B_IW_GRDH_1SDV_20190623T035134_20190623T035159_016818_01FA62_D8E1.SAFE,640,640,32.73982933,31.64109643,32.60706287,31.66230883,32.58152474,31.54703401,32.7142912,31.5258216,32.69449248,31.61775525,32.69158822,31.61821927,32.69126899,31.61677834,32.69417326,31.61631432,187,164,201,172,112
ow,ow-0456.jpg,ow-0456.xml,ow-0456-02-001173,S1_20190623_035044_035223_VV_10,2019-06-23T03:50:44,2019-06-23T03:52:23,S1B_IW_GRDH_1SDV_20190623T035134_20190623T035159_016818_01FA62_D8E1.SAFE,640,640,32.73982933,31.64109643,32.60706287,31.66230883,32.58152474,31.54703401,32.7142912,31.5258216,32.66474792,31.62698343,32.65997662,31.62774575,32.65949778,31.62558434,32.66426908,31.62482202,335,140,358,152,276
ow,ow-0456.jpg,ow-0456.xml,ow-0456-03-001174,S1_20190623_035044_035223_VV_10,2019-06-23T03:50:44,2019-06-23T03:52:23,S1B_IW_GRDH_1SDV_20190623T035134_20190623T035159_016818_01FA62_D8E1.SAFE,640,640,32.73982933,31.64109643,32.60706287,31.66230883,32.58152474,31.54703401,32.7142912,31.5258216,32.66240551,31.53690888,32.65908635,31.53743919,32.6584878,31.53473744,32.66180696,31.53420713,253,625,269,640,240
ow,ow-0456.jpg,ow-0456.xml,ow-0456-04-001175,S1_20190623_035044_035223_VV_10,2019-06-23T03:50:44,2019-06-23T03:52:23,S1B_IW_GRDH_1SDV_20190623T035134_20190623T035159_016818_01FA62_D8E1.SAFE,640,640,32.73982933,31.64109643,32.60706287,31.66230883,32.58152474,31.54703401,32.7142912,31.5258216,32.70782365,31.58970286,32.70346725,31.59039889,32.70302832,31.58841761,32.70738472,31.58772158,96,303,117,314,231
ow,ow-0456.jpg,ow-0456.xml,ow-0456-05-001176,S1_20190623_035044_035223_VV_10,2019-06-23T03:50:44,2019-06-23T03:52:23,S1B_IW_GRDH_1SDV_20190623T035134_20190623T035159_016818_01FA62_D8E1.SAFE,640,640,32.73982933,31.64109643,32.60706287,31.66230883,32.58152474,31.54703401,32.7142912,31.5258216,32.73176886,31.60471281,32.72927948,31.60511054,32.72900016,31.60384972,32.73148953,31.60345199,0,202,12,209,84
ow,ow-0456.jpg,ow-0456.xml,ow-0456-06-001177,S1_20190623_035044_035223_VV_10,2019-06-23T03:50:44,2019-06-23T03:52:23,S1B_IW_GRDH_1SDV_20190623T035134_20190623T035159_016818_01FA62_D8E1.SAFE,640,640,32.73982933,31.64109643,32.60706287,31.66230883,32.58152474,31.54703401,32.7142912,31.5258216,32.70419046,31.53452213,32.7012862,31.53498615,32.70080736,31.53282475,32.70371162,31.53236073,56,602,70,614,168
ow,ow-0456.jpg,ow-0456.xml,ow-0456-07-001178,S1_20190623_035044_035223_VV_10,2019-06-23T03:50:44,2019-06-23T03:52:23,S1B_IW_GRDH_1SDV_20190623T035134_20190623T035159_016818_01FA62_D8E1.SAFE,640,640,32.73982933,31.64109643,32.60706287,31.66230883,32.58152474,31.54703401,32.7142912,31.5258216,32.70419046,31.53452213,32.7012862,31.53498615,32.70080736,31.53282475,32.70371162,31.53236073,56,602,70,614,168
ow,ow-0457.jpg,ow-0457.xml,ow-0457-01-001179,S1_20190623_035044_035223_VV_13,2019-06-23T03:50:44,2019-06-23T03:52:23,S1B_IW_GRDH_1SDV_20190623T035134_20190623T035159_016818_01FA62_D8E1.SAFE,640,640,32.70332149,31.20235019,32.57145776,31.22372534,32.54570264,31.10845654,32.67756637,31.08708139,32.6425999,31.16086971,32.61334264,31.16561232,32.60698434,31.13715533,32.63624161,31.13241272,241,275,383,433,22436
ow,ow-0458.jpg,ow-0458.xml,ow-0458-01-001180,S1_20190623_154011_154151_VV_0,2019-06-23T15:40:11,2019-06-23T15:41:51,S1A_IW_GRDH_1SDV_20190623T154126_20190623T154151_027809_0323A6_DF6C.SAFE,2804,2804,34.15410031,34.07250755,34.75528554,34.16227142,34.64430572,34.66696854,34.04312048,34.57720467,34.2808067,34.15388916,34.29409967,34.15587395,34.29307062,34.16055374,34.27977765,34.15856895,653,336,715,362,1612
ow,ow-0458.jpg,ow-0458.xml,ow-0458-02-001181,S1_20190623_154011_154151_VV_0,2019-06-23T15:40:11,2019-06-23T15:41:51,S1A_IW_GRDH_1SDV_20190623T154126_20190623T154151_027809_0323A6_DF6C.SAFE,2804,2804,34.15410031,34.07250755,34.75528554,34.16227142,34.64430572,34.66696854,34.04312048,34.57720467,34.15368144,34.07541943,34.6071432,34.14312648,34.55367182,34.38629546,34.10021007,34.31858841,1,16,2116,1367,2857365
ow,ow-0458.jpg,ow-0458.xml,ow-0458-03-001182,S1_20190623_154011_154151_VV_0,2019-06-23T15:40:11,2019-06-23T15:41:51,S1A_IW_GRDH_1SDV_20190623T154126_20190623T154151_027809_0323A6_DF6C.SAFE,2804,2804,34.15410031,34.07250755,34.75528554,34.16227142,34.64430572,34.66696854,34.04312048,34.57720467,34.65919226,34.27600969,34.66819718,34.27735423,34.66309147,34.30057317,34.65408656,34.29922864,2483,689,2525,818,5418
ow,ow-0459.jpg,ow-0459.xml,ow-0459-01-001183,S1_20190623_154011_154151_VV_1,2019-06-23T15:40:11,2019-06-23T15:41:51,S1A_IW_GRDH_1SDV_20190623T154101_20190623T154126_027809_0323A6_698E.SAFE,640,640,34.37336574,32.36624798,34.50760117,32.38713497,34.48217917,32.50238474,34.34794373,32.48149776,34.42645201,32.43243457,34.42896892,32.43282621,34.42805532,32.43696799,34.4255384,32.43657636,312,311,324,334,276
ow,ow-0460.jpg,ow-0460.xml,ow-0460-01-001184,S1_20190623_154011_154151_VV_2,2019-06-23T15:40:11,2019-06-23T15:41:51,S1A_IW_GRDH_1SDV_20190623T154101_20190623T154126_027809_0323A6_698E.SAFE,640,640,34.49261337,32.87503521,34.62684881,32.8959222,34.6014268,33.01117198,34.46719137,32.99028499,34.54555821,32.93989599,34.54975306,32.94054871,34.54848196,32.9463112,34.54428711,32.94565848,310,304,330,336,640
ow,ow-0461.jpg,ow-0461.xml,ow-0461-01-001185,S1_20190623_154011_154151_VV_3,2019-06-23T15:40:11,2019-06-23T15:41:51,S1A_IW_GRDH_1SDV_20190623T154101_20190623T154126_027809_0323A6_698E.SAFE,640,640,33.77267363,33.23448932,33.90756683,33.25593802,33.88128411,33.37118147,33.74639091,33.34973277,33.82897182,33.29792755,33.84056421,33.29977079,33.83916794,33.3058931,33.82757555,33.30404985,324,292,379,326,1870
ow,ow-0461.jpg,ow-0461.xml,ow-0461-02-001186,S1_20190623_154011_154151_VV_3,2019-06-23T15:40:11,2019-06-23T15:41:51,S1A_IW_GRDH_1SDV_20190623T154101_20190623T154126_027809_0323A6_698E.SAFE,640,640,33.77267363,33.23448932,33.90756683,33.25593802,33.88128411,33.37118147,33.74639091,33.34973277,33.84395586,33.29639153,33.85091129,33.29749748,33.85021315,33.30055863,33.84325772,33.29945269,391,271,424,288,561
ow,ow-0461.jpg,ow-0461.xml,ow-0461-03-001187,S1_20190623_154011_154151_VV_3,2019-06-23T15:40:11,2019-06-23T15:41:51,S1A_IW_GRDH_1SDV_20190623T154101_20190623T154126_027809_0323A6_698E.SAFE,640,640,33.77267363,33.23448932,33.90756683,33.25593802,33.88128411,33.37118147,33.74639091,33.34973277,33.80403749,33.30478553,33.80867445,33.30552283,33.80789418,33.30894412,33.80325723,33.30820682,217,350,239,369,418
ow,ow-0462.jpg,ow-0462.xml,ow-0462-01-001188,S1_20190623_154011_154151_VV_4,2019-06-23T15:40:11,2019-06-23T15:41:51,S1A_IW_GRDH_1SDV_20190623T154101_20190623T154126_027809_0323A6_698E.SAFE,640,640,34.27833041,33.52775067,34.41396314,33.5485923,34.38832663,33.66380764,34.25269389,33.64296601,34.32846449,33.589074,34.34181583,33.5911256,34.33921212,33.60282716,34.32586078,33.60077556,291,288,354,353,4095
ow,ow-0463.jpg,ow-0463.xml,ow-0463-01-001189,S1_20190624_034301_034441_VV_0,2019-06-24T03:43:01,2019-06-24T03:44:41,S1A_IW_GRDH_1SDV_20190624T034351_20190624T034416_027816_0323DB_253E.SAFE,1748,1748,33.50681219,32.56553229,33.13978265,32.61863835,33.07421848,32.30405604,33.44124802,32.25094997,33.49921313,32.53010917,33.21659198,32.57100206,33.16869412,32.3411842,33.45131527,32.30029131,1,197,1347,1474,1718842
ow,ow-0463.jpg,ow-0463.xml,ow-0463-02-001190,S1_20190624_034301_034441_VV_0,2019-06-24T03:43:01,2019-06-24T03:44:41,S1A_IW_GRDH_1SDV_20190624T034351_20190624T034416_027816_0323DB_253E.SAFE,1748,1748,33.50681219,32.56553229,33.13978265,32.61863835,33.07421848,32.30405604,33.44124802,32.25094997,33.50656472,32.5653827,33.22814299,32.60566797,33.17855727,32.36775159,33.456979,32.32746633,1,1,1327,1323,1752972
ow,ow-0464.jpg,ow-0464.xml,ow-0464-01-001191,S1_20190624_034301_034441_VV_3,2019-06-24T03:43:01,2019-06-24T03:44:41,S1A_IW_GRDH_1SDV_20190624T034351_20190624T034416_027816_0323DB_253E.SAFE,640,640,33.65111885,32.59271461,33.51691471,32.61259538,33.49237864,32.49738143,33.62658278,32.47750066,33.51022416,32.53039243,33.50582059,32.53104477,33.50424875,32.52366388,33.50865232,32.52301154,590,448,611,489,861
ow,ow-0464.jpg,ow-0464.xml,ow-0464-02-001192,S1_20190624_034301_034441_VV_3,2019-06-24T03:43:01,2019-06-24T03:44:41,S1A_IW_GRDH_1SDV_20190624T034351_20190624T034416_027816_0323DB_253E.SAFE,640,640,33.65111885,32.59271461,33.51691471,32.61259538,33.49237864,32.49738143,33.62658278,32.47750066,33.55301688,32.57084986,33.54400004,32.5721856,33.54005127,32.55364335,33.54906811,32.55230761,432,196,475,299,4429
ow,ow-0465.jpg,ow-0465.xml,ow-0465-01-001193,S1_20190624_034301_034441_VV_4,2019-06-24T03:43:01,2019-06-24T03:44:41,S1A_IW_GRDH_1SDV_20190624T034351_20190624T034416_027816_0323DB_253E.SAFE,640,640,33.07468288,32.30583018,32.94116437,32.32504387,32.91778308,32.20984782,33.05130159,32.19063414,33.06208376,32.28078183,33.05478197,32.28183258,33.05258997,32.27103295,33.05989177,32.2699822,35,145,70,205,2100
ow,ow-0465.jpg,ow-0465.xml,ow-0465-02-001194,S1_20190624_034301_034441_VV_4,2019-06-24T03:43:01,2019-06-24T03:44:41,S1A_IW_GRDH_1SDV_20190624T034351_20190624T034416_027816_0323DB_253E.SAFE,640,640,33.07468288,32.30583018,32.94116437,32.32504387,32.91778308,32.20984782,33.05130159,32.19063414,33.01863731,32.24127688,33.00445096,32.24331834,33.00057844,32.22423899,33.01476478,32.22219754,200,392,268,498,7208
ow,ow-0465.jpg,ow-0465.xml,ow-0465-03-001195,S1_20190624_034301_034441_VV_4,2019-06-24T03:43:01,2019-06-24T03:44:41,S1A_IW_GRDH_1SDV_20190624T034351_20190624T034416_027816_0323DB_253E.SAFE,640,640,33.07468288,32.30583018,32.94116437,32.32504387,32.91778308,32.20984782,33.05130159,32.19063414,33.0283551,32.24895577,33.0191757,32.25027671,33.0173125,32.24109702,33.0264919,32.23977608,162,343,206,394,2244
ow,ow-0466.jpg,ow-0466.xml,ow-0466-01-001196,S1_20190624_034301_034441_VV_5,2019-06-24T03:43:01,2019-06-24T03:44:41,S1A_IW_GRDH_1SDV_20190624T034351_20190624T034416_027816_0323DB_253E.SAFE,640,640,33.44121164,32.16347755,33.30778558,32.18312837,33.2838862,32.06789214,33.41731227,32.04824132,33.36498537,32.11810935,33.36019037,32.11881555,33.3589954,32.11305374,33.3637904,32.11234754,311,305,334,337,736
ow,ow-0467.jpg,ow-0467.xml,ow-0467-01-001197,S1_20190624_034301_034441_VV_7,2019-06-24T03:43:01,2019-06-24T03:44:41,S1A_IW_GRDH_1SDV_20190624T034416_20190624T034441_027816_0323DB_9B01.SAFE;S1A_IW_GRDH_1SDV_20190624T034351_20190624T034416_027816_0323DB_253E.SAFE,640,640,32.86523609,32.08176779,32.73173869,32.10082778,32.70853043,31.9856458,32.84202783,31.9665858,32.81845807,32.08178111,32.81094885,32.08285323,32.80938954,32.07511445,32.81689877,32.07404232,218,36,254,79,1548
ow,ow-0467.jpg,ow-0467.xml,ow-0467-02-001198,S1_20190624_034301_034441_VV_7,2019-06-24T03:43:01,2019-06-24T03:44:41,S1A_IW_GRDH_1SDV_20190624T034416_20190624T034441_027816_0323DB_9B01.SAFE;S1A_IW_GRDH_1SDV_20190624T034351_20190624T034416_027816_0323DB_253E.SAFE,640,640,32.86523609,32.08176779,32.73173869,32.10082778,32.70853043,31.9856458,32.84202783,31.9665858,32.78610932,32.07566102,32.72853857,32.08388065,32.71000822,31.99191503,32.76757897,31.98369541,363,94,639,605,141036
ow,ow-0468.jpg,ow-0468.xml,ow-0468-01-001199,S1_20190624_034301_034441_VV_8,2019-06-24T03:43:01,2019-06-24T03:44:41,S1A_IW_GRDH_1SDV_20190624T034416_20190624T034441_027816_0323DB_9B01.SAFE,640,640,34.15930723,31.77051168,34.02623219,31.79101284,34.00130563,31.67571525,34.13438067,31.65521408,34.08500904,31.73095201,34.07502842,31.7324896,34.07097785,31.71375374,34.08095848,31.71221615,306,274,354,378,4992
ow,ow-0469.jpg,ow-0469.xml,ow-0469-01-001200,S1_20190624_034301_034441_VV_12,2019-06-24T03:43:01,2019-06-24T03:44:41,S1A_IW_GRDH_1SDV_20190624T034416_20190624T034441_027816_0323DB_9B01.SAFE,640,640,34.27252502,31.51315886,34.14037119,31.53384141,34.11529815,31.4185331,34.24745199,31.39785055,34.21233562,31.41899563,34.21130316,31.41915721,34.21095057,31.41753569,34.21198303,31.41737411,186,556,191,565,45
ow,ow-0469.jpg,ow-0469.xml,ow-0469-02-001201,S1_20190624_034301_034441_VV_12,2019-06-24T03:43:01,2019-06-24T03:44:41,S1A_IW_GRDH_1SDV_20190624T034416_20190624T034441_027816_0323DB_9B01.SAFE,640,640,34.27252502,31.51315886,34.14037119,31.53384141,34.11529815,31.4185331,34.24745199,31.39785055,34.18076706,31.41816091,34.17890864,31.41845175,34.17761582,31.41250617,34.17947423,31.41221532,333,587,342,620,297
ow,ow-0469.jpg,ow-0469.xml,ow-0469-03-001202,S1_20190624_034301_034441_VV_12,2019-06-24T03:43:01,2019-06-24T03:44:41,S1A_IW_GRDH_1SDV_20190624T034416_20190624T034441_027816_0323DB_9B01.SAFE,640,640,34.27252502,31.51315886,34.14037119,31.53384141,34.11529815,31.4185331,34.24745199,31.39785055,34.18625984,31.41003555,34.18378196,31.41042334,34.18323348,31.40790097,34.18571137,31.40751318,299,626,311,640,168
ow,ow-0469.jpg,ow-0469.xml,ow-0469-04-001203,S1_20190624_034301_034441_VV_12,2019-06-24T03:43:01,2019-06-24T03:44:41,S1A_IW_GRDH_1SDV_20190624T034416_20190624T034441_027816_0323DB_9B01.SAFE,640,640,34.27252502,31.51315886,34.14037119,31.53384141,34.11529815,31.4185331,34.24745199,31.39785055,34.19018316,31.40942153,34.18853124,31.40968006,34.18798276,31.40715769,34.18963469,31.40689916,280,626,288,640,112
ow,ow-0469.jpg,ow-0469.xml,ow-0469-05-001204,S1_20190624_034301_034441_VV_12,2019-06-24T03:43:01,2019-06-24T03:44:41,S1A_IW_GRDH_1SDV_20190624T034416_20190624T034441_027816_0323DB_9B01.SAFE,640,640,34.27252502,31.51315886,34.14037119,31.53384141,34.11529815,31.4185331,34.24745199,31.39785055,34.23428894,31.4315817,34.23387596,31.43164633,34.2336409,31.43056532,34.23405388,31.43050069,96,470,98,476,12
ow,ow-0469.jpg,ow-0469.xml,ow-0469-06-001205,S1_20190624_034301_034441_VV_12,2019-06-24T03:43:01,2019-06-24T03:44:41,S1A_IW_GRDH_1SDV_20190624T034416_20190624T034441_027816_0323DB_9B01.SAFE,640,640,34.27252502,31.51315886,34.14037119,31.53384141,34.11529815,31.4185331,34.24745199,31.39785055,34.23113034,31.42294731,34.22865246,31.42333511,34.22829987,31.42171358,34.23077775,31.42132578,102,519,114,528,108
ow,ow-0469.jpg,ow-0469.xml,ow-0469-07-001206,S1_20190624_034301_034441_VV_12,2019-06-24T03:43:01,2019-06-24T03:44:41,S1A_IW_GRDH_1SDV_20190624T034416_20190624T034441_027816_0323DB_9B01.SAFE,640,640,34.27252502,31.51315886,34.14037119,31.53384141,34.11529815,31.4185331,34.24745199,31.39785055,34.23366621,31.43559147,34.23284025,31.43572074,34.23260519,31.43463972,34.23343115,31.43451046,103,449,107,455,24
ow,ow-0469.jpg,ow-0469.xml,ow-0469-08-001207,S1_20190624_034301_034441_VV_12,2019-06-24T03:43:01,2019-06-24T03:44:41,S1A_IW_GRDH_1SDV_20190624T034416_20190624T034441_027816_0323DB_9B01.SAFE,640,640,34.27252502,31.51315886,34.14037119,31.53384141,34.11529815,31.4185331,34.24745199,31.39785055,34.21131462,31.42902935,34.21028217,31.42919093,34.2098904,31.42738924,34.21092285,31.42722765,201,503,206,513,50
ow,ow-0469.jpg,ow-0469.xml,ow-0469-09-001208,S1_20190624_034301_034441_VV_12,2019-06-24T03:43:01,2019-06-24T03:44:41,S1A_IW_GRDH_1SDV_20190624T034416_20190624T034441_027816_0323DB_9B01.SAFE,640,640,34.27252502,31.51315886,34.14037119,31.53384141,34.11529815,31.4185331,34.24745199,31.39785055,34.2051028,31.43875764,34.20345087,31.43901618,34.20313746,31.43757482,34.20478938,31.43731629,240,456,248,464,64
ow,ow-0469.jpg,ow-0469.xml,ow-0469-10-001209,S1_20190624_034301_034441_VV_12,2019-06-24T03:43:01,2019-06-24T03:44:41,S1A_IW_GRDH_1SDV_20190624T034416_20190624T034441_027816_0323DB_9B01.SAFE,640,640,34.27252502,31.51315886,34.14037119,31.53384141,34.11529815,31.4185331,34.24745199,31.39785055,34.24543121,31.41605166,34.24315982,31.41640714,34.24280723,31.41478562,34.24507862,31.41443013,28,544,39,553,99
ow,ow-0469.jpg,ow-0469.xml,ow-0469-11-001210,S1_20190624_034301_034441_VV_12,2019-06-24T03:43:01,2019-06-24T03:44:41,S1A_IW_GRDH_1SDV_20190624T034416_20190624T034441_027816_0323DB_9B01.SAFE,640,640,34.27252502,31.51315886,34.14037119,31.53384141,34.11529815,31.4185331,34.24745199,31.39785055,34.24592099,31.44187078,34.24447556,31.44209699,34.24400544,31.43993496,34.24545087,31.43970875,52,405,59,417,84
ow,ow-0469.jpg,ow-0469.xml,ow-0469-12-001211,S1_20190624_034301_034441_VV_12,2019-06-24T03:43:01,2019-06-24T03:44:41,S1A_IW_GRDH_1SDV_20190624T034416_20190624T034441_027816_0323DB_9B01.SAFE,640,640,34.27252502,31.51315886,34.14037119,31.53384141,34.11529815,31.4185331,34.24745199,31.39785055,34.23204696,31.44385581,34.22998206,31.44417898,34.22959029,31.44237728,34.2316552,31.44205412,119,406,129,416,100
ow,ow-0469.jpg,ow-0469.xml,ow-0469-13-001212,S1_20190624_034301_034441_VV_12,2019-06-24T03:43:01,2019-06-24T03:44:41,S1A_IW_GRDH_1SDV_20190624T034416_20190624T034441_027816_0323DB_9B01.SAFE,640,640,34.27252502,31.51315886,34.14037119,31.53384141,34.11529815,31.4185331,34.24745199,31.39785055,34.22162358,31.41064891,34.21997166,31.41090744,34.21969742,31.40964626,34.22134934,31.40938773,134,593,142,600,56
ow,ow-0469.jpg,ow-0469.xml,ow-0469-14-001213,S1_20190624_034301_034441_VV_12,2019-06-24T03:43:01,2019-06-24T03:44:41,S1A_IW_GRDH_1SDV_20190624T034416_20190624T034441_027816_0323DB_9B01.SAFE,640,640,34.27252502,31.51315886,34.14037119,31.53384141,34.11529815,31.4185331,34.24745199,31.39785055,34.22558947,31.45343626,34.22331808,31.45379174,34.22088913,31.44262124,34.22316052,31.44226576,159,360,170,422,682
ow,ow-0469.jpg,ow-0469.xml,ow-0469-15-001214,S1_20190624_034301_034441_VV_12,2019-06-24T03:43:01,2019-06-24T03:44:41,S1A_IW_GRDH_1SDV_20190624T034416_20190624T034441_027816_0323DB_9B01.SAFE,640,640,34.27252502,31.51315886,34.14037119,31.53384141,34.11529815,31.4185331,34.24745199,31.39785055,34.20705583,31.41926303,34.203339,31.41984473,34.20118429,31.40993542,34.20490111,31.40935373,211,559,229,614,990
ow,ow-0469.jpg,ow-0469.xml,ow-0469-16-001215,S1_20190624_034301_034441_VV_12,2019-06-24T03:43:01,2019-06-24T03:44:41,S1A_IW_GRDH_1SDV_20190624T034416_20190624T034441_027816_0323DB_9B01.SAFE,640,640,34.27252502,31.51315886,34.14037119,31.53384141,34.11529815,31.4185331,34.24745199,31.39785055,34.20975491,31.42480223,34.20645107,31.4253193,34.20468812,31.41721168,34.20799196,31.41669462,204,527,220,572,720
ow,ow-0469.jpg,ow-0469.xml,ow-0469-17-001216,S1_20190624_034301_034441_VV_12,2019-06-24T03:43:01,2019-06-24T03:44:41,S1A_IW_GRDH_1SDV_20190624T034416_20190624T034441_027816_0323DB_9B01.SAFE,640,640,34.27252502,31.51315886,34.14037119,31.53384141,34.11529815,31.4185331,34.24745199,31.39785055,34.23428894,31.4315817,34.23387596,31.43164633,34.2336409,31.43056532,34.23405388,31.43050069,96,470,98,476,12
ow,ow-0469.jpg,ow-0469.xml,ow-0469-18-001217,S1_20190624_034301_034441_VV_12,2019-06-24T03:43:01,2019-06-24T03:44:41,S1A_IW_GRDH_1SDV_20190624T034416_20190624T034441_027816_0323DB_9B01.SAFE,640,640,34.27252502,31.51315886,34.14037119,31.53384141,34.11529815,31.4185331,34.24745199,31.39785055,34.23366621,31.43559147,34.23284025,31.43572074,34.23260519,31.43463972,34.23343115,31.43451046,103,449,107,455,24
ow,ow-0469.jpg,ow-0469.xml,ow-0469-19-001218,S1_20190624_034301_034441_VV_12,2019-06-24T03:43:01,2019-06-24T03:44:41,S1A_IW_GRDH_1SDV_20190624T034416_20190624T034441_027816_0323DB_9B01.SAFE,640,640,34.27252502,31.51315886,34.14037119,31.53384141,34.11529815,31.4185331,34.24745199,31.39785055,34.2634434,31.47433925,34.26034605,31.474824,34.25952334,31.47104045,34.26262069,31.4705557,3,216,18,237,315
ow,ow-0469.jpg,ow-0469.xml,ow-0469-20-001219,S1_20190624_034301_034441_VV_12,2019-06-24T03:43:01,2019-06-24T03:44:41,S1A_IW_GRDH_1SDV_20190624T034416_20190624T034441_027816_0323DB_9B01.SAFE,640,640,34.27252502,31.51315886,34.14037119,31.53384141,34.11529815,31.4185331,34.24745199,31.39785055,34.20763372,31.43370403,34.20515583,31.43409183,34.20460736,31.43156946,34.20708525,31.43118166,223,481,235,495,168
ow,ow-0469.jpg,ow-0469.xml,ow-0469-21-001220,S1_20190624_034301_034441_VV_12,2019-06-24T03:43:01,2019-06-24T03:44:41,S1A_IW_GRDH_1SDV_20190624T034416_20190624T034441_027816_0323DB_9B01.SAFE,640,640,34.27252502,31.51315886,34.14037119,31.53384141,34.11529815,31.4185331,34.24745199,31.39785055,34.25363129,31.42725045,34.2511534,31.42763825,34.24974304,31.42115216,34.25222093,31.42076436,1,477,13,513,432
ow,ow-0469.jpg,ow-0469.xml,ow-0469-22-001221,S1_20190624_034301_034441_VV_12,2019-06-24T03:43:01,2019-06-24T03:44:41,S1A_IW_GRDH_1SDV_20190624T034416_20190624T034441_027816_0323DB_9B01.SAFE,640,640,34.27252502,31.51315886,34.14037119,31.53384141,34.11529815,31.4185331,34.24745199,31.39785055,34.24726375,31.49419738,34.24395991,31.49471444,34.24325473,31.49147139,34.24655857,31.49095433,99,123,115,141,288
ow,ow-0469.jpg,ow-0469.xml,ow-0469-23-001222,S1_20190624_034301_034441_VV_12,2019-06-24T03:43:01,2019-06-24T03:44:41,S1A_IW_GRDH_1SDV_20190624T034416_20190624T034441_027816_0323DB_9B01.SAFE,640,640,34.27252502,31.51315886,34.14037119,31.53384141,34.11529815,31.4185331,34.24745199,31.39785055,34.25353441,31.50830634,34.251676,31.50859719,34.25112753,31.50607482,34.25298594,31.50578397,84,42,93,56,126
ow,ow-0469.jpg,ow-0469.xml,ow-0469-24-001223,S1_20190624_034301_034441_VV_12,2019-06-24T03:43:01,2019-06-24T03:44:41,S1A_IW_GRDH_1SDV_20190624T034416_20190624T034441_027816_0323DB_9B01.SAFE,640,640,34.27252502,31.51315886,34.14037119,31.53384141,34.11529815,31.4185331,34.24745199,31.39785055,34.26501301,31.51396192,34.26253513,31.51434971,34.26206501,31.51218768,34.2645429,31.51179988,36,2,48,14,144
ow,ow-0470.jpg,ow-0470.xml,ow-0470-01-001224,S1_20190624_034301_034441_VV_14,2019-06-24T03:43:01,2019-06-24T03:44:41,S1A_IW_GRDH_1SDV_20190624T034416_20190624T034441_027816_0323DB_9B01.SAFE,640,640,32.80557232,31.55423119,32.67294967,31.57336815,32.64970415,31.45818543,32.7823268,31.43904847,32.7608111,31.5067928,32.75417996,31.50774964,32.75141956,31.4940717,32.75805069,31.49311485,165,291,197,367,2432
ow,ow-0470.jpg,ow-0470.xml,ow-0470-02-001225,S1_20190624_034301_034441_VV_14,2019-06-24T03:43:01,2019-06-24T03:44:41,S1A_IW_GRDH_1SDV_20190624T034416_20190624T034441_027816_0323DB_9B01.SAFE,640,640,32.80557232,31.55423119,32.67294967,31.57336815,32.64970415,31.45818543,32.7823268,31.43904847,32.70565806,31.52938308,32.69985581,31.53022032,32.69789447,31.52050178,32.70369671,31.51966454,445,212,473,266,1512
ow,ow-0470.jpg,ow-0470.xml,ow-0470-03-001226,S1_20190624_034301_034441_VV_14,2019-06-24T03:43:01,2019-06-24T03:44:41,S1A_IW_GRDH_1SDV_20190624T034416_20190624T034441_027816_0323DB_9B01.SAFE,640,640,32.80557232,31.55423119,32.67294967,31.57336815,32.64970415,31.45818543,32.7823268,31.43904847,32.7521823,31.49785113,32.74389339,31.49904719,32.74091505,31.4842894,32.74920397,31.48309334,197,346,237,428,3280
ow,ow-0471.jpg,ow-0471.xml,ow-0471-01-001227,S1_20190626_160452_160632_VV_1,2019-06-26T16:04:52,2019-06-26T16:06:32,S1A_IW_GRDH_1SDV_20190626T160517_20190626T160542_027853_032501_FC2B.SAFE,640,640,30.14886072,31.32416827,30.28114119,31.34360283,30.25759851,31.45906613,30.12531804,31.43963156,30.20244494,31.38815723,30.20554526,31.38861273,30.20422099,31.39510754,30.20112066,31.39465204,313,302,328,338,540
ow,ow-0471.jpg,ow-0471.xml,ow-0471-02-001228,S1_20190626_160452_160632_VV_1,2019-06-26T16:04:52,2019-06-26T16:06:32,S1A_IW_GRDH_1SDV_20190626T160517_20190626T160542_027853_032501_FC2B.SAFE,640,640,30.14886072,31.32416827,30.28114119,31.34360283,30.25759851,31.45906613,30.12531804,31.43963156,30.14782315,31.38459181,30.15154353,31.38513841,30.14815927,31.40173626,30.14443888,31.40118966,53,326,71,418,1656
ow,ow-0472.jpg,ow-0472.xml,ow-0472-01-001229,S1_20190627_155614_155639_VV_1,2019-06-27T15:56:14,2019-06-27T15:56:39,S1B_IW_GRDH_1SDV_20190627T155614_20190627T155639_016884_01FC51_DE9E.SAFE,640,640,31.61036361,31.49292661,31.74304409,31.51296205,31.7190326,31.62804404,31.58635212,31.6080086,31.61568041,31.59555855,31.61733892,31.595809,31.61651352,31.59976494,31.61485502,31.5995145,125,549,133,571,176
ow,ow-0472.jpg,ow-0472.xml,ow-0472-02-001230,S1_20190627_155614_155639_VV_1,2019-06-27T15:56:14,2019-06-27T15:56:39,S1B_IW_GRDH_1SDV_20190627T155614_20190627T155639_016884_01FC51_DE9E.SAFE,640,640,31.61036361,31.49292661,31.74304409,31.51296205,31.7190326,31.62804404,31.58635212,31.6080086,31.71220351,31.52036123,31.71531321,31.52083081,31.71433774,31.52550601,31.71122804,31.52503643,503,65,518,91,390
ow,ow-0473.jpg,ow-0473.xml,ow-0473-01-001231,S1_20190627_155614_155639_VV_3,2019-06-27T15:56:14,2019-06-27T15:56:39,S1B_IW_GRDH_1SDV_20190627T155614_20190627T155639_016884_01FC51_DE9E.SAFE,640,640,31.14221066,31.61214964,31.27520566,31.63243149,31.25084994,31.74746524,31.11785494,31.72718339,31.20236686,31.66845163,31.20818539,31.66933896,31.20574982,31.68084234,31.19993129,31.67995501,336,254,364,318,1792
ow,ow-0473.jpg,ow-0473.xml,ow-0473-02-001232,S1_20190627_155614_155639_VV_3,2019-06-27T15:56:14,2019-06-27T15:56:39,S1B_IW_GRDH_1SDV_20190627T155614_20190627T155639_016884_01FC51_DE9E.SAFE,640,640,31.14221066,31.61214964,31.27520566,31.63243149,31.25084994,31.74746524,31.11785494,31.72718339,31.18707343,31.68597256,31.18915148,31.68628946,31.18820009,31.69078296,31.18612204,31.69046606,282,361,292,386,250
ow,ow-0474.jpg,ow-0474.xml,ow-0474-01-001233,S1_20190627_155645_155739_VV_0,2019-06-27T15:56:45,2019-06-27T15:57:39,S1B_IW_GRDH_1SDV_20190627T155714_20190627T155739_016884_01FC52_8DA3.SAFE,640,640,30.19664837,34.43363718,30.33358298,34.45425449,30.30790446,34.5697928,30.17096984,34.54917549,30.2342904,34.49807411,30.26403088,34.50255193,30.26338892,34.50544039,30.23364843,34.50096257,235,315,374,331,2224
ow,ow-0474.jpg,ow-0474.xml,ow-0474-02-001234,S1_20190627_155645_155739_VV_0,2019-06-27T15:56:45,2019-06-27T15:57:39,S1B_IW_GRDH_1SDV_20190627T155714_20190627T155739_016884_01FC52_8DA3.SAFE,640,640,30.19664837,34.43363718,30.33358298,34.45425449,30.30790446,34.5697928,30.17096984,34.54917549,30.22213429,34.51396796,30.25957735,34.51960551,30.25604655,34.53549202,30.21860349,34.52985448,196,410,371,498,15400
ow,ow-0474.jpg,ow-0474.xml,ow-0474-03-001235,S1_20190627_155645_155739_VV_0,2019-06-27T15:56:45,2019-06-27T15:57:39,S1B_IW_GRDH_1SDV_20190627T155714_20190627T155739_016884_01FC52_8DA3.SAFE,640,640,30.19664837,34.43363718,30.33358298,34.45425449,30.30790446,34.5697928,30.17096984,34.54917549,30.18490577,34.48746692,30.22427447,34.4933944,30.22182698,34.50440664,30.18245828,34.49847917,1,298,185,359,11224
ow,ow-0475.jpg,ow-0475.xml,ow-0475-01-001236,S1_20190628_035854_040033_VV_0,2019-06-28T03:58:54,2019-06-28T04:00:33,S1B_IW_GRDH_1SDV_20190628T035944_20190628T040009_016891_01FC8F_02B3.SAFE,640,640,30.80965628,31.73798151,30.6765647,31.75918369,30.65095207,31.6438251,30.78404365,31.62262291,30.73175201,31.69160577,30.72904858,31.69203644,30.72864839,31.69023396,30.73135181,31.68980329,314,315,327,325,130
ow,ow-0476.jpg,ow-0476.xml,ow-0476-01-001237,S1_20190628_035854_040033_VV_1,2019-06-28T03:58:54,2019-06-28T04:00:33,S1B_IW_GRDH_1SDV_20190628T035944_20190628T040009_016891_01FC8F_02B3.SAFE,640,640,30.15407019,31.52942946,30.02159648,31.55011252,29.99676052,31.4347629,30.12923422,31.41407984,30.03678702,31.43782821,30.03451013,31.4381837,30.03338475,31.43295692,30.03566164,31.43260143,456,590,467,619,319
ow,ow-0476.jpg,ow-0476.xml,ow-0476-02-001238,S1_20190628_035854_040033_VV_1,2019-06-28T03:58:54,2019-06-28T04:00:33,S1B_IW_GRDH_1SDV_20190628T035944_20190628T040009_016891_01FC8F_02B3.SAFE,640,640,30.15407019,31.52942946,30.02159648,31.55011252,29.99676052,31.4347629,30.12923422,31.41407984,30.07545466,31.46141157,30.07234981,31.46189633,30.0716901,31.45883235,30.07479495,31.45834759,299,431,314,448,255
ow,ow-0476.jpg,ow-0476.xml,ow-0476-03-001239,S1_20190628_035854_040033_VV_1,2019-06-28T03:58:54,2019-06-28T04:00:33,S1B_IW_GRDH_1SDV_20190628T035944_20190628T040009_016891_01FC8F_02B3.SAFE,640,640,30.15407019,31.52942946,30.02159648,31.55011252,29.99676052,31.4347629,30.12923422,31.41407984,30.11804101,31.53300546,30.11286626,31.53381339,30.11162446,31.52804591,30.11679921,31.52723798,172,11,197,43,800
ow,ow-0477.jpg,ow-0477.xml,ow-0477-01-001240,S1_20190701_033458_033638_VV_0,2019-07-01T03:34:58,2019-07-01T03:36:38,S1A_IW_GRDH_1SDV_20190701T033523_20190701T033548_027918_0326E9_06FF.SAFE,640,640,35.58589145,34.25858177,35.44864524,34.27765654,35.42443145,34.16250054,35.56167767,34.14342577,35.51087504,34.22511779,35.50465608,34.22598212,35.49829996,34.19575367,35.50451893,34.19488934,308,237,337,405,4872
ow,ow-0478.jpg,ow-0478.xml,ow-0478-01-001241,S1_20190702_160409_160549_VV_0,2019-07-02T16:04:09,2019-07-02T16:05:49,S1B_IW_GRDH_1SDV_20190702T160434_20190702T160459_016957_01FE80_B1B5.SAFE,640,640,30.14426436,31.3212855,30.27722837,31.3406617,30.25378409,31.45605929,30.12082009,31.43668308,30.19879081,31.38139815,30.20190716,31.38185228,30.1986103,31.39808006,30.19549396,31.39762593,312,281,327,371,1350
ow,ow-0479.jpg,ow-0479.xml,ow-0479-01-001242,S1_20190702_160409_160549_VV_1,2019-07-02T16:04:09,2019-07-02T16:05:49,S1B_IW_GRDH_1SDV_20190702T160434_20190702T160459_016957_01FE80_B1B5.SAFE,640,640,30.01597146,31.53687636,30.14893546,31.55625256,30.12549119,31.67165015,29.99252718,31.65227394,30.03578438,31.6288741,30.03910848,31.62935851,30.03756995,31.63693148,30.03424585,31.63644707,180,480,196,522,672
ow,ow-0479.jpg,ow-0479.xml,ow-0479-02-001243,S1_20190702_160409_160549_VV_1,2019-07-02T16:04:09,2019-07-02T16:05:49,S1B_IW_GRDH_1SDV_20190702T160434_20190702T160459_016957_01FE80_B1B5.SAFE,640,640,30.01597146,31.53687636,30.14893546,31.55625256,30.12549119,31.67165015,29.99252718,31.65227394,30.09200262,31.64801968,30.11132395,31.65083529,30.10850331,31.66471906,30.08918198,31.66190346,461,539,554,616,7161
ow,ow-0480.jpg,ow-0480.xml,ow-0480-01-001244,S1_20190702_160409_160549_VV_2,2019-07-02T16:04:09,2019-07-02T16:05:49,S1B_IW_GRDH_1SDV_20190702T160434_20190702T160459_016957_01FE80_B1B5.SAFE,640,640,30.15377085,31.53245181,30.28673485,31.55182801,30.26329057,31.6672256,30.13032657,31.6478494,30.17741117,31.5656003,30.18094302,31.56611498,30.17925796,31.57440918,30.17572611,31.5738945,142,160,159,206,782
ow,ow-0481.jpg,ow-0481.xml,ow-0481-01-001245,S1_20190702_160409_160549_VV_5,2019-07-02T16:04:09,2019-07-02T16:05:49,S1B_IW_GRDH_1SDV_20190702T160434_20190702T160459_016957_01FE80_B1B5.SAFE,640,640,30.25836116,31.89801674,30.39218954,31.91716478,30.36901695,32.03255085,30.23518856,32.0134028,30.32041139,31.98108332,30.32522085,31.98177145,30.32355532,31.99006482,30.31874586,31.98937669,366,400,389,446,1058
ow,ow-0481.jpg,ow-0481.xml,ow-0481-02-001246,S1_20190702_160409_160549_VV_5,2019-07-02T16:04:09,2019-07-02T16:05:49,S1B_IW_GRDH_1SDV_20190702T160434_20190702T160459_016957_01FE80_B1B5.SAFE,640,640,30.25836116,31.89801674,30.39218954,31.91716478,30.36901695,32.03255085,30.23518856,32.0134028,30.26492768,31.90173834,30.27057357,31.90254615,30.2697408,31.90669283,30.26409492,31.90588502,34,15,61,38,621
ow,ow-0481.jpg,ow-0481.xml,ow-0481-03-001247,S1_20190702_160409_160549_VV_5,2019-07-02T16:04:09,2019-07-02T16:05:49,S1B_IW_GRDH_1SDV_20190702T160434_20190702T160459_016957_01FE80_B1B5.SAFE,640,640,30.25836116,31.89801674,30.39218954,31.91716478,30.36901695,32.03255085,30.23518856,32.0134028,30.27556772,31.90659919,30.28225914,31.90755659,30.28110051,31.91332589,30.27440909,31.91236849,88,33,120,65,1024
ow,ow-0481.jpg,ow-0481.xml,ow-0481-04-001248,S1_20190702_160409_160549_VV_5,2019-07-02T16:04:09,2019-07-02T16:05:49,S1B_IW_GRDH_1SDV_20190702T160434_20190702T160459_016957_01FE80_B1B5.SAFE,640,640,30.25836116,31.89801674,30.39218954,31.91716478,30.36901695,32.03255085,30.23518856,32.0134028,30.35218873,32.01994216,30.36264407,32.0214381,30.3612682,32.02828915,30.35081285,32.02679321,550,585,600,623,1900
ow,ow-0482.jpg,ow-0482.xml,ow-0482-01-001249,S1_20190704_035931_040111_VV_0,2019-07-04T03:59:31,2019-07-04T04:01:11,S1A_IW_GRDH_1SDV_20190704T040021_20190704T040046_027962_032842_407B.SAFE;S1A_IW_GRDH_1SDV_20190704T035956_20190704T040021_027962_032842_24F2.SAFE,640,640,31.01568957,33.16888134,30.88040661,33.19001912,30.85442653,33.0746704,30.98970949,33.05353261,30.93937378,33.12539277,30.9309186,33.12671388,30.92921366,33.11914412,30.93766884,33.11782301,304,297,344,339,1680
ow,ow-0483.jpg,ow-0483.xml,ow-0483-01-001250,S1_20190704_035931_040111_VV_1,2019-07-04T03:59:31,2019-07-04T04:01:11,S1A_IW_GRDH_1SDV_20190704T040021_20190704T040046_027962_032842_407B.SAFE,640,640,30.92021622,32.94421651,30.7857936,32.96523071,30.76014327,32.84985592,30.89456589,32.82884171,30.84833709,32.91124369,30.83867546,32.91275408,30.83274382,32.88607366,30.84240545,32.88456326,297,237,343,385,6808
ow,ow-0484.jpg,ow-0484.xml,ow-0484-01-001251,S1_20190704_154750_154930_VV_0,2019-07-04T15:47:50,2019-07-04T15:49:30,S1B_IW_GRDH_1SDV_20190704T154815_20190704T154840_016986_01FF5D_EF00.SAFE;S1B_IW_GRDH_1SDV_20190704T154750_20190704T154815_016986_01FF5D_6295.SAFE,640,640,32.52907591,31.16053281,32.66116133,31.1816171,32.63575725,31.29720966,32.50367183,31.27612538,32.58090055,31.2250772,32.58564737,31.22583491,32.58405961,31.23305945,32.57931279,31.23230173,309,301,332,341,920
ow,ow-0485.jpg,ow-0485.xml,ow-0485-01-001252,S1_20190705_035045_035224_VV_0,2019-07-05T03:50:45,2019-07-05T03:52:24,S1B_IW_GRDH_1SDV_20190705T035135_20190705T035200_016993_01FF91_128D.SAFE,1958,1958,32.28419356,32.16793354,31.87691855,32.23027738,31.80179829,31.87747608,32.2090733,31.81513224,32.22071348,32.17746473,32.17744831,32.18408756,32.1224701,31.92588314,32.16573527,31.9192603,305,1,513,1434,298064
ow,ow-0486.jpg,ow-0486.xml,ow-0486-01-001253,S1_20190705_035045_035224_VV_1,2019-07-05T03:50:45,2019-07-05T03:52:24,S1B_IW_GRDH_1SDV_20190705T035135_20190705T035200_016993_01FF91_128D.SAFE,640,640,32.79517877,31.92350749,32.66241279,31.94471776,32.63685713,31.82935638,32.76962311,31.80814611,32.72956716,31.92111183,32.72687035,31.92154266,32.72619153,31.91847837,32.72888833,31.91804754,303,69,316,86,221
ow,ow-0486.jpg,ow-0486.xml,ow-0486-02-001254,S1_20190705_035045_035224_VV_1,2019-07-05T03:50:45,2019-07-05T03:52:24,S1B_IW_GRDH_1SDV_20190705T035135_20190705T035200_016993_01FF91_128D.SAFE,640,640,32.79517877,31.92350749,32.66241279,31.94471776,32.63685713,31.82935638,32.76962311,31.80814611,32.73731572,31.92603278,32.73378913,31.92659617,32.7332301,31.92407264,32.73675669,31.92350925,272,36,289,50,238
ow,ow-0486.jpg,ow-0486.xml,ow-0486-03-001255,S1_20190705_035045_035224_VV_1,2019-07-05T03:50:45,2019-07-05T03:52:24,S1B_IW_GRDH_1SDV_20190705T035135_20190705T035200_016993_01FF91_128D.SAFE,640,640,32.79517877,31.92350749,32.66241279,31.94471776,32.63685713,31.82935638,32.76962311,31.80814611,32.70189413,31.83109731,32.69546327,31.83212469,32.69454487,31.82797889,32.70097572,31.82695152,339,575,370,598,713
ow,ow-0486.jpg,ow-0486.xml,ow-0486-04-001256,S1_20190705_035045_035224_VV_1,2019-07-05T03:50:45,2019-07-05T03:52:24,S1B_IW_GRDH_1SDV_20190705T035135_20190705T035200_016993_01FF91_128D.SAFE,640,640,32.79517877,31.92350749,32.66241279,31.94471776,32.63685713,31.82935638,32.76962311,31.80814611,32.70336963,31.82806212,32.70171006,31.82832725,32.70119096,31.82598397,32.70285053,31.82571884,329,590,337,603,104
ow,ow-0487.jpg,ow-0487.xml,ow-0487-01-001257,S1_20190705_035045_035224_VV_2,2019-07-05T03:50:45,2019-07-05T03:52:24,S1B_IW_GRDH_1SDV_20190705T035135_20190705T035200_016993_01FF91_128D.SAFE,640,640,32.84918482,31.54385652,32.71641884,31.56506679,32.69086317,31.44970541,32.82362916,31.42849514,32.77479431,31.49116646,32.76960814,31.49199498,32.76920883,31.49019246,32.774395,31.48936394,292,346,317,356,250
ow,ow-0487.jpg,ow-0487.xml,ow-0487-02-001258,S1_20190705_035045_035224_VV_2,2019-07-05T03:50:45,2019-07-05T03:52:24,S1B_IW_GRDH_1SDV_20190705T035135_20190705T035200_016993_01FF91_128D.SAFE,640,640,32.84918482,31.54385652,32.71641884,31.56506679,32.69086317,31.44970541,32.82362916,31.42849514,32.76982627,31.50558423,32.7615284,31.50690987,32.75977145,31.49897877,32.76806932,31.49765313,330,273,370,317,1760
ow,ow-0488.jpg,ow-0488.xml,ow-0488-01-001259,S1_20190705_035045_035224_VV_3,2019-07-05T03:50:45,2019-07-05T03:52:24,S1B_IW_GRDH_1SDV_20190705T035135_20190705T035200_016993_01FF91_128D.SAFE,640,640,32.15707346,31.62713904,32.02406716,31.64779515,31.99917796,31.53246034,32.13218426,31.51180422,32.05038676,31.60254637,32.04498338,31.60338553,32.04358336,31.59689794,32.04898675,31.59605879,472,221,498,257,936
ow,ow-0488.jpg,ow-0488.xml,ow-0488-02-001260,S1_20190705_035045_035224_VV_3,2019-07-05T03:50:45,2019-07-05T03:52:24,S1B_IW_GRDH_1SDV_20190705T035135_20190705T035200_016993_01FF91_128D.SAFE,640,640,32.15707346,31.62713904,32.02406716,31.64779515,31.99917796,31.53246034,32.13218426,31.51180422,32.08653223,31.57197538,32.07489418,31.57378279,32.07349416,31.56729521,32.08513222,31.5654878,273,355,329,391,2016
ow,ow-0488.jpg,ow-0488.xml,ow-0488-03-001261,S1_20190705_035045_035224_VV_3,2019-07-05T03:50:45,2019-07-05T03:52:24,S1B_IW_GRDH_1SDV_20190705T035135_20190705T035200_016993_01FF91_128D.SAFE,640,640,32.15707346,31.62713904,32.02406716,31.64779515,31.99917796,31.53246034,32.13218426,31.51180422,32.1161681,31.5789204,32.10245183,31.58105056,32.0974351,31.55780338,32.11115137,31.55567322,142,293,208,422,8514
ow,ow-0489.jpg,ow-0489.xml,ow-0489-01-001262,S1_20190705_154012_154152_VV_0,2019-07-05T15:40:12,2019-07-05T15:41:52,S1A_IW_GRDH_1SDV_20190705T154102_20190705T154127_027984_0328EF_8C32.SAFE,640,640,34.40247057,32.89337623,34.53670648,32.91426208,34.51126764,33.02959759,34.37703173,33.00871174,34.48826958,32.94698733,34.50819523,32.95008757,34.50640656,32.9581971,34.48648092,32.95509686,450,216,545,261,4275
ow,ow-0489.jpg,ow-0489.xml,ow-0489-02-001263,S1_20190705_154012_154152_VV_0,2019-07-05T15:40:12,2019-07-05T15:41:52,S1A_IW_GRDH_1SDV_20190705T154102_20190705T154127_027984_0328EF_8C32.SAFE,640,640,34.40247057,32.89337623,34.53670648,32.91426208,34.51126764,33.02959759,34.37703173,33.00871174,34.40644619,32.96780769,34.41483593,32.96911305,34.41360374,32.97469962,34.40521399,32.97339425,94,396,134,427,1240
ow,ow-0489.jpg,ow-0489.xml,ow-0489-03-001264,S1_20190705_154012_154152_VV_0,2019-07-05T15:40:12,2019-07-05T15:41:52,S1A_IW_GRDH_1SDV_20190705T154102_20190705T154127_027984_0328EF_8C32.SAFE,640,640,34.40247057,32.89337623,34.53670648,32.91426208,34.51126764,33.02959759,34.37703173,33.00871174,34.46251692,32.95751936,34.46692153,32.95820467,34.46612657,32.96180891,34.46172195,32.96112359,342,294,363,314,420
ow,ow-0490.jpg,ow-0490.xml,ow-0490-01-001265,S1_20190705_154012_154152_VV_1,2019-07-05T15:40:12,2019-07-05T15:41:52,S1A_IW_GRDH_1SDV_20190705T154102_20190705T154127_027984_0328EF_8C32.SAFE,640,640,34.23474414,32.92254541,34.36976912,32.94369727,34.34382837,33.05901938,34.20880339,33.03786753,34.32982181,32.97661292,34.35007556,32.9797857,34.34841373,32.98717352,34.32815998,32.98400074,491,210,587,251,3936
ow,ow-0490.jpg,ow-0490.xml,ow-0490-02-001266,S1_20190705_154012_154152_VV_1,2019-07-05T15:40:12,2019-07-05T15:41:52,S1A_IW_GRDH_1SDV_20190705T154102_20190705T154127_027984_0328EF_8C32.SAFE,640,640,34.23474414,32.92254541,34.36976912,32.94369727,34.34382837,33.05901938,34.20880339,33.03786753,34.30511469,32.97964451,34.32811113,32.98324693,34.32571972,32.99387819,34.30272328,32.99027576,381,247,490,306,6431
ow,ow-0490.jpg,ow-0490.xml,ow-0490-03-001267,S1_20190705_154012_154152_VV_1,2019-07-05T15:40:12,2019-07-05T15:41:52,S1A_IW_GRDH_1SDV_20190705T154102_20190705T154127_027984_0328EF_8C32.SAFE,640,640,34.23474414,32.92254541,34.36976912,32.94369727,34.34382837,33.05901938,34.20880339,33.03786753,34.22985116,32.99770081,34.23596947,32.99865925,34.2349967,33.00298383,34.22887838,33.00202539,55,407,84,431,696
ow,ow-0491.jpg,ow-0491.xml,ow-0491-01-001268,S1_20190705_154012_154152_VV_2,2019-07-05T15:40:12,2019-07-05T15:41:52,S1A_IW_GRDH_1SDV_20190705T154102_20190705T154127_027984_0328EF_8C32.SAFE,640,640,34.08126132,32.9484949,34.2162863,32.96964676,34.19034555,33.08496887,34.05532057,33.06381702,34.08772261,32.99744792,34.17211322,33.01066783,34.16566857,33.03931817,34.08127795,33.02609826,80,257,480,416,63600
ow,ow-0492.jpg,ow-0492.xml,ow-0492-01-001269,S1_20190709_155646_155740_VV_0,2019-07-09T15:56:46,2019-07-09T15:57:40,S1B_IW_GRDH_1SDV_20190709T155646_20190709T155715_017059_020187_97CC.SAFE,640,640,31.62180293,33.12732455,31.75717948,33.14680931,31.73328845,33.26231406,31.59791189,33.2428293,31.66523989,33.19007454,31.68427721,33.19281459,31.68274669,33.20021411,31.66370937,33.19747407,259,304,349,345,3690
ow,ow-0493.jpg,ow-0493.xml,ow-0493-01-001270,S1_20190709_155646_155740_VV_1,2019-07-09T15:56:46,2019-07-09T15:57:40,S1B_IW_GRDH_1SDV_20190709T155646_20190709T155715_017059_020187_97CC.SAFE,640,640,30.53845619,33.00576591,30.67332528,33.02645452,30.64795799,33.1420365,30.5130889,33.12134789,30.57883101,33.06198874,30.60854436,33.0665467,30.60414472,33.08659295,30.57443137,33.08203499,242,268,383,379,15651
ow,ow-0494.jpg,ow-0494.xml,ow-0494-01-001271,S1_20190709_155646_155740_VV_2,2019-07-09T15:56:46,2019-07-09T15:57:40,S1B_IW_GRDH_1SDV_20190709T155646_20190709T155715_017059_020187_97CC.SAFE,640,640,30.31808298,33.06996657,30.45295207,33.09065518,30.42758478,33.20623716,30.29271569,33.18554855,30.34438627,33.11189686,30.40149489,33.12065719,30.39130834,33.16707058,30.33419971,33.15831025,163,203,434,460,69647
ow,ow-0495.jpg,ow-0495.xml,ow-0495-01-001272,S1_20190710_035855_040034_VV_1,2019-07-10T03:58:55,2019-07-10T04:00:34,S1B_IW_GRDH_1SDV_20190710T035920_20190710T035945_017066_0201C0_98FA.SAFE,640,640,30.44576671,33.20765889,30.31057379,33.22807754,30.28555805,33.11279211,30.42075097,33.09237346,30.4059674,33.16902105,30.32780899,33.18082558,30.32139871,33.15128369,30.39955712,33.13947915,144,240,514,404,60680
ow,ow-0496.jpg,ow-0496.xml,ow-0496-01-001273,S1_20190710_035855_040034_VV_2,2019-07-10T03:58:55,2019-07-10T04:00:34,S1B_IW_GRDH_1SDV_20190710T035920_20190710T035945_017066_0201C0_98FA.SAFE,640,640,30.76118996,33.0719763,30.6261881,33.09283704,30.60063609,32.97753169,30.73563795,32.95667095,30.71187067,33.02761005,30.65533864,33.03634549,30.65174539,33.02013067,30.70827742,33.01139524,181,279,449,369,24120
ow,ow-0497.jpg,ow-0497.xml,ow-0497-01-001274,S1_20190710_035855_040034_VV_3,2019-07-10T03:58:55,2019-07-10T04:00:34,S1B_IW_GRDH_1SDV_20190710T035945_20190710T040010_017066_0201C0_A0D0.SAFE,640,640,30.81489487,32.68460959,30.6808626,32.70564497,30.65527634,32.59030789,30.78930861,32.56927251,30.75757194,32.65090013,30.71945651,32.65688207,30.71210046,32.62372266,30.75021589,32.61774072,230,229,412,413,33488
ow,ow-0498.jpg,ow-0498.xml,ow-0498-01-001275,S1_20190710_154840_155020_VV_1,2019-07-10T15:48:40,2019-07-10T15:50:20,S1A_IW_GRDH_1SDV_20190710T154840_20190710T154905_028057_032B2E_7C5C.SAFE,640,640,32.61955758,31.09580553,32.75151905,31.11691517,32.72609717,31.23227322,32.5941357,31.21116358,32.67359907,31.15763178,32.67854762,31.15842339,32.67596571,31.17013944,32.67101716,31.16934783,317,285,341,350,1560
ow,ow-0499.jpg,ow-0499.xml,ow-0499-01-001276,S1_20190710_154840_155020_VV_2,2019-07-10T15:48:40,2019-07-10T15:50:20,S1A_IW_GRDH_1SDV_20190710T154840_20190710T154905_028057_032B2E_7C5C.SAFE,640,640,34.24722186,31.66456936,34.38072427,31.68380235,34.35753634,31.79903213,34.22403393,31.77979914,34.30090026,31.72954977,34.30465502,31.7300907,34.30385793,31.73405172,34.30010318,31.73351079,311,309,329,331,396
ow,ow-0500.jpg,ow-0500.xml,ow-0500-01-001277,S1_20190710_154840_155020_VV_3,2019-07-10T15:48:40,2019-07-10T15:50:20,S1A_IW_GRDH_1SDV_20190710T154840_20190710T154905_028057_032B2E_7C5C.SAFE,640,640,32.18462129,31.40396762,32.3172549,31.4254645,32.29135304,31.54084173,32.15871943,31.51934485,32.22993063,31.46810951,32.23345371,31.46868052,32.2320372,31.47499021,32.22851412,31.4744192,278,304,295,339,595
ow,ow-0500.jpg,ow-0500.xml,ow-0500-02-001278,S1_20190710_154840_155020_VV_3,2019-07-10T15:48:40,2019-07-10T15:50:20,S1A_IW_GRDH_1SDV_20190710T154840_20190710T154905_028057_032B2E_7C5C.SAFE,640,640,32.18462129,31.40396762,32.3172549,31.4254645,32.29135304,31.54084173,32.15871943,31.51934485,32.24546387,31.46875873,32.24774351,31.46912821,32.24721738,31.47147181,32.24493774,31.47110233,351,294,362,307,143
ow,ow-0501.jpg,ow-0501.xml,ow-0501-01-001279,S1_20190710_154840_155020_VV_4,2019-07-10T15:48:40,2019-07-10T15:50:20,S1A_IW_GRDH_1SDV_20190710T154905_20190710T154930_028057_032B2E_E9D6.SAFE;S1A_IW_GRDH_1SDV_20190710T154840_20190710T154905_028057_032B2E_7C5C.SAFE,640,640,32.72051889,31.73186161,32.85345904,31.75265883,32.82839587,31.86800811,32.69545572,31.84721089,32.77297952,31.79784007,32.7771339,31.79848998,32.77635068,31.80209464,32.7721963,31.80144473,311,310,331,330,400
ow,ow-0502.jpg,ow-0502.xml,ow-0502-01-001280,S1_20190710_154840_155020_VV_5,2019-07-10T15:48:40,2019-07-10T15:50:20,S1A_IW_GRDH_1SDV_20190710T154905_20190710T154930_028057_032B2E_E9D6.SAFE,640,640,32.18386127,31.71354206,32.31655675,31.73489966,32.29082146,31.85027287,32.15812598,31.82891527,32.18131508,31.81546727,32.18463246,31.81600121,32.18390866,31.81924608,32.18059127,31.81871214,94,548,110,566,288
ow,ow-0502.jpg,ow-0502.xml,ow-0502-02-001281,S1_20190710_154840_155020_VV_5,2019-07-10T15:48:40,2019-07-10T15:50:20,S1A_IW_GRDH_1SDV_20190710T154905_20190710T154930_028057_032B2E_E9D6.SAFE,640,640,32.18386127,31.71354206,32.31655675,31.73489966,32.29082146,31.85027287,32.15812598,31.82891527,32.28911538,31.74430188,32.29388412,31.74506942,32.29251693,31.75119862,32.28774819,31.75043109,522,74,545,108,782
ow,ow-0503.jpg,ow-0503.xml,ow-0503-01-001282,S1_20190710_154840_155020_VV_6,2019-07-10T15:48:40,2019-07-10T15:50:20,S1A_IW_GRDH_1SDV_20190710T154905_20190710T154930_028057_032B2E_E9D6.SAFE,640,640,32.94267897,31.91182028,33.0757358,31.93233707,33.05101161,32.04767064,32.91795478,32.02715385,32.99855068,31.97479579,33.00645093,31.97601397,33.00536924,31.98105982,32.99746899,31.97984163,323,292,361,320,1064
ow,ow-0504.jpg,ow-0504.xml,ow-0504-01-001283,S1_20190710_154840_155020_VV_7,2019-07-10T15:48:40,2019-07-10T15:50:20,S1A_IW_GRDH_1SDV_20190710T154905_20190710T154930_028057_032B2E_E9D6.SAFE,640,640,32.53901215,31.96508376,32.67188971,31.9860219,32.64665839,32.10137757,32.51378082,32.08043944,32.58705872,32.02821841,32.60076172,32.03037765,32.59894822,32.03866884,32.58524522,32.0365096,288,298,354,344,3036
ow,ow-0505.jpg,ow-0505.xml,ow-0505-01-001284,S1_20190710_154840_155020_VV_8,2019-07-10T15:48:40,2019-07-10T15:50:20,S1A_IW_GRDH_1SDV_20190710T154905_20190710T154930_028057_032B2E_E9D6.SAFE,640,640,32.67560157,32.56880339,32.80948416,32.58942087,32.78446616,32.70474392,32.65058357,32.68412644,32.7631908,32.66031471,32.7705125,32.66144223,32.76945705,32.66630742,32.76213535,32.6651799,497,419,532,446,945
ow,ow-0505.jpg,ow-0505.xml,ow-0505-02-001285,S1_20190710_154840_155020_VV_8,2019-07-10T15:48:40,2019-07-10T15:50:20,S1A_IW_GRDH_1SDV_20190710T154905_20190710T154930_028057_032B2E_E9D6.SAFE,640,640,32.67560157,32.56880339,32.80948416,32.58942087,32.78446616,32.70474392,32.65058357,32.68412644,32.69133017,32.60790932,32.75429682,32.61760598,32.74741688,32.64931982,32.68445022,32.63962316,112,197,413,373,52976
ow,ow-0506.jpg,ow-0506.xml,ow-0506-01-001286,S1_20190711_035121_035303_VV_3,2019-07-11T03:51:21,2019-07-11T03:53:03,S1A_IW_GRDH_1SDV_20190711T035121_20190711T035146_028064_032B5E_8132.SAFE,640,640,32.3501847,34.68656745,32.21281677,34.7064337,32.18857763,34.59109459,32.32594556,34.57122834,32.29177926,34.63280637,32.27933029,34.63460675,32.27808046,34.62865958,32.29052943,34.6268592,213,335,271,368,1914
ow,ow-0506.jpg,ow-0506.xml,ow-0506-02-001287,S1_20190711_035121_035303_VV_3,2019-07-11T03:51:21,2019-07-11T03:53:03,S1A_IW_GRDH_1SDV_20190711T035121_20190711T035146_028064_032B5E_8132.SAFE,640,640,32.3501847,34.68656745,32.21281677,34.7064337,32.18857763,34.59109459,32.32594556,34.57122834,32.27349697,34.64789191,32.24602339,34.65186516,32.24325861,34.6387093,32.27073219,34.63473605,310,268,438,341,9344
ow,ow-0507.jpg,ow-0507.xml,ow-0507-01-001288,S1_20190711_035121_035303_VV_4,2019-07-11T03:51:21,2019-07-11T03:53:03,S1A_IW_GRDH_1SDV_20190711T035146_20190711T035211_028064_032B5E_C727.SAFE,640,640,32.0336259,34.55557743,31.89619169,34.57528839,31.87214431,34.45995878,32.00957852,34.44024782,31.991436,34.51764318,31.92035675,34.52783745,31.91404431,34.49756342,31.98512357,34.48736916,155,237,486,405,55608
ow,ow-0508.jpg,ow-0508.xml,ow-0508-01-001289,S1_20190711_035121_035303_VV_6,2019-07-11T03:51:21,2019-07-11T03:53:03,S1A_IW_GRDH_1SDV_20190711T035211_20190711T035236_028064_032B5E_F1C5.SAFE,640,640,32.78213541,32.76866661,32.64803702,32.78955311,32.62262155,32.67417045,32.75671994,32.65328394,32.72857746,32.73803615,32.68457643,32.74488954,32.67627669,32.70720988,32.72027773,32.7003565,216,209,426,418,43890
ow,ow-0509.jpg,ow-0509.xml,ow-0509-01-001290,S1_20190711_035121_035303_VV_7,2019-07-11T03:51:21,2019-07-11T03:53:03,S1A_IW_GRDH_1SDV_20190711T035211_20190711T035236_028064_032B5E_F1C5.SAFE,640,640,33.056078,32.32927255,32.92210459,32.35044643,32.89634097,32.23505294,33.03031437,32.21387906,33.01587029,32.235575,32.99870494,32.2382879,32.99451836,32.21953646,33.0116837,32.21682355,89,536,171,640,8528
ow,ow-0509.jpg,ow-0509.xml,ow-0509-02-001291,S1_20190711_035121_035303_VV_7,2019-07-11T03:51:21,2019-07-11T03:53:03,S1A_IW_GRDH_1SDV_20190711T035211_20190711T035236_028064_032B5E_F1C5.SAFE,640,640,33.056078,32.32927255,32.92210459,32.35044643,32.89634097,32.23505294,33.03031437,32.21387906,32.91394101,32.2498178,32.90640501,32.25100883,32.90588168,32.2486649,32.91341769,32.24747387,574,546,610,559,468
ow,ow-0509.jpg,ow-0509.xml,ow-0509-03-001292,S1_20190711_035121_035303_VV_7,2019-07-11T03:51:21,2019-07-11T03:53:03,S1A_IW_GRDH_1SDV_20190711T035211_20190711T035236_028064_032B5E_F1C5.SAFE,640,640,33.056078,32.32927255,32.92210459,32.35044643,32.89634097,32.23505294,33.03031437,32.21387906,33.018656,32.24222798,33.013632,32.243022,33.01302816,32.24031747,33.01805217,32.23952345,83,498,107,513,360
ow,ow-0509.jpg,ow-0509.xml,ow-0509-04-001293,S1_20190711_035121_035303_VV_7,2019-07-11T03:51:21,2019-07-11T03:53:03,S1A_IW_GRDH_1SDV_20190711T035211_20190711T035236_028064_032B5E_F1C5.SAFE,640,640,33.056078,32.32927255,32.92210459,32.35044643,32.89634097,32.23505294,33.03031437,32.21387906,33.02991967,32.25967426,33.02740767,32.26007127,33.02696486,32.25808794,33.02947686,32.25769093,49,395,61,406,132
ow,ow-0509.jpg,ow-0509.xml,ow-0509-05-001294,S1_20190711_035121_035303_VV_7,2019-07-11T03:51:21,2019-07-11T03:53:03,S1A_IW_GRDH_1SDV_20190711T035211_20190711T035236_028064_032B5E_F1C5.SAFE,640,640,33.056078,32.32927255,32.92210459,32.35044643,32.89634097,32.23505294,33.03031437,32.21387906,33.03248802,32.26244164,33.02976668,32.26287173,33.02924336,32.2605278,33.0319647,32.26009771,40,378,53,391,169
ow,ow-0509.jpg,ow-0509.xml,ow-0509-06-001295,S1_20190711_035121_035303_VV_7,2019-07-11T03:51:21,2019-07-11T03:53:03,S1A_IW_GRDH_1SDV_20190711T035211_20190711T035236_028064_032B5E_F1C5.SAFE,640,640,33.056078,32.32927255,32.92210459,32.35044643,32.89634097,32.23505294,33.03031437,32.21387906,33.03438811,32.26512797,33.03271344,32.26539265,33.03231089,32.26358962,33.03398555,32.26332495,34,362,42,372,80
ow,ow-0509.jpg,ow-0509.xml,ow-0509-07-001296,S1_20190711_035121_035303_VV_7,2019-07-11T03:51:21,2019-07-11T03:53:03,S1A_IW_GRDH_1SDV_20190711T035211_20190711T035236_028064_032B5E_F1C5.SAFE,640,640,33.056078,32.32927255,32.92210459,32.35044643,32.89634097,32.23505294,33.03031437,32.21387906,33.03590172,32.27384865,33.03213371,32.27444417,33.03136886,32.27101842,33.03513686,32.27042291,36,314,54,333,342
ow,ow-0509.jpg,ow-0509.xml,ow-0509-08-001297,S1_20190711_035121_035303_VV_7,2019-07-11T03:51:21,2019-07-11T03:53:03,S1A_IW_GRDH_1SDV_20190711T035211_20190711T035236_028064_032B5E_F1C5.SAFE,640,640,33.056078,32.32927255,32.92210459,32.35044643,32.89634097,32.23505294,33.03031437,32.21387906,33.03901747,32.2955693,33.03336547,32.29646258,33.03159422,32.28852927,33.03724622,32.287636,44,195,71,239,1188
ow,ow-0509.jpg,ow-0509.xml,ow-0509-09-001298,S1_20190711_035121_035303_VV_7,2019-07-11T03:51:21,2019-07-11T03:53:03,S1A_IW_GRDH_1SDV_20190711T035211_20190711T035236_028064_032B5E_F1C5.SAFE,640,640,33.056078,32.32927255,32.92210459,32.35044643,32.89634097,32.23505294,33.03031437,32.21387906,33.04055524,32.3014862,33.03741524,32.30198246,33.03648936,32.2978355,33.03962936,32.29733924,43,162,58,185,345
ow,ow-0509.jpg,ow-0509.xml,ow-0509-10-001299,S1_20190711_035121_035303_VV_7,2019-07-11T03:51:21,2019-07-11T03:53:03,S1A_IW_GRDH_1SDV_20190711T035211_20190711T035236_028064_032B5E_F1C5.SAFE,640,640,33.056078,32.32927255,32.92210459,32.35044643,32.89634097,32.23505294,33.03031437,32.21387906,33.04160992,32.31009274,33.03888859,32.31052284,33.03804322,32.30673649,33.04076455,32.30630639,47,115,60,136,273
ow,ow-0509.jpg,ow-0509.xml,ow-0509-11-001300,S1_20190711_035121_035303_VV_7,2019-07-11T03:51:21,2019-07-11T03:53:03,S1A_IW_GRDH_1SDV_20190711T035211_20190711T035236_028064_032B5E_F1C5.SAFE,640,640,33.056078,32.32927255,32.92210459,32.35044643,32.89634097,32.23505294,33.03031437,32.21387906,33.04507191,32.32559874,33.04130391,32.32619426,33.04045854,32.32240791,33.04422654,32.32181239,47,29,65,50,378
ow,ow-0509.jpg,ow-0509.xml,ow-0509-12-001301,S1_20190711_035121_035303_VV_7,2019-07-11T03:51:21,2019-07-11T03:53:03,S1A_IW_GRDH_1SDV_20190711T035211_20190711T035236_028064_032B5E_F1C5.SAFE,640,640,33.056078,32.32927255,32.92210459,32.35044643,32.89634097,32.23505294,33.03031437,32.21387906,33.01839032,32.23909667,33.01525032,32.23959293,33.01456598,32.2365278,33.01770598,32.23603153,81,515,96,532,255
ow,ow-0510.jpg,ow-0510.xml,ow-0510-01-001302,S1_20190711_035121_035303_VV_8,2019-07-11T03:51:21,2019-07-11T03:53:03,S1A_IW_GRDH_1SDV_20190711T035211_20190711T035236_028064_032B5E_F1C5.SAFE,640,640,30.95360512,32.55236065,30.81978132,32.57157072,30.79655681,32.45630066,30.93038061,32.43709059,30.89496602,32.51759892,30.85628258,32.52315183,30.85073047,32.49559509,30.88941391,32.49004217,240,233,425,386,28305
ow,ow-0511.jpg,ow-0511.xml,ow-0511-01-001303,S1_20190711_035121_035303_VV_9,2019-07-11T03:51:21,2019-07-11T03:53:03,S1A_IW_GRDH_1SDV_20190711T035211_20190711T035236_028064_032B5E_F1C5.SAFE,640,640,32.8969424,31.82135058,32.76386757,31.84255097,32.73825168,31.72714461,32.87132651,31.70594422,32.82335562,31.77594397,32.81275122,31.77763337,32.81171058,31.77294499,32.82231498,31.77125558,295,306,346,332,1326
ow,ow-0512.jpg,ow-0512.xml,ow-0512-01-001304,S1_20190711_035121_035303_VV_11,2019-07-11T03:51:21,2019-07-11T03:53:03,S1A_IW_GRDH_1SDV_20190711T035211_20190711T035236_028064_032B5E_F1C5.SAFE,640,640,32.64333103,31.52211591,32.51106957,31.54320741,32.48570162,31.42779407,32.61796309,31.40670257,32.59180979,31.48721477,32.54427833,31.49479453,32.53734178,31.4632362,32.58487324,31.45565644,205,231,435,406,40250
ow,ow-0513.jpg,ow-0513.xml,ow-0513-01-001305,S1_20190711_035121_035303_VV_12,2019-07-11T03:51:21,2019-07-11T03:53:03,S1A_IW_GRDH_1SDV_20190711T035236_20190711T035303_028064_032B5E_B97C.SAFE;S1A_IW_GRDH_1SDV_20190711T035211_20190711T035236_028064_032B5E_F1C5.SAFE,640,640,32.43405454,31.41819086,32.30167283,31.43900824,32.27663367,31.32360843,32.40901539,31.30279105,32.37446311,31.37423292,32.34881415,31.37826629,32.3457625,31.36420194,32.37141146,31.36016857,234,286,358,364,9672
ow,ow-0514.jpg,ow-0514.xml,ow-0514-01-001306,S1_20190715_155643_155823_VV_2,2019-07-15T15:56:43,2019-07-15T15:58:23,S1A_IW_GRDH_1SDV_20190715T155708_20190715T155733_028130_032D5B_FC3B.SAFE,640,640,30.17028354,31.52651104,30.30280916,31.54786187,30.27706197,31.66344827,30.14453636,31.64209744,30.24025378,31.58698713,30.24998613,31.58855508,30.24721027,31.60101674,30.23747792,31.59944879,389,263,436,332,3243
ow,ow-0514.jpg,ow-0514.xml,ow-0514-02-001307,S1_20190715_155643_155823_VV_2,2019-07-15T15:56:43,2019-07-15T15:58:23,S1A_IW_GRDH_1SDV_20190715T155708_20190715T155733_028130_032D5B_FC3B.SAFE,640,640,30.17028354,31.52651104,30.30280916,31.54786187,30.27706197,31.66344827,30.14453636,31.64209744,30.22521926,31.59092585,30.2357799,31.59262725,30.23260173,31.60689494,30.22204109,31.60519355,323,297,374,376,4029
ow,ow-0514.jpg,ow-0514.xml,ow-0514-03-001308,S1_20190715_155643_155823_VV_2,2019-07-15T15:56:43,2019-07-15T15:58:23,S1A_IW_GRDH_1SDV_20190715T155708_20190715T155733_028130_032D5B_FC3B.SAFE,640,640,30.17028354,31.52651104,30.30280916,31.54786187,30.27706197,31.66344827,30.14453636,31.64209744,30.24243926,31.58584255,30.25548476,31.58794427,30.25166291,31.60510162,30.23861742,31.6029999,398,255,461,350,5985
ow,ow-0515.jpg,ow-0515.xml,ow-0515-01-001309,S1_20190716_035932_040112_VV_0,2019-07-16T03:59:32,2019-07-16T04:01:12,S1A_IW_GRDH_1SDV_20190716T040022_20190716T040047_028137_032D90_2975.SAFE,1160,1160,30.57874623,32.54790739,30.33651156,32.5855357,30.29090429,32.37641521,30.53313895,32.33878691,30.56513342,32.5498356,30.53213938,32.55496083,30.52938722,32.54234149,30.56238125,32.53721626,65,1,223,71,11060
ow,ow-0516.jpg,ow-0516.xml,ow-0516-01-001310,S1_20190716_035932_040112_VV_3,2019-07-16T03:59:32,2019-07-16T04:01:12,S1A_IW_GRDH_1SDV_20190716T040022_20190716T040047_028137_032D90_2975.SAFE,640,640,30.21786443,32.64966171,30.08403566,32.66999246,30.05939259,32.55464012,30.19322137,32.53430938,30.14950744,32.6025452,30.12838759,32.60575364,30.12738646,32.60106746,30.14850632,32.59785901,270,309,371,335,2626
ow,ow-0517.jpg,ow-0517.xml,ow-0517-01-001311,S1_20190716_035932_040112_VV_4,2019-07-16T03:59:32,2019-07-16T04:01:12,S1A_IW_GRDH_1SDV_20190716T040022_20190716T040047_028137_032D90_2975.SAFE,640,640,30.72199614,32.51511018,30.58841122,32.53601284,30.56307665,32.42062969,30.69666157,32.39972703,30.66021334,32.47069835,30.63850579,32.47409503,30.63506188,32.45841013,30.65676943,32.45501345,241,290,345,377,9048
ow,ow-0517.jpg,ow-0517.xml,ow-0517-02-001312,S1_20190716_035932_040112_VV_4,2019-07-16T03:59:32,2019-07-16T04:01:12,S1A_IW_GRDH_1SDV_20190716T040022_20190716T040047_028137_032D90_2975.SAFE,640,640,30.72199614,32.51511018,30.58841122,32.53601284,30.56307665,32.42062969,30.69666157,32.39972703,30.70448865,32.43635779,30.68069384,32.44008107,30.67483522,32.41339872,30.69863004,32.40967543,1,437,115,585,16872
ow,ow-0518.jpg,ow-0518.xml,ow-0518-01-001313,S1_20190716_154751_154931_VV_0,2019-07-16T15:47:51,2019-07-16T15:49:31,S1B_IW_GRDH_1SDV_20190716T154816_20190716T154841_017161_020487_EEF7.SAFE,640,640,32.49977562,31.2292799,32.63186288,31.25036419,32.60645953,31.36595712,32.47437227,31.34487283,32.55068063,31.29704257,32.55315727,31.2974379,32.5524428,31.30068895,32.54996616,31.30029362,308,319,320,337,216
ow,ow-0518.jpg,ow-0518.xml,ow-0518-02-001314,S1_20190716_154751_154931_VV_0,2019-07-16T15:47:51,2019-07-16T15:49:31,S1B_IW_GRDH_1SDV_20190716T154816_20190716T154841_017161_020487_EEF7.SAFE,640,640,32.49977562,31.2292799,32.63186288,31.25036419,32.60645953,31.36595712,32.47437227,31.34487283,32.55295889,31.29348028,32.55667384,31.29407328,32.55500674,31.30165907,32.55129179,31.30106607,315,298,333,340,756
ow,ow-0519.jpg,ow-0519.xml,ow-0519-01-001315,S1_20190716_154751_154931_VV_2,2019-07-16T15:47:51,2019-07-16T15:49:31,S1B_IW_GRDH_1SDV_20190716T154816_20190716T154841_017161_020487_EEF7.SAFE,640,640,32.76142591,31.44088651,32.89357347,31.46183064,32.86833836,31.57741625,32.7361908,31.55647212,32.80840659,31.500651,32.82513151,31.50330174,32.82197712,31.51774994,32.8052522,31.5150992,281,280,362,360,6480
ow,ow-0519.jpg,ow-0519.xml,ow-0519-02-001316,S1_20190716_154751_154931_VV_2,2019-07-16T15:47:51,2019-07-16T15:49:31,S1B_IW_GRDH_1SDV_20190716T154816_20190716T154841_017161_020487_EEF7.SAFE,640,640,32.76142591,31.44088651,32.89357347,31.46183064,32.86833836,31.57741625,32.7361908,31.55647212,32.79626037,31.52301667,32.79997702,31.52360572,32.79922785,31.52703717,32.7955112,31.52644812,247,410,265,429,342
ow,ow-0520.jpg,ow-0520.xml,ow-0520-01-001317,S1_20190716_154751_154931_VV_3,2019-07-16T15:47:51,2019-07-16T15:49:31,S1B_IW_GRDH_1SDV_20190716T154816_20190716T154841_017161_020487_EEF7.SAFE,640,640,32.11554462,31.36465337,32.24744777,31.3861579,32.22154191,31.50176645,32.08963877,31.48026192,32.16704526,31.42940817,32.17178553,31.43018099,32.1703688,31.43650333,32.16562853,31.43573051,309,301,332,336,805
ow,ow-0520.jpg,ow-0520.xml,ow-0520-02-001318,S1_20190716_154751_154931_VV_3,2019-07-16T15:47:51,2019-07-16T15:49:31,S1B_IW_GRDH_1SDV_20190716T154816_20190716T154841_017161_020487_EEF7.SAFE,640,640,32.11554462,31.36465337,32.24744777,31.3861579,32.22154191,31.50176645,32.08963877,31.48026192,32.15280655,31.44337647,32.15527974,31.44377968,32.15475352,31.44612797,32.15228034,31.44572476,257,388,269,401,156
ow,ow-0521.jpg,ow-0521.xml,ow-0521-01-001319,S1_20190716_154751_154931_VV_4,2019-07-16T15:47:51,2019-07-16T15:49:31,S1B_IW_GRDH_1SDV_20190716T154816_20190716T154841_017161_020487_EEF7.SAFE,640,640,32.36663698,31.53359115,32.49951916,31.55478751,32.47390171,31.67038081,32.34101952,31.64918444,32.450798,31.62331163,32.45474294,31.62394089,32.45398243,31.62737257,32.45003749,31.6267433,484,408,503,427,361
ow,ow-0521.jpg,ow-0521.xml,ow-0521-02-001320,S1_20190716_154751_154931_VV_4,2019-07-16T15:47:51,2019-07-16T15:49:31,S1B_IW_GRDH_1SDV_20190716T154816_20190716T154841_017161_020487_EEF7.SAFE,640,640,32.36663698,31.53359115,32.49951916,31.55478751,32.47390171,31.67038081,32.34101952,31.64918444,32.48089962,31.59127433,32.48422167,31.59180424,32.48322099,31.59631961,32.47989894,31.5957897,591,211,607,236,400
ow,ow-0521.jpg,ow-0521.xml,ow-0521-03-001321,S1_20190716_154751_154931_VV_4,2019-07-16T15:47:51,2019-07-16T15:49:31,S1B_IW_GRDH_1SDV_20190716T154816_20190716T154841_017161_020487_EEF7.SAFE,640,640,32.36663698,31.53359115,32.49951916,31.55478751,32.47390171,31.67038081,32.34101952,31.64918444,32.36023969,31.59446749,32.36376937,31.59503052,32.36300885,31.5984622,32.35947917,31.59789917,33,331,50,350,323
ow,ow-0522.jpg,ow-0522.xml,ow-0522-01-001322,S1_20190716_154751_154931_VV_5,2019-07-16T15:47:51,2019-07-16T15:49:31,S1B_IW_GRDH_1SDV_20190716T154816_20190716T154841_017161_020487_EEF7.SAFE,640,640,32.10740086,31.76253986,32.24021998,31.78387961,32.21442978,31.89947858,32.08161065,31.87813883,32.15949686,31.82965874,32.16447758,31.83045898,32.16379253,31.83352957,32.15881181,31.83272933,312,314,336,331,408
ow,ow-0522.jpg,ow-0522.xml,ow-0522-02-001323,S1_20190716_154751_154931_VV_5,2019-07-16T15:47:51,2019-07-16T15:49:31,S1B_IW_GRDH_1SDV_20190716T154816_20190716T154841_017161_020487_EEF7.SAFE,640,640,32.10740086,31.76253986,32.24021998,31.78387961,32.21442978,31.89947858,32.08161065,31.87813883,32.15101432,31.83877335,32.15578751,31.83954024,32.15518305,31.84224959,32.15040986,31.8414827,282,370,305,385,345
ow,ow-0523.jpg,ow-0523.xml,ow-0523-01-001324,S1_20190716_154751_154931_VV_6,2019-07-16T15:47:51,2019-07-16T15:49:31,S1B_IW_GRDH_1SDV_20190716T154816_20190716T154841_017161_020487_EEF7.SAFE,640,640,32.12233956,32.3842112,32.25603831,32.40552747,32.23010262,32.52110174,32.09640387,32.49978546,32.14074727,32.43428158,32.21407268,32.44597223,32.20872344,32.46980942,32.13539803,32.45811877,137,252,488,384,46332
ow,ow-0523.jpg,ow-0523.xml,ow-0523-02-001325,S1_20190716_154751_154931_VV_6,2019-07-16T15:47:51,2019-07-16T15:49:31,S1B_IW_GRDH_1SDV_20190716T154816_20190716T154841_017161_020487_EEF7.SAFE,640,640,32.12233956,32.3842112,32.25603831,32.40552747,32.23010262,32.52110174,32.09640387,32.49978546,32.12690933,32.4245935,32.12899837,32.42492656,32.12843103,32.42745475,32.12634199,32.42712168,63,212,73,226,140
ow,ow-0523.jpg,ow-0523.xml,ow-0523-03-001326,S1_20190716_154751_154931_VV_6,2019-07-16T15:47:51,2019-07-16T15:49:31,S1B_IW_GRDH_1SDV_20190716T154816_20190716T154841_017161_020487_EEF7.SAFE,640,640,32.12233956,32.3842112,32.25603831,32.40552747,32.23010262,32.52110174,32.09640387,32.49978546,32.213865,32.47100326,32.23099515,32.4737344,32.22904998,32.48240247,32.21191982,32.47967133,513,386,595,434,3936
ow,ow-0524.jpg,ow-0524.xml,ow-0524-01-001327,S1_20190716_154751_154931_VV_7,2019-07-16T15:47:51,2019-07-16T15:49:31,S1B_IW_GRDH_1SDV_20190716T154816_20190716T154841_017161_020487_EEF7.SAFE,640,640,32.05874923,32.51716272,32.19244799,32.538479,32.1665123,32.65405326,32.03281355,32.63273699,32.16288087,32.61045375,32.17228157,32.61195255,32.17106583,32.61737009,32.16166514,32.61587129,578,410,623,440,1350
ow,ow-0524.jpg,ow-0524.xml,ow-0524-02-001328,S1_20190716_154751_154931_VV_7,2019-07-16T15:47:51,2019-07-16T15:49:31,S1B_IW_GRDH_1SDV_20190716T154816_20190716T154841_017161_020487_EEF7.SAFE,640,640,32.05874923,32.51716272,32.19244799,32.538479,32.1665123,32.65405326,32.03281355,32.63273699,32.05562379,32.55519586,32.05666831,32.55536239,32.05646569,32.55626531,32.05542117,32.55609878,25,206,30,211,25
ow,ow-0524.jpg,ow-0524.xml,ow-0524-03-001329,S1_20190716_154751_154931_VV_7,2019-07-16T15:47:51,2019-07-16T15:49:31,S1B_IW_GRDH_1SDV_20190716T154816_20190716T154841_017161_020487_EEF7.SAFE,640,640,32.05874923,32.51716272,32.19244799,32.538479,32.1665123,32.65405326,32.03281355,32.63273699,32.13345899,32.59210852,32.16625697,32.59733767,32.16313658,32.6112427,32.13033861,32.60601355,423,337,580,414,12089
ow,ow-0525.jpg,ow-0525.xml,ow-0525-01-001330,S1_20190716_154751_154931_VV_8,2019-07-16T15:47:51,2019-07-16T15:49:31,S1B_IW_GRDH_1SDV_20190716T154841_20190716T154906_017161_020487_A651.SAFE,640,640,32.69541233,33.00593398,32.83041049,33.02632598,32.80541779,33.14185121,32.67041963,33.1214592,32.72199273,33.05524595,32.78189817,33.0642949,32.77549379,33.09389824,32.71558835,33.08484929,171,243,455,407,46576
ow,ow-0526.jpg,ow-0526.xml,ow-0526-01-001331,S1_20190716_154751_154931_VV_9,2019-07-16T15:47:51,2019-07-16T15:49:31,S1B_IW_GRDH_1SDV_20190716T154841_20190716T154906_017161_020487_A651.SAFE,640,640,32.89948174,33.0377649,33.03454343,33.05800408,33.00973605,33.17352015,32.87467436,33.15328097,32.95008674,33.10235664,32.9597943,33.10381133,32.95874774,33.10868467,32.94904018,33.10722998,296,306,342,333,1242
ow,ow-0527.jpg,ow-0527.xml,ow-0527-01-001332,S1_20190716_154751_154931_VV_10,2019-07-16T15:47:51,2019-07-16T15:49:31,S1B_IW_GRDH_1SDV_20190716T154906_20190716T154931_017161_020487_E890.SAFE,640,640,31.71603164,34.41467647,31.85259665,34.43577595,31.82636506,34.55128641,31.68980005,34.53018693,31.71779761,34.51583083,31.72121174,34.51635832,31.72014608,34.52105093,31.71673195,34.52052344,112,540,128,566,416
ow,ow-0527.jpg,ow-0527.xml,ow-0527-02-001333,S1_20190716_154751_154931_VV_10,2019-07-16T15:47:51,2019-07-16T15:49:31,S1B_IW_GRDH_1SDV_20190716T154906_20190716T154931_017161_020487_E890.SAFE,640,640,31.71603164,34.41467647,31.85259665,34.43577595,31.82636506,34.55128641,31.68980005,34.53018693,31.82270992,34.44386201,31.82761773,34.44462027,31.82692095,34.44768852,31.82201315,34.44693026,513,68,536,85,391
ow,ow-0528.jpg,ow-0528.xml,ow-0528-01-001334,S1_20190718_034303_034443_VV_0,2019-07-18T03:43:03,2019-07-18T03:44:43,S1A_IW_GRDH_1SDV_20190718T034418_20190718T034443_028166_032E76_B00A.SAFE,1548,1548,33.00662548,31.69363969,32.6857911,31.74028362,32.62909795,31.46146147,32.94993233,31.41481754,32.81549127,31.51132148,32.77922123,31.51659454,32.77724356,31.50686818,32.8135136,31.50159513,722,1133,897,1187,9450
ow,ow-0528.jpg,ow-0528.xml,ow-0528-02-001335,S1_20190718_034303_034443_VV_0,2019-07-18T03:43:03,2019-07-18T03:44:43,S1A_IW_GRDH_1SDV_20190718T034418_20190718T034443_028166_032E76_B00A.SAFE,1548,1548,33.00662548,31.69363969,32.6857911,31.74028362,32.62909795,31.46146147,32.94993233,31.41481754,32.85772266,31.50388365,32.83658241,31.50695709,32.83460474,31.49723074,32.85574499,31.4941573,517,1140,619,1194,5508
ow,ow-0528.jpg,ow-0528.xml,ow-0528-03-001336,S1_20190718_034303_034443_VV_0,2019-07-18T03:43:03,2019-07-18T03:44:43,S1A_IW_GRDH_1SDV_20190718T034418_20190718T034443_028166_032E76_B00A.SAFE,1548,1548,33.00662548,31.69363969,32.6857911,31.74028362,32.62909795,31.46146147,32.94993233,31.41481754,32.78938316,31.72503764,32.78109286,31.72624291,32.78043364,31.72300079,32.78872393,31.72179552,1048,1,1088,19,720
ow,ow-0528.jpg,ow-0528.xml,ow-0528-04-001337,S1_20190718_034303_034443_VV_0,2019-07-18T03:43:03,2019-07-18T03:44:43,S1A_IW_GRDH_1SDV_20190718T034418_20190718T034443_028166_032E76_B00A.SAFE,1548,1548,33.00662548,31.69363969,32.6857911,31.74028362,32.62909795,31.46146147,32.94993233,31.41481754,32.75581664,31.71842023,32.75084246,31.71914339,32.74970714,31.71355975,32.75468131,31.71283658,1199,63,1223,94,744
ow,ow-0528.jpg,ow-0528.xml,ow-0528-05-001338,S1_20190718_034303_034443_VV_0,2019-07-18T03:43:03,2019-07-18T03:44:43,S1A_IW_GRDH_1SDV_20190718T034418_20190718T034443_028166_032E76_B00A.SAFE,1548,1548,33.00662548,31.69363969,32.6857911,31.74028362,32.62909795,31.46146147,32.94993233,31.41481754,32.83131607,31.50939171,32.81825886,31.51129001,32.81712353,31.50570636,32.83018074,31.50380806,646,1131,709,1162,1953
ow,ow-0529.jpg,ow-0529.xml,ow-0529-01-001339,S1_20190718_034303_034443_VV_1,2019-07-18T03:43:03,2019-07-18T03:44:43,S1A_IW_GRDH_1SDV_20190718T034328_20190718T034353_028166_032E76_4818.SAFE,640,640,34.79824198,34.50900574,34.66145959,34.52934265,34.63564,34.41409342,34.77242239,34.3937565,34.75251113,34.49217349,34.69352373,34.50094378,34.6775882,34.4298134,34.73657561,34.4210431,190,127,466,522,109020
ow,ow-0530.jpg,ow-0530.xml,ow-0530-01-001340,S1_20190718_034303_034443_VV_2,2019-07-18T03:43:03,2019-07-18T03:44:43,S1A_IW_GRDH_1SDV_20190718T034328_20190718T034353_028166_032E76_4818.SAFE,640,640,34.30575059,34.53140757,34.16876923,34.55127849,34.14352635,34.43605289,34.28050771,34.41618197,34.23503619,34.48482257,34.21406092,34.4878653,34.21287766,34.4824641,34.23385293,34.47942137,274,306,372,336,2940
ow,ow-0531.jpg,ow-0531.xml,ow-0531-01-001341,S1_20190718_034303_034443_VV_3,2019-07-18T03:43:03,2019-07-18T03:44:43,S1A_IW_GRDH_1SDV_20190718T034328_20190718T034353_028166_032E76_4818.SAFE,640,640,33.50662598,34.54777527,33.36932456,34.56686671,33.34504941,34.45169241,33.48235082,34.43260098,33.39633403,34.50642953,33.38517829,34.50798071,33.38415418,34.5031218,33.39530992,34.50157062,460,306,512,333,1404
ow,ow-0532.jpg,ow-0532.xml,ow-0532-01-001342,S1_20190718_034303_034443_VV_4,2019-07-18T03:43:03,2019-07-18T03:44:43,S1A_IW_GRDH_1SDV_20190718T034328_20190718T034353_028166_032E76_4818.SAFE,640,640,33.35920857,34.52015352,33.22193906,34.53891082,33.19805285,34.42376212,33.33532235,34.40500481,33.2500118,34.4817891,33.21119026,34.48709391,33.20913754,34.47719831,33.24795907,34.47189351,459,288,640,343,9955
ow,ow-0533.jpg,ow-0533.xml,ow-0533-01-001343,S1_20190718_034303_034443_VV_9,2019-07-18T03:43:03,2019-07-18T03:44:43,S1A_IW_GRDH_1SDV_20190718T034353_20190718T034418_028166_032E76_4F04.SAFE,640,640,34.0961853,32.08869552,33.96305207,32.10905356,33.93829805,31.99368235,34.07143128,31.97332431,34.06581089,32.04325727,33.97157752,32.05766694,33.96678143,32.03531377,34.0610148,32.02090409,96,269,549,393,56172
ow,ow-0534.jpg,ow-0534.xml,ow-0534-01-001344,S1_20190718_034303_034443_VV_13,2019-07-18T03:43:03,2019-07-18T03:44:43,S1A_IW_GRDH_1SDV_20190718T034418_20190718T034443_028166_032E76_B00A.SAFE,640,640,32.81512659,31.83936554,32.68160714,31.85857664,32.65822903,31.74329829,32.79174849,31.72408718,32.74071994,31.74032745,32.7309146,31.74173826,32.72916124,31.73309239,32.73896658,31.73168157,253,592,300,640,2256
ow,ow-0534.jpg,ow-0534.xml,ow-0534-02-001345,S1_20190718_034303_034443_VV_13,2019-07-18T03:43:03,2019-07-18T03:44:43,S1A_IW_GRDH_1SDV_20190718T034418_20190718T034443_028166_032E76_B00A.SAFE,640,640,32.81512659,31.83936554,32.68160714,31.85857664,32.65822903,31.74329829,32.79174849,31.72408718,32.78919837,31.77821378,32.77730679,31.77992477,32.77504204,31.76875718,32.78693362,31.76704619,63,350,120,412,3534
ow,ow-0535.jpg,ow-0535.xml,ow-0535-01-001346,S1_20190722_035856_040035_VV_0,2019-07-22T03:58:56,2019-07-22T04:00:35,S1B_IW_GRDH_1SDV_20190722T035856_20190722T035921_017241_0206D7_728A.SAFE,640,640,31.76575411,34.55664821,31.62913025,34.57806238,31.60252293,34.46277966,31.73914679,34.44136548,31.75238085,34.50349725,31.67702425,34.5153085,31.67507028,34.50684243,31.75042688,34.49503117,5,296,358,343,16591
ow,ow-0536.jpg,ow-0536.xml,ow-0536-01-001347,S1_20190722_035856_040035_VV_1,2019-07-22T03:58:56,2019-07-22T04:00:35,S1B_IW_GRDH_1SDV_20190722T035946_20190722T040011_017241_0206D7_90B0.SAFE,640,640,31.21612059,32.16864833,31.08321375,32.19026951,31.0570983,32.0748972,31.19000514,32.05327602,31.18669434,32.11474644,31.17111932,32.11728017,31.17058885,32.11493667,31.18616387,32.11240294,80,314,155,327,975
ow,ow-0537.jpg,ow-0537.xml,ow-0537-01-001348,S1_20190722_035856_040035_VV_2,2019-07-22T03:58:56,2019-07-22T04:00:35,S1B_IW_GRDH_1SDV_20190722T035946_20190722T040011_017241_0206D7_90B0.SAFE,640,640,30.37543545,31.8335328,30.24216219,31.85431597,30.21705237,31.73897484,30.35032563,31.71819167,30.30462479,31.78420152,30.29712817,31.78537057,30.29626502,31.78140572,30.30376164,31.78023667,279,324,315,346,792
ow,ow-0537.jpg,ow-0537.xml,ow-0537-02-001349,S1_20190722_035856_040035_VV_2,2019-07-22T03:58:56,2019-07-22T04:00:35,S1B_IW_GRDH_1SDV_20190722T035946_20190722T040011_017241_0206D7_90B0.SAFE,640,640,30.37543545,31.8335328,30.24216219,31.85431597,30.21705237,31.73897484,30.35032563,31.71819167,30.29841987,31.7883369,30.29050677,31.7895709,30.28964362,31.78560605,30.29755672,31.78437205,312,307,350,329,836
ow,ow-0538.jpg,ow-0538.xml,ow-0538-01-001350,S1_20190722_154841_155021_VV_0,2019-07-22T15:48:41,2019-07-22T15:50:21,S1A_IW_GRDH_1SDV_20190722T154906_20190722T154931_028232_033073_7CD0.SAFE,640,640,32.26925569,32.91672842,32.40385487,32.93774725,32.37817328,33.0530664,32.24357409,33.03204757,32.31802784,32.97916163,32.33211869,32.98136204,32.32987155,32.99145246,32.3157807,32.98925205,288,294,355,350,3752
ow,ow-0538.jpg,ow-0538.xml,ow-0538-02-001351,S1_20190722_154841_155021_VV_0,2019-07-22T15:48:41,2019-07-22T15:50:21,S1A_IW_GRDH_1SDV_20190722T154906_20190722T154931_028232_033073_7CD0.SAFE,640,640,32.26925569,32.91672842,32.40385487,32.93774725,32.37817328,33.0530664,32.24357409,33.03204757,32.3222964,32.97367527,32.33070885,32.97498895,32.3299063,32.97859267,32.32149385,32.977279,302,261,342,281,800
ow,ow-0539.jpg,ow-0539.xml,ow-0539-01-001352,S1_20190722_154841_155021_VV_1,2019-07-22T15:48:41,2019-07-22T15:50:21,S1A_IW_GRDH_1SDV_20190722T154931_20190722T154956_028232_033073_685D.SAFE,640,640,31.86940112,34.41418299,32.00695043,34.43497079,31.98098793,34.55022638,31.84343862,34.52943858,31.89344215,34.43867268,31.98005523,34.4517625,31.97271271,34.48435823,31.88609963,34.4712684,133,112,536,293,72943
ow,ow-0539.jpg,ow-0539.xml,ow-0539-02-001353,S1_20190722_154841_155021_VV_1,2019-07-22T15:48:41,2019-07-22T15:50:21,S1A_IW_GRDH_1SDV_20190722T154931_20190722T154956_028232_033073_685D.SAFE,640,640,31.86940112,34.41418299,32.00695043,34.43497079,31.98098793,34.55022638,31.84343862,34.52943858,31.88854919,34.46828669,31.91562921,34.47237929,31.91132917,34.49146849,31.88424915,34.48737589,141,275,267,381,13356
ow,ow-0539.jpg,ow-0539.xml,ow-0539-03-001354,S1_20190722_154841_155021_VV_1,2019-07-22T15:48:41,2019-07-22T15:50:21,S1A_IW_GRDH_1SDV_20190722T154931_20190722T154956_028232_033073_685D.SAFE,640,640,31.86940112,34.41418299,32.00695043,34.43497079,31.98098793,34.55022638,31.84343862,34.52943858,31.86224691,34.4745536,31.87170343,34.47598276,31.86979681,34.48444684,31.86034029,34.48301768,29,330,73,377,2068
ow,ow-0540.jpg,ow-0540.xml,ow-0540-01-001355,S1_20190722_154841_155021_VV_2,2019-07-22T15:48:41,2019-07-22T15:50:21,S1A_IW_GRDH_1SDV_20190722T154931_20190722T154956_028232_033073_685D.SAFE,640,640,31.72435253,34.43148818,31.86176139,34.45259029,31.83540975,34.56785416,31.69800089,34.54675205,31.73047615,34.46691685,31.83718271,34.48330396,31.82557152,34.5340921,31.71886495,34.51770499,64,185,561,467,140154
ow,ow-0541.jpg,ow-0541.xml,ow-0541-01-001356,S1_20190723_035122_035304_VV_0,2019-07-23T03:51:22,2019-07-23T03:53:04,S1A_IW_GRDH_1SDV_20190723T035147_20190723T035212_028239_0330A7_B840.SAFE,640,640,32.02327829,34.53865251,31.88578016,34.55820724,31.86192202,34.44288954,31.99942014,34.42333481,31.96228016,34.49075446,31.92339397,34.49628478,31.9223129,34.49105945,31.96119909,34.48552912,231,305,412,334,5249
ow,ow-0542.jpg,ow-0542.xml,ow-0542-01-001357,S1_20190723_035122_035304_VV_1,2019-07-23T03:51:22,2019-07-23T03:53:04,S1A_IW_GRDH_1SDV_20190723T035147_20190723T035212_028239_0330A7_B840.SAFE,640,640,32.19340011,34.49449623,32.05596637,34.51420814,32.03191557,34.39887889,32.1693493,34.37916698,32.11807466,34.44720978,32.10755239,34.44871897,32.10695112,34.44583574,32.11747339,34.44432655,296,313,345,329,784
ow,ow-0543.jpg,ow-0543.xml,ow-0543-01-001358,S1_20190723_035122_035304_VV_2,2019-07-23T03:51:22,2019-07-23T03:53:04,S1A_IW_GRDH_1SDV_20190723T035147_20190723T035212_028239_0330A7_B840.SAFE,640,640,33.50176324,34.28468531,33.3650032,34.30594251,33.33904733,34.19054036,33.47580737,34.16928316,33.41663695,34.24249081,33.40659363,34.24405189,33.4060664,34.24170778,33.41610972,34.24014671,342,297,389,310,611
ow,ow-0543.jpg,ow-0543.xml,ow-0543-02-001359,S1_20190723_035122_035304_VV_2,2019-07-23T03:51:22,2019-07-23T03:53:04,S1A_IW_GRDH_1SDV_20190723T035147_20190723T035212_028239_0330A7_B840.SAFE,640,640,33.50176324,34.28468531,33.3650032,34.30594251,33.33904733,34.19054036,33.47580737,34.16928316,33.435861,34.23651682,33.41748387,34.23937326,33.41614552,34.23342284,33.43452265,34.2305664,249,313,335,346,2838
ow,ow-0544.jpg,ow-0544.xml,ow-0544-01-001360,S1_20190723_035122_035304_VV_3,2019-07-23T03:51:22,2019-07-23T03:53:04,S1A_IW_GRDH_1SDV_20190723T035147_20190723T035212_028239_0330A7_B840.SAFE,640,640,33.03485997,33.28378536,32.89989803,33.30478691,32.8741598,33.18943095,33.00912173,33.16842941,32.96142089,33.24411181,32.94665943,33.24640885,32.94263783,33.22838449,32.95739929,33.22608744,296,274,366,374,7000
ow,ow-0545.jpg,ow-0545.xml,ow-0545-01-001361,S1_20190723_035122_035304_VV_4,2019-07-23T03:51:22,2019-07-23T03:53:04,S1A_IW_GRDH_1SDV_20190723T035212_20190723T035237_028239_0330A7_A061.SAFE,640,640,31.27710681,32.41933383,31.14331828,32.43883933,31.11974766,32.32354184,31.25353619,32.30403634,31.21112034,32.36086774,31.20087716,32.36236113,31.19881473,32.3522726,31.20905791,32.35077921,251,367,300,423,2744
ow,ow-0545.jpg,ow-0545.xml,ow-0545-02-001362,S1_20190723_035122_035304_VV_4,2019-07-23T03:51:22,2019-07-23T03:53:04,S1A_IW_GRDH_1SDV_20190723T035212_20190723T035237_028239_0330A7_A061.SAFE,640,640,31.27710681,32.41933383,31.14331828,32.43883933,31.11974766,32.32354184,31.25353619,32.30403634,31.21052172,32.3863715,31.18919918,32.38948019,31.18411676,32.36461917,31.20543931,32.36151048,278,230,380,368,14076
ow,ow-0546.jpg,ow-0546.xml,ow-0546-01-001363,S1_20190723_035122_035304_VV_5,2019-07-23T03:51:22,2019-07-23T03:53:04,S1A_IW_GRDH_1SDV_20190723T035212_20190723T035237_028239_0330A7_A061.SAFE,640,640,32.8948035,31.54259311,32.76266039,31.5639592,32.73696438,31.44853467,32.86910749,31.42716858,32.83341702,31.49553162,32.79315467,31.5020416,32.79191002,31.49645073,32.83217237,31.48994075,238,305,433,336,6045
ow,ow-0547.jpg,ow-0547.xml,ow-0547-01-001364,S1_20190723_035122_035304_VV_7,2019-07-23T03:51:22,2019-07-23T03:53:04,S1A_IW_GRDH_1SDV_20190723T035237_20190723T035304_028239_0330A7_2013.SAFE;S1A_IW_GRDH_1SDV_20190723T035212_20190723T035237_028239_0330A7_A061.SAFE,640,640,32.37902208,31.45262258,32.24663847,31.47344043,32.22159859,31.35804008,32.3539822,31.33722223,32.35180113,31.35378772,32.33876962,31.35583697,32.33536576,31.34014974,32.34839727,31.33810048,27,553,90,640,5481
ow,ow-0547.jpg,ow-0547.xml,ow-0547-02-001365,S1_20190723_035122_035304_VV_7,2019-07-23T03:51:22,2019-07-23T03:53:04,S1A_IW_GRDH_1SDV_20190723T035237_20190723T035304_028239_0330A7_2013.SAFE;S1A_IW_GRDH_1SDV_20190723T035212_20190723T035237_028239_0330A7_A061.SAFE,640,640,32.37902208,31.45262258,32.24663847,31.47344043,32.22159859,31.35804008,32.3539822,31.33722223,32.36405908,31.39549305,32.36054264,31.39604602,32.35991664,31.39316102,32.36343308,31.39260804,12,319,29,335,272
ow,ow-0547.jpg,ow-0547.xml,ow-0547-03-001366,S1_20190723_035122_035304_VV_7,2019-07-23T03:51:22,2019-07-23T03:53:04,S1A_IW_GRDH_1SDV_20190723T035237_20190723T035304_028239_0330A7_2013.SAFE;S1A_IW_GRDH_1SDV_20190723T035212_20190723T035237_028239_0330A7_A061.SAFE,640,640,32.37902208,31.45262258,32.24663847,31.47344043,32.22159859,31.35804008,32.3539822,31.33722223,32.35387278,31.40473998,32.33877277,31.40711451,32.33712953,31.39954136,32.35222954,31.39716683,69,278,142,320,3066
ow,ow-0548.jpg,ow-0548.xml,ow-0548-01-001367,S1_20190723_153948_154103_VV_0,2019-07-23T15:39:48,2019-07-23T15:41:03,S1B_IW_GRDH_1SDV_20190723T154038_20190723T154103_017263_020781_85CD.SAFE,953,953,33.67234586,34.36638894,33.87654069,34.39804088,33.83754659,34.56971608,33.63335175,34.53806413,33.86421538,34.41421934,33.87257172,34.41551464,33.87150788,34.42019833,33.86315153,34.41890303,914,97,953,123,1014
ow,ow-0548.jpg,ow-0548.xml,ow-0548-02-001368,S1_20190723_153948_154103_VV_0,2019-07-23T15:39:48,2019-07-23T15:41:03,S1B_IW_GRDH_1SDV_20190723T154038_20190723T154103_017263_020781_85CD.SAFE,953,953,33.67234586,34.36638894,33.87654069,34.39804088,33.83754659,34.56971608,33.63335175,34.53806413,33.67211003,34.36840371,33.72246238,34.37620875,33.71865708,34.39296195,33.66830473,34.3851569,1,11,236,104,21855
ow,ow-0548.jpg,ow-0548.xml,ow-0548-03-001369,S1_20190723_153948_154103_VV_0,2019-07-23T15:39:48,2019-07-23T15:41:03,S1B_IW_GRDH_1SDV_20190723T154038_20190723T154103_017263_020781_85CD.SAFE,953,953,33.67234586,34.36638894,33.87654069,34.39804088,33.83754659,34.56971608,33.63335175,34.53806413,33.74258396,34.37746293,33.79743588,34.38596544,33.79485809,34.39731438,33.74000618,34.38881186,328,1,584,64,16128
ow,ow-0548.jpg,ow-0548.xml,ow-0548-04-001370,S1_20190723_153948_154103_VV_0,2019-07-23T15:39:48,2019-07-23T15:41:03,S1B_IW_GRDH_1SDV_20190723T154038_20190723T154103_017263_020781_85CD.SAFE,953,953,33.67234586,34.36638894,33.87654069,34.39804088,33.83754659,34.56971608,33.63335175,34.53806413,33.80738668,34.40074829,33.83481263,34.40499955,33.83301228,34.41292579,33.80558632,34.40867454,644,72,772,116,5632
ow,ow-0549.jpg,ow-0549.xml,ow-0549-01-001371,S1_20190723_153948_154103_VV_4,2019-07-23T15:39:48,2019-07-23T15:41:03,S1B_IW_GRDH_1SDV_20190723T154038_20190723T154103_017263_020781_85CD.SAFE,640,640,33.88468777,34.35853152,34.0219608,34.37947589,33.9961577,34.49475841,33.85888467,34.47381403,33.87453587,34.41379809,33.91014107,34.41923054,33.90897186,34.42445428,33.87336667,34.41902183,10,305,176,334,4814
ow,ow-0549.jpg,ow-0549.xml,ow-0549-02-001372,S1_20190723_153948_154103_VV_4,2019-07-23T15:39:48,2019-07-23T15:41:03,S1B_IW_GRDH_1SDV_20190723T154038_20190723T154103_017263_020781_85CD.SAFE,640,640,33.88468777,34.35853152,34.0219608,34.37947589,33.9961577,34.49475841,33.85888467,34.47381403,33.91060875,34.4220961,33.94020825,34.42661223,33.93956317,34.4294943,33.90996367,34.42497817,181,320,319,336,2208
ow,ow-0550.jpg,ow-0550.xml,ow-0550-01-001373,S1_20190723_153948_154103_VV_5,2019-07-23T15:39:48,2019-07-23T15:41:03,S1B_IW_GRDH_1SDV_20190723T154038_20190723T154103_017263_020781_85CD.SAFE,640,640,34.29366524,34.43406413,34.43114464,34.45453876,34.40592181,34.56980276,34.26844241,34.54932813,34.29798453,34.49440357,34.30378444,34.49526734,34.30303564,34.49868924,34.29723572,34.49782547,79,321,106,340,513
ow,ow-0550.jpg,ow-0550.xml,ow-0550-02-001374,S1_20190723_153948_154103_VV_5,2019-07-23T15:39:48,2019-07-23T15:41:03,S1B_IW_GRDH_1SDV_20190723T154038_20190723T154103_017263_020781_85CD.SAFE,640,640,34.29366524,34.43406413,34.43114464,34.45453876,34.40592181,34.56980276,34.26844241,34.54932813,34.39752889,34.50476531,34.40397324,34.50572506,34.40286974,34.51076786,34.39642539,34.50980811,538,297,568,325,840
ow,ow-0551.jpg,ow-0551.xml,ow-0551-01-001375,S1_20190724_034223_034403_VV_1,2019-07-24T03:42:23,2019-07-24T03:44:03,S1B_IW_GRDH_1SDV_20190724T034248_20190724T034313_017270_0207B2_7027.SAFE,640,640,34.77290978,33.76095118,34.63737706,33.7814909,34.61210811,33.6661959,34.74764083,33.64565618,34.70134947,33.73494188,34.68334903,33.73766981,34.67908489,33.71821378,34.69708533,33.71548585,301,198,386,306,9180
ow,ow-0551.jpg,ow-0551.xml,ow-0551-02-001376,S1_20190724_034223_034403_VV_1,2019-07-24T03:42:23,2019-07-24T03:44:03,S1B_IW_GRDH_1SDV_20190724T034248_20190724T034313_017270_0207B2_7027.SAFE,640,640,34.77290978,33.76095118,34.63737706,33.7814909,34.61210811,33.6661959,34.74764083,33.64565618,34.70306512,33.69484963,34.70031211,33.69526685,34.69960142,33.69202417,34.70235443,33.69160696,253,412,266,430,234
ow,ow-0552.jpg,ow-0552.xml,ow-0552-01-001377,S1_20190724_034223_034403_VV_4,2019-07-24T03:42:23,2019-07-24T03:44:03,S1B_IW_GRDH_1SDV_20190724T034338_20190724T034403_017270_0207B2_57DF.SAFE;S1B_IW_GRDH_1SDV_20190724T034313_20190724T034338_017270_0207B2_7A9C.SAFE,640,640,33.73547766,31.86684678,33.60236641,31.88680581,33.57822342,31.77151124,33.71133468,31.7515522,33.66131206,31.81999647,33.65590441,31.82080731,33.65496133,31.81630361,33.66036897,31.81549278,300,312,326,337,650
ow,ow-0553.jpg,ow-0553.xml,ow-0553-01-001378,S1_20190724_034223_034403_VV_6,2019-07-24T03:42:23,2019-07-24T03:44:03,S1B_IW_GRDH_1SDV_20190724T034338_20190724T034403_017270_0207B2_57DF.SAFE,640,640,32.81757578,31.76710434,32.6842812,31.78619731,32.66115751,31.67098037,32.79445209,31.6518874,32.70025184,31.73446082,32.67463429,31.73813025,32.67040699,31.71706715,32.69602454,31.71339772,517,267,640,384,14391
ow,ow-0554.jpg,ow-0554.xml,ow-0554-01-001379,S1_20190724_034223_034403_VV_8,2019-07-24T03:42:23,2019-07-24T03:44:03,S1B_IW_GRDH_1SDV_20190724T034338_20190724T034403_017270_0207B2_57DF.SAFE,640,640,32.83551857,31.53151811,32.70307257,31.55083599,32.67946103,31.43564596,32.81190703,31.41632808,32.76448103,31.48441599,32.75082254,31.48640814,32.75008468,31.48280845,32.76374317,31.4808163,288,310,354,330,1320
ow,ow-0555.jpg,ow-0555.xml,ow-0555-01-001380,S1_20190727_155643_155823_VV_2,2019-07-27T15:56:43,2019-07-27T15:58:23,S1A_IW_GRDH_1SDV_20190727T155708_20190727T155733_028305_0332B2_BDB8.SAFE,640,640,31.65124405,31.77889549,31.78437882,31.7988173,31.76035431,31.91432045,31.62721953,31.89439864,31.70198281,31.84845608,31.70531118,31.84895413,31.70441026,31.8532855,31.70108189,31.85278745,304,333,320,357,384
ow,ow-0555.jpg,ow-0555.xml,ow-0555-02-001381,S1_20190727_155643_155823_VV_2,2019-07-27T15:56:43,2019-07-27T15:58:23,S1A_IW_GRDH_1SDV_20190727T155708_20190727T155733_028305_0332B2_BDB8.SAFE,640,640,31.65124405,31.77889549,31.78437882,31.7988173,31.76035431,31.91432045,31.62721953,31.89439864,31.70866146,31.83903437,31.71178181,31.83950129,31.71114366,31.84256934,31.70802331,31.84210242,326,277,341,294,255
ow,ow-0556.jpg,ow-0556.xml,ow-0556-01-001382,S1_20190729_035046_035225_VV_0,2019-07-29T03:50:46,2019-07-29T03:52:25,S1B_IW_GRDH_1SDV_20190729T035111_20190729T035136_017343_0209D6_9017.SAFE,640,640,32.61650758,32.85430933,32.48178577,32.87503539,32.45646755,32.7597339,32.59118936,32.73900783,32.57159972,32.85097466,32.54823391,32.85456933,32.54020329,32.81799714,32.5635691,32.81440246,203,55,314,258,22533
ow,ow-0556.jpg,ow-0556.xml,ow-0556-02-001383,S1_20190729_035046_035225_VV_0,2019-07-29T03:50:46,2019-07-29T03:52:25,S1B_IW_GRDH_1SDV_20190729T035111_20190729T035136_017343_0209D6_9017.SAFE,640,640,32.61650758,32.85430933,32.48178577,32.87503539,32.45646755,32.7597339,32.59118936,32.73900783,32.53011443,32.7968274,32.52190482,32.7980904,32.51933344,32.78638009,32.52754305,32.7851171,339,380,378,445,2535
ow,ow-0556.jpg,ow-0556.xml,ow-0556-03-001384,S1_20190729_035046_035225_VV_0,2019-07-29T03:50:46,2019-07-29T03:52:25,S1B_IW_GRDH_1SDV_20190729T035111_20190729T035136_017343_0209D6_9017.SAFE,640,640,32.61650758,32.85430933,32.48178577,32.87503539,32.45646755,32.7597339,32.59118936,32.73900783,32.51440841,32.77782554,32.51209288,32.77818177,32.51153905,32.77565955,32.51385458,32.77530332,392,495,403,509,154
ow,ow-0556.jpg,ow-0556.xml,ow-0556-04-001385,S1_20190729_035046_035225_VV_0,2019-07-29T03:50:46,2019-07-29T03:52:25,S1B_IW_GRDH_1SDV_20190729T035111_20190729T035136_017343_0209D6_9017.SAFE,640,640,32.61650758,32.85430933,32.48178577,32.87503539,32.45646755,32.7597339,32.59118936,32.73900783,32.50944528,32.77207053,32.50544572,32.77268583,32.50465453,32.76908266,32.50865408,32.76846736,409,530,428,550,380
ow,ow-0556.jpg,ow-0556.xml,ow-0556-05-001386,S1_20190729_035046_035225_VV_0,2019-07-29T03:50:46,2019-07-29T03:52:25,S1B_IW_GRDH_1SDV_20190729T035111_20190729T035136_017343_0209D6_9017.SAFE,640,640,32.61650758,32.85430933,32.48178577,32.87503539,32.45646755,32.7597339,32.59118936,32.73900783,32.50627213,32.76753009,32.50269359,32.76808063,32.50142768,32.76231555,32.50500622,32.76176502,419,557,436,589,544
ow,ow-0557.jpg,ow-0557.xml,ow-0557-01-001387,S1_20190729_035046_035225_VV_1,2019-07-29T03:50:46,2019-07-29T03:52:25,S1B_IW_GRDH_1SDV_20190729T035136_20190729T035201_017343_0209D6_D740.SAFE;S1B_IW_GRDH_1SDV_20190729T035111_20190729T035136_017343_0209D6_9017.SAFE,640,640,32.56212777,32.7393162,32.42779348,32.75991505,32.40271597,32.64460814,32.53705026,32.62400929,32.4465881,32.69075461,32.42244991,32.69445597,32.41410379,32.65608039,32.43824199,32.65237903,484,356,599,569,24495
ow,ow-0557.jpg,ow-0557.xml,ow-0557-02-001388,S1_20190729_035046_035225_VV_1,2019-07-29T03:50:46,2019-07-29T03:52:25,S1B_IW_GRDH_1SDV_20190729T035136_20190729T035201_017343_0209D6_D740.SAFE;S1B_IW_GRDH_1SDV_20190729T035111_20190729T035136_017343_0209D6_9017.SAFE,640,640,32.56212777,32.7393162,32.42779348,32.75991505,32.40271597,32.64460814,32.53705026,32.62400929,32.46130082,32.70953639,32.45731277,32.71014792,32.45668583,32.70726525,32.46067388,32.70665372,435,243,454,259,304
ow,ow-0557.jpg,ow-0557.xml,ow-0557-03-001389,S1_20190729_035046_035225_VV_1,2019-07-29T03:50:46,2019-07-29T03:52:25,S1B_IW_GRDH_1SDV_20190729T035136_20190729T035201_017343_0209D6_D740.SAFE;S1B_IW_GRDH_1SDV_20190729T035111_20190729T035136_017343_0209D6_9017.SAFE,640,640,32.56212777,32.7393162,32.42779348,32.75991505,32.40271597,32.64460814,32.53705026,32.62400929,32.45678093,32.70371333,32.45384237,32.70416393,32.45341135,32.70218209,32.45634991,32.70173149,450,278,464,289,154
ow,ow-0558.jpg,ow-0558.xml,ow-0558-01-001390,S1_20190729_035046_035225_VV_3,2019-07-29T03:50:46,2019-07-29T03:52:25,S1B_IW_GRDH_1SDV_20190729T035136_20190729T035201_017343_0209D6_D740.SAFE,640,640,32.48746506,31.86712399,32.3545192,31.88792049,32.32946069,31.77257731,32.46240655,31.75178081,32.42201958,31.81996618,32.39584586,31.82406049,32.39490617,31.81973512,32.42107989,31.81564081,257,308,383,332,3024
ow,ow-0559.jpg,ow-0559.xml,ow-0559-01-001391,S1_20190729_035046_035225_VV_4,2019-07-29T03:50:46,2019-07-29T03:52:25,S1B_IW_GRDH_1SDV_20190729T035136_20190729T035201_017343_0209D6_D740.SAFE,640,640,32.21287748,31.90051524,32.07981217,31.92103335,32.05508843,31.80570548,32.18815373,31.78518737,32.13691763,31.85377479,32.13005645,31.85483275,32.12955425,31.85249015,32.13641543,31.85143219,307,314,340,327,429
ow,ow-0560.jpg,ow-0560.xml,ow-0560-01-001392,S1_20190729_154013_154153_VV_0,2019-07-29T15:40:13,2019-07-29T15:41:53,S1A_IW_GRDH_1SDV_20190729T154038_20190729T154103_028334_033394_F489.SAFE,640,640,34.26198562,31.66329408,34.3952027,31.68449608,34.36945386,31.7998367,34.23623677,31.7786347,34.32510224,31.74071019,34.33405276,31.7421347,34.33320788,31.74591931,34.32425736,31.7444948,373,361,416,382,903
ow,ow-0560.jpg,ow-0560.xml,ow-0560-02-001393,S1_20190729_154013_154153_VV_0,2019-07-29T15:40:13,2019-07-29T15:41:53,S1A_IW_GRDH_1SDV_20190729T154038_20190729T154103_028334_033394_F489.SAFE,640,640,34.26198562,31.66329408,34.3952027,31.68449608,34.36945386,31.7998367,34.23623677,31.7786347,34.29619541,31.73405671,34.31159864,31.73650819,34.31047212,31.74155434,34.2950689,31.73910286,232,350,306,378,2072
ow,ow-0561.jpg,ow-0561.xml,ow-0561-01-001394,S1_20190730_034303_034443_VV_0,2019-07-30T03:43:03,2019-07-30T03:44:43,S1A_IW_GRDH_1SDV_20190730T034328_20190730T034353_028341_0333D2_4C47.SAFE,890,890,34.12997601,33.77975747,33.94075495,33.80724494,33.90668265,33.64691723,34.09590371,33.61942976,34.10418067,33.76047727,33.98299415,33.7780816,33.9696715,33.71539167,34.09085802,33.69778733,99,124,669,472,198360
ow,ow-0562.jpg,ow-0562.xml,ow-0562-01-001395,S1_20190730_034303_034443_VV_2,2019-07-30T03:43:03,2019-07-30T03:44:43,S1A_IW_GRDH_1SDV_20190730T034328_20190730T034353_028341_0333D2_4C47.SAFE,640,640,34.05112514,34.48496575,33.91401519,34.504526,33.88914031,34.38932165,34.02625026,34.3697614,33.9932315,34.47559752,33.93988716,34.48320768,33.93032588,34.43892601,33.98367022,34.43131585,253,95,502,341,61254
ow,ow-0563.jpg,ow-0563.xml,ow-0563-01-001396,S1_20190730_034303_034443_VV_3,2019-07-30T03:43:03,2019-07-30T03:44:43,S1A_IW_GRDH_1SDV_20190730T034328_20190730T034353_028341_0333D2_4C47.SAFE,640,640,34.55874844,34.43465417,34.42190035,34.45483669,34.39625444,34.33959798,34.53310253,34.31941546,34.50592639,34.38683931,34.45439453,34.39443929,34.45279166,34.38723687,34.50432352,34.37963689,191,299,432,339,9640
ow,ow-0564.jpg,ow-0564.xml,ow-0564-01-001397,S1_20190730_034303_034443_VV_4,2019-07-30T03:43:03,2019-07-30T03:44:43,S1A_IW_GRDH_1SDV_20190730T034353_20190730T034418_028341_0333D2_2D41.SAFE,640,640,33.25050044,32.60794572,33.11605885,32.62724271,33.09221685,32.5119962,33.22665844,32.49269921,33.19312885,32.5794674,33.15636748,32.58474392,33.14295636,32.51991776,33.17971773,32.51464124,238,198,413,558,63000
ow,ow-0565.jpg,ow-0565.xml,ow-0565-01-001398,S1_20190730_034303_034443_VV_5,2019-07-30T03:43:03,2019-07-30T03:44:43,S1A_IW_GRDH_1SDV_20190730T034353_20190730T034418_028341_0333D2_2D41.SAFE,640,640,33.17729317,32.49978482,33.04285157,32.51908181,33.01900957,32.4038353,33.15345117,32.38453831,33.11056385,32.46894126,33.10174112,32.47020762,33.09883538,32.45616196,33.10765811,32.45489559,279,218,321,296,3276
ow,ow-0565.jpg,ow-0565.xml,ow-0565-02-001399,S1_20190730_034303_034443_VV_5,2019-07-30T03:43:03,2019-07-30T03:44:43,S1A_IW_GRDH_1SDV_20190730T034353_20190730T034418_028341_0333D2_2D41.SAFE,640,640,33.17729317,32.49978482,33.04285157,32.51908181,33.01900957,32.4038353,33.15345117,32.38453831,33.08805271,32.43749888,33.08490173,32.43795116,33.08374689,32.4323689,33.08689786,32.43191663,353,405,368,436,465
ow,ow-0566.jpg,ow-0566.xml,ow-0566-01-001400,S1_20190730_034303_034443_VV_6,2019-07-30T03:43:03,2019-07-30T03:44:43,S1A_IW_GRDH_1SDV_20190730T034353_20190730T034418_028341_0333D2_2D41.SAFE,640,640,33.71233452,32.12841716,33.57902578,32.14835096,33.55478571,32.03300887,33.68809445,32.01307506,33.63793435,32.08210367,33.62502006,32.08403476,33.62361868,32.07736654,33.63653297,32.07543546,301,309,363,346,2294
ow,ow-0567.jpg,ow-0567.xml,ow-0567-01-001401,S1_20190803_154842_155022_VV_1,2019-08-03T15:48:42,2019-08-03T15:50:22,S1A_IW_GRDH_1SDV_20190803T154842_20190803T154907_028407_0335C8_F8D0.SAFE,640,640,32.27653401,31.43244963,32.40922948,31.45380535,32.38349712,31.56917965,32.25080164,31.54782393,32.30569957,31.50679867,32.31171234,31.50776635,32.31038551,31.51371533,32.30437275,31.51274765,213,373,242,406,957
ow,ow-0567.jpg,ow-0567.xml,ow-0567-02-001402,S1_20190803_154842_155022_VV_1,2019-08-03T15:48:42,2019-08-03T15:50:22,S1A_IW_GRDH_1SDV_20190803T154842_20190803T154907_028407_0335C8_F8D0.SAFE,640,640,32.27653401,31.43244963,32.40922948,31.45380535,32.38349712,31.56917965,32.25080164,31.54782393,32.32048677,31.49442577,32.32629219,31.49536009,32.32520661,31.50022744,32.31940118,31.49929313,269,294,297,321,756
ow,ow-0567.jpg,ow-0567.xml,ow-0567-03-001403,S1_20190803_154842_155022_VV_1,2019-08-03T15:48:42,2019-08-03T15:50:22,S1A_IW_GRDH_1SDV_20190803T154842_20190803T154907_028407_0335C8_F8D0.SAFE,640,640,32.27653401,31.43244963,32.40922948,31.45380535,32.38349712,31.56917965,32.25080164,31.54782393,32.35488271,31.47213665,32.36006613,31.47297086,32.35906096,31.47747767,32.35387754,31.47664346,406,145,431,170,625
ow,ow-0567.jpg,ow-0567.xml,ow-0567-04-001404,S1_20190803_154842_155022_VV_1,2019-08-03T15:48:42,2019-08-03T15:50:22,S1A_IW_GRDH_1SDV_20190803T154842_20190803T154907_028407_0335C8_F8D0.SAFE,640,640,32.27653401,31.43244963,32.40922948,31.45380535,32.38349712,31.56917965,32.25080164,31.54782393,32.30374595,31.52422485,32.31100274,31.52539274,32.30951509,31.53206282,32.3022583,31.53089493,222,468,257,505,1295
ow,ow-0567.jpg,ow-0567.xml,ow-0567-05-001405,S1_20190803_154842_155022_VV_1,2019-08-03T15:48:42,2019-08-03T15:50:22,S1A_IW_GRDH_1SDV_20190803T154842_20190803T154907_028407_0335C8_F8D0.SAFE,640,640,32.27653401,31.43244963,32.40922948,31.45380535,32.38349712,31.56917965,32.25080164,31.54782393,32.30070371,31.52149432,32.30567979,31.52229516,32.30471483,31.5266217,32.29973875,31.52582086,205,456,229,480,576
ow,ow-0568.jpg,ow-0568.xml,ow-0568-01-001406,S1_20190803_154842_155022_VV_2,2019-08-03T15:48:42,2019-08-03T15:50:22,S1A_IW_GRDH_1SDV_20190803T154907_20190803T154932_028407_0335C8_EAC4.SAFE,640,640,33.65073706,32.69340956,33.78504358,32.71301402,33.76125452,32.82826851,33.626948,32.80866405,33.68611701,32.74717774,33.70101664,32.74935261,33.69982719,32.75511533,33.68492756,32.75294046,215,262,286,294,2272
ow,ow-0569.jpg,ow-0569.xml,ow-0569-01-001407,S1_20190803_154842_155022_VV_3,2019-08-03T15:48:42,2019-08-03T15:50:22,S1A_IW_GRDH_1SDV_20190803T154907_20190803T154932_028407_0335C8_EAC4.SAFE,640,640,32.2710283,32.94853488,32.40562937,32.96955182,32.37994996,33.08487097,32.2453489,33.06385402,32.30430102,32.97405335,32.31586829,32.97585949,32.31410284,32.98378768,32.30253556,32.98198154,179,109,234,153,2420
ow,ow-0569.jpg,ow-0569.xml,ow-0569-02-001408,S1_20190803_154842_155022_VV_3,2019-08-03T15:48:42,2019-08-03T15:50:22,S1A_IW_GRDH_1SDV_20190803T154907_20190803T154932_028407_0335C8_EAC4.SAFE,640,640,32.2710283,32.94853488,32.40562937,32.96955182,32.37994996,33.08487097,32.2453489,33.06385402,32.33872274,33.06575497,32.3425084,33.06634607,32.34202691,33.0685083,32.33824125,33.0679172,431,572,449,584,216
ow,ow-0570.jpg,ow-0570.xml,ow-0570-01-001409,S1_20190804_035123_035304_VV_0,2019-08-04T03:51:23,2019-08-04T03:53:04,S1A_IW_GRDH_1SDV_20190804T035213_20190804T035238_028414_0335FE_557C.SAFE,863,863,32.2096811,31.72536649,32.0310957,31.75324974,31.99755603,31.59765008,32.17614143,31.56976683,32.20418866,31.70087788,32.0636794,31.72281615,32.04137144,31.61932344,32.18188069,31.59738517,1,136,680,710,389746
ow,ow-0571.jpg,ow-0571.xml,ow-0571-01-001410,S1_20190804_035123_035304_VV_1,2019-08-04T03:51:23,2019-08-04T03:53:04,S1A_IW_GRDH_1SDV_20190804T035213_20190804T035238_028414_0335FE_557C.SAFE,640,640,32.59740752,31.76043834,32.46421008,31.78135633,32.43893277,31.66596148,32.57213022,31.64504349,32.52048833,31.71395489,32.51653403,31.7145759,32.51566512,31.7106092,32.51961942,31.70998819,310,314,329,336,418
ow,ow-0572.jpg,ow-0572.xml,ow-0572-01-001411,S1_20190804_035123_035304_VV_2,2019-08-04T03:51:23,2019-08-04T03:53:04,S1A_IW_GRDH_1SDV_20190804T035213_20190804T035238_028414_0335FE_557C.SAFE,640,640,32.0803724,31.85346067,31.94693517,31.87381504,31.92233777,31.75845159,32.05577501,31.73809722,32.04285606,31.75626013,32.02972083,31.75826376,32.02856782,31.7528561,32.04170305,31.75085247,78,553,141,583,1890
ow,ow-0572.jpg,ow-0572.xml,ow-0572-02-001412,S1_20190804_035123_035304_VV_2,2019-08-04T03:51:23,2019-08-04T03:53:04,S1A_IW_GRDH_1SDV_20190804T035213_20190804T035238_028414_0335FE_557C.SAFE,640,640,32.0803724,31.85346067,31.94693517,31.87381504,31.92233777,31.75845159,32.05577501,31.73809722,32.05933299,31.75579405,32.05662255,31.7562075,32.05631508,31.75476546,32.05902552,31.75435201,1,542,14,550,104
ow,ow-0573.jpg,ow-0573.xml,ow-0573-01-001413,S1_20190804_035123_035304_VV_3,2019-08-04T03:51:23,2019-08-04T03:53:04,S1A_IW_GRDH_1SDV_20190804T035213_20190804T035238_028414_0335FE_557C.SAFE,640,640,32.84467873,31.54486693,32.7124755,31.56609383,32.68694533,31.45067384,32.81914857,31.42944693,32.76815541,31.48805669,32.76443719,31.48865369,32.76403828,31.48685026,32.7677565,31.48625325,299,370,317,380,180
ow,ow-0573.jpg,ow-0573.xml,ow-0573-02-001414,S1_20190804_035123_035304_VV_3,2019-08-04T03:51:23,2019-08-04T03:53:04,S1A_IW_GRDH_1SDV_20190804T035213_20190804T035238_028414_0335FE_557C.SAFE,640,640,32.84467873,31.54486693,32.7124755,31.56609383,32.68694533,31.45067384,32.81914857,31.42944693,32.77027116,31.50825934,32.763661,31.50932068,32.76310253,31.50679587,32.76971269,31.50573452,310,260,342,274,448
ow,ow-0574.jpg,ow-0574.xml,ow-0574-01-001415,S1_20190804_035123_035304_VV_4,2019-08-04T03:51:23,2019-08-04T03:53:04,S1A_IW_GRDH_1SDV_20190804T035238_20190804T035304_028414_0335FE_8869.SAFE;S1A_IW_GRDH_1SDV_20190804T035213_20190804T035238_028414_0335FE_557C.SAFE,640,640,32.38494769,31.45341562,32.25256787,31.47423111,32.22753019,31.35883018,32.35991002,31.33801469,32.32906083,31.46201684,32.32471712,31.46269985,32.32362172,31.45765105,32.32796544,31.45696805,270,1,291,29,588
ow,ow-0574.jpg,ow-0574.xml,ow-0574-02-001416,S1_20190804_035123_035304_VV_4,2019-08-04T03:51:23,2019-08-04T03:53:04,S1A_IW_GRDH_1SDV_20190804T035238_20190804T035304_028414_0335FE_8869.SAFE;S1A_IW_GRDH_1SDV_20190804T035213_20190804T035238_028414_0335FE_557C.SAFE,640,640,32.38494769,31.45341562,32.25256787,31.47423111,32.22753019,31.35883018,32.35991002,31.33801469,32.37437369,31.40566495,32.37044366,31.40628291,32.37009157,31.40466008,32.3740216,31.40404212,1,265,20,274,171
ow,ow-0575.jpg,ow-0575.xml,ow-0575-01-001417,S1_20190804_035123_035304_VV_5,2019-08-04T03:51:23,2019-08-04T03:53:04,S1A_IW_GRDH_1SDV_20190804T035238_20190804T035304_028414_0335FE_8869.SAFE;S1A_IW_GRDH_1SDV_20190804T035213_20190804T035238_028414_0335FE_557C.SAFE,640,640,32.52849871,31.48265814,32.39623629,31.50374822,32.37086949,31.38833358,32.5031319,31.3672435,32.44486877,31.44764968,32.41841629,31.4518677,32.41548325,31.43852288,32.44193573,31.43430486,355,259,483,333,9472
ow,ow-0575.jpg,ow-0575.xml,ow-0575-02-001418,S1_20190804_035123_035304_VV_5,2019-08-04T03:51:23,2019-08-04T03:53:04,S1A_IW_GRDH_1SDV_20190804T035238_20190804T035304_028414_0335FE_8869.SAFE;S1A_IW_GRDH_1SDV_20190804T035213_20190804T035238_028414_0335FE_557C.SAFE,640,640,32.52849871,31.48265814,32.39623629,31.50374822,32.37086949,31.38833358,32.5031319,31.3672435,32.47445492,31.42557302,32.46763514,31.42666048,32.46668388,31.42233243,32.47350366,31.42124497,194,352,227,376,792
ow,ow-0575.jpg,ow-0575.xml,ow-0575-03-001419,S1_20190804_035123_035304_VV_5,2019-08-04T03:51:23,2019-08-04T03:53:04,S1A_IW_GRDH_1SDV_20190804T035238_20190804T035304_028414_0335FE_8869.SAFE;S1A_IW_GRDH_1SDV_20190804T035213_20190804T035238_028414_0335FE_557C.SAFE,640,640,32.52849871,31.48265814,32.39623629,31.50374822,32.37086949,31.38833358,32.5031319,31.3672435,32.41274887,31.46695722,32.39538943,31.4697253,32.39309057,31.45926584,32.41045001,31.45649777,525,183,609,241,4872
ow,ow-0576.jpg,ow-0576.xml,ow-0576-01-001420,S1_20190806_033501_033641_VV_0,2019-08-06T03:35:01,2019-08-06T03:36:41,S1A_IW_GRDH_1SDV_20190806T033501_20190806T033526_028443_0336DB_6632.SAFE,640,640,35.60946342,34.637292,35.47223359,34.65620288,35.448204,34.54106065,35.58543383,34.52214977,35.5370152,34.59878374,35.53465656,34.59910877,35.53292943,34.59083292,35.53528807,34.59050789,292,262,303,308,506
ow,ow-0576.jpg,ow-0576.xml,ow-0576-02-001421,S1_20190806_033501_033641_VV_0,2019-08-06T03:35:01,2019-08-06T03:36:41,S1A_IW_GRDH_1SDV_20190806T033501_20190806T033526_028443_0336DB_6632.SAFE,640,640,35.60946342,34.637292,35.47223359,34.65620288,35.448204,34.54106065,35.58543383,34.52214977,35.52797602,34.58929452,35.52132895,34.59021051,35.51903863,34.57923602,35.5256857,34.57832002,324,320,355,381,1891
ow,ow-0577.jpg,ow-0577.xml,ow-0577-01-001422,S1_20190807_160411_160551_VV_1,2019-08-07T16:04:11,2019-08-07T16:05:51,S1B_IW_GRDH_1SDV_20190807T160436_20190807T160501_017482_020E07_2BC9.SAFE,640,640,30.02703561,31.76358845,30.15994126,31.78311217,30.13631931,31.89852237,30.00341367,31.87899866,30.08104514,31.82891927,30.08270646,31.82916332,30.08174682,31.83385186,30.0800855,31.83360781,315,309,323,335,208
ow,ow-0578.jpg,ow-0578.xml,ow-0578-01-001423,S1_20190808_155644_155824_VV_1,2019-08-08T15:56:44,2019-08-08T15:58:24,S1A_IW_GRDH_1SDV_20190808T155709_20190808T155734_028480_033813_EBA6.SAFE,640,640,32.02140949,31.42874766,32.15385325,31.44830462,32.13038088,31.56377861,31.99793711,31.54422166,32.07452789,31.48621152,32.08135702,31.48721993,32.07772614,31.50508231,32.07089701,31.50407391,304,267,337,366,3267
ow,ow-0579.jpg,ow-0579.xml,ow-0579-01-001424,S1_20190810_035047_035226_VV_0,2019-08-10T03:50:47,2019-08-10T03:52:26,S1B_IW_GRDH_1SDV_20190810T035112_20190810T035137_017518_020F20_24E6.SAFE,2528,2528,32.66503017,33.59891815,32.12872548,33.67947935,32.02961356,33.2241623,32.56591825,33.1436011,32.66477882,33.59876991,32.3879285,33.64035708,32.32433691,33.34821932,32.60118723,33.30663215,1,1,1306,1623,2116710
ow,ow-0580.jpg,ow-0580.xml,ow-0580-01-001425,S1_20190810_035047_035226_VV_1,2019-08-10T03:50:47,2019-08-10T03:52:26,S1B_IW_GRDH_1SDV_20190810T035137_20190810T035202_017518_020F20_E49F.SAFE;S1B_IW_GRDH_1SDV_20190810T035112_20190810T035137_017518_020F20_24E6.SAFE,790,790,33.38195767,32.64388028,33.21605811,32.6703598,33.18371719,32.52800431,33.34961675,32.50152479,33.37044882,32.59417947,33.28770903,32.60738572,33.26850917,32.52287341,33.35124895,32.50966716,1,276,395,745,184786
ow,ow-0580.jpg,ow-0580.xml,ow-0580-02-001426,S1_20190810_035047_035226_VV_1,2019-08-10T03:50:47,2019-08-10T03:52:26,S1B_IW_GRDH_1SDV_20190810T035137_20190810T035202_017518_020F20_E49F.SAFE;S1B_IW_GRDH_1SDV_20190810T035112_20190810T035137_017518_020F20_24E6.SAFE,790,790,33.38195767,32.64388028,33.21605811,32.6703598,33.18371719,32.52800431,33.34961675,32.50152479,33.38170673,32.6437336,33.25066708,32.66464907,33.22131462,32.53544795,33.35235427,32.51453248,1,1,625,718,447408
ow,ow-0581.jpg,ow-0581.xml,ow-0581-01-001427,S1_20190810_035047_035226_VV_4,2019-08-10T03:50:47,2019-08-10T03:52:26,S1B_IW_GRDH_1SDV_20190810T035137_20190810T035202_017518_020F20_E49F.SAFE,640,640,32.45260139,31.44974166,32.32056206,31.47071208,32.29527028,31.35537456,32.42730961,31.33440413,32.38108066,31.37867145,32.37138402,31.38021146,32.37035654,31.37552588,32.38005318,31.37398586,262,442,309,468,1222
ow,ow-0581.jpg,ow-0581.xml,ow-0581-02-001428,S1_20190810_035047_035226_VV_4,2019-08-10T03:50:47,2019-08-10T03:52:26,S1B_IW_GRDH_1SDV_20190810T035137_20190810T035202_017518_020F20_E49F.SAFE,640,640,32.45260139,31.44974166,32.32056206,31.47071208,32.29527028,31.35537456,32.42730961,31.33440413,32.36815279,31.373265,32.34814058,31.37644333,32.34466296,31.36058442,32.36467517,31.35740609,317,482,414,570,8536
ow,ow-0581.jpg,ow-0581.xml,ow-0581-03-001429,S1_20190810_035047_035226_VV_4,2019-08-10T03:50:47,2019-08-10T03:52:26,S1B_IW_GRDH_1SDV_20190810T035137_20190810T035202_017518_020F20_E49F.SAFE,640,640,32.45260139,31.44974166,32.32056206,31.47071208,32.29527028,31.35537456,32.42730961,31.33440413,32.36809583,31.37495246,32.36458854,31.37550949,32.36415384,31.37352713,32.36766113,31.3729701,319,473,336,484,187
ow,ow-0582.jpg,ow-0582.xml,ow-0582-01-001430,S1_20190811_034304_034444_VV_0,2019-08-11T03:43:04,2019-08-11T03:44:44,S1A_IW_GRDH_1SDV_20190811T034354_20190811T034419_028516_03394F_EA40.SAFE,2439,2439,33.56514628,32.62569323,33.05302668,32.6997926,32.96148515,32.26055014,33.47360475,32.18645077,33.54703335,32.5398201,33.32782348,32.57153792,33.31772727,32.52309338,33.53693714,32.49137557,1,477,1045,746,280836
ow,ow-0582.jpg,ow-0582.xml,ow-0582-02-001431,S1_20190811_034304_034444_VV_0,2019-08-11T03:43:04,2019-08-11T03:44:44,S1A_IW_GRDH_1SDV_20190811T034354_20190811T034419_028516_03394F_EA40.SAFE,2439,2439,33.56514628,32.62569323,33.05302668,32.6997926,32.96148515,32.26055014,33.47360475,32.18645077,33.36957469,32.62449281,33.13923635,32.65782082,33.12658793,32.59713008,33.35692627,32.56380207,903,159,2000,496,369689
ow,ow-0582.jpg,ow-0582.xml,ow-0582-03-001432,S1_20190811_034304_034444_VV_0,2019-08-11T03:43:04,2019-08-11T03:44:44,S1A_IW_GRDH_1SDV_20190811T034354_20190811T034419_028516_03394F_EA40.SAFE,2439,2439,33.56514628,32.62569323,33.05302668,32.6997926,32.96148515,32.26055014,33.47360475,32.18645077,33.55286847,32.61763707,33.54551948,32.6187004,33.54428092,32.61275739,33.55162991,32.61169406,49,53,84,86,1155
ow,ow-0583.jpg,ow-0583.xml,ow-0583-01-001433,S1_20190811_034304_034444_VV_3,2019-08-11T03:43:04,2019-08-11T03:44:44,S1A_IW_GRDH_1SDV_20190811T034354_20190811T034419_028516_03394F_EA40.SAFE,640,640,34.28572796,33.1925088,34.15072792,33.21263079,34.12673131,33.09717867,34.26173135,33.07705669,34.23722271,33.16421592,34.22962896,33.16534778,34.22887906,33.1617399,34.23647282,33.16060804,196,191,232,211,720
ow,ow-0583.jpg,ow-0583.xml,ow-0583-02-001434,S1_20190811_034304_034444_VV_3,2019-08-11T03:43:04,2019-08-11T03:44:44,S1A_IW_GRDH_1SDV_20190811T034354_20190811T034419_028516_03394F_EA40.SAFE,640,640,34.28572796,33.1925088,34.15072792,33.21263079,34.12673131,33.09717867,34.26173135,33.07705669,34.22031045,33.15818152,34.18234169,33.16384083,34.17439281,33.12559732,34.21236157,33.11993801,268,237,448,449,38160
ow,ow-0584.jpg,ow-0584.xml,ow-0584-01-001435,S1_20190811_034304_034444_VV_4,2019-08-11T03:43:04,2019-08-11T03:44:44,S1A_IW_GRDH_1SDV_20190811T034354_20190811T034419_028516_03394F_EA40.SAFE,640,640,34.55497744,33.02683927,34.42010598,33.04725503,34.39574857,32.93178428,34.53062004,32.91136852,34.48025996,32.98396985,34.47225197,32.98518204,34.46894088,32.96948523,34.47694888,32.96827305,302,291,340,378,3306
ow,ow-0585.jpg,ow-0585.xml,ow-0585-01-001436,S1_20190811_034304_034444_VV_6,2019-08-11T03:43:04,2019-08-11T03:44:44,S1A_IW_GRDH_1SDV_20190811T034354_20190811T034419_028516_03394F_EA40.SAFE,640,640,33.883244,32.8396822,33.7491004,32.85970751,33.72437148,32.74440369,33.85851508,32.72437837,33.81117761,32.7961488,33.79902085,32.79796359,33.79677979,32.78751418,33.80893656,32.78569939,290,292,348,350,3364
ow,ow-0586.jpg,ow-0586.xml,ow-0586-01-001437,S1_20190814_155617_155642_VV_0,2019-08-14T15:56:17,2019-08-14T15:56:42,S1B_IW_GRDH_1SDV_20190814T155617_20190814T155642_017584_021133_82C5.SAFE,1038,1038,30.63325006,31.5990638,30.84874564,31.63283838,30.8081776,31.8193936,30.59268202,31.78561902,30.63316404,31.62414022,30.79343628,31.64925965,30.7799136,31.71144473,30.61964136,31.68632529,25,135,797,481,267112
ow,ow-0587.jpg,ow-0587.xml,ow-0587-01-001438,S1_20190814_155617_155642_VV_6,2019-08-14T15:56:17,2019-08-14T15:56:42,S1B_IW_GRDH_1SDV_20190814T155617_20190814T155642_017584_021133_82C5.SAFE,640,640,31.18063678,31.59097096,31.31352453,31.61125826,31.28916985,31.72635387,31.1562821,31.70606657,31.2726685,31.65644504,31.27723652,31.65714241,31.27655154,31.66037948,31.27198353,31.6596821,494,277,516,295,396
ow,ow-0587.jpg,ow-0587.xml,ow-0587-02-001439,S1_20190814_155617_155642_VV_6,2019-08-14T15:56:17,2019-08-14T15:56:42,S1B_IW_GRDH_1SDV_20190814T155617_20190814T155642_017584_021133_82C5.SAFE,640,640,31.18063678,31.59097096,31.31352453,31.61125826,31.28916985,31.72635387,31.1562821,31.70606657,31.18575433,31.68327592,31.19364454,31.68448048,31.19208432,31.69185379,31.18419411,31.69064923,115,493,153,534,1558
ow,ow-0588.jpg,ow-0588.xml,ow-0588-01-001440,S1_20190814_155617_155642_VV_8,2019-08-14T15:56:17,2019-08-14T15:56:42,S1B_IW_GRDH_1SDV_20190814T155617_20190814T155642_017584_021133_82C5.SAFE,640,640,31.16776347,31.7078561,31.30086554,31.72813089,31.27650902,31.84312137,31.14340694,31.82284658,31.2180556,31.77245604,31.22575057,31.77362818,31.22472302,31.77847934,31.21702806,31.77730721,298,307,335,334,999
ow,ow-0589.jpg,ow-0589.xml,ow-0589-01-001441,S1_20190814_155617_155642_VV_9,2019-08-14T15:56:17,2019-08-14T15:56:42,S1B_IW_GRDH_1SDV_20190814T155617_20190814T155642_017584_021133_82C5.SAFE,640,640,31.67171478,31.83222039,31.80504338,31.85194395,31.78134818,31.96689313,31.64801959,31.94716956,31.70676696,31.94753135,31.72968281,31.95092134,31.72801674,31.9590037,31.70510089,31.95561371,274,595,384,640,4950
ow,ow-0590.jpg,ow-0590.xml,ow-0590-01-001442,S1_20190814_155648_155742_VV_1,2019-08-14T15:56:48,2019-08-14T15:57:42,S1B_IW_GRDH_1SDV_20190814T155648_20190814T155717_017584_021134_3F1E.SAFE,640,640,30.05594111,33.19253371,30.19118247,33.21350569,30.16537126,33.32908966,30.03012991,33.30811768,30.08731493,33.24784944,30.13781913,33.25568117,30.13310051,33.27681136,30.08259632,33.26897964,200,270,439,387,27963
ow,ow-0591.jpg,ow-0591.xml,ow-0591-01-001443,S1_20190815_154843_155023_VV_0,2019-08-15T15:48:43,2019-08-15T15:50:23,S1A_IW_GRDH_1SDV_20190815T154908_20190815T154933_028582_033B99_01B4.SAFE,1302,1302,32.88969012,32.18174475,33.1621829,32.22338884,33.11164906,32.45798305,32.83915628,32.41633897,32.89759975,32.19821469,32.94782884,32.20589102,32.93513716,32.26480985,32.88490807,32.25713352,53,82,293,409,78480
ow,ow-0591.jpg,ow-0591.xml,ow-0591-02-001444,S1_20190815_154843_155023_VV_0,2019-08-15T15:48:43,2019-08-15T15:50:23,S1A_IW_GRDH_1SDV_20190815T154908_20190815T154933_028582_033B99_01B4.SAFE,1302,1302,32.88969012,32.18174475,33.1621829,32.22338884,33.11164906,32.45798305,32.83915628,32.41633897,32.9452289,32.32032446,33.02287469,32.33219078,33.01441357,32.37147,32.93676778,32.35960367,395,699,766,917,80878
ow,ow-0592.jpg,ow-0592.xml,ow-0592-01-001445,S1_20190815_154843_155023_VV_2,2019-08-15T15:48:43,2019-08-15T15:50:23,S1A_IW_GRDH_1SDV_20190815T154908_20190815T154933_028582_033B99_01B4.SAFE,640,640,31.91560235,31.92371481,32.04910924,31.94518768,32.02305664,32.06054507,31.88954975,32.03907219,31.95271764,31.98049206,31.96648554,31.98270645,31.96567139,31.98631137,31.9519035,31.98409698,231,272,297,292,1320
ow,ow-0592.jpg,ow-0592.xml,ow-0592-02-001446,S1_20190815_154843_155023_VV_2,2019-08-15T15:48:43,2019-08-15T15:50:23,S1A_IW_GRDH_1SDV_20190815T154908_20190815T154933_028582_033B99_01B4.SAFE,640,640,31.91560235,31.92371481,32.04910924,31.94518768,32.02305664,32.06054507,31.88954975,32.03907219,31.97584708,31.99485935,31.98794614,31.99680532,31.98635856,32.00383491,31.9742595,32.00188894,353,329,411,368,2262
ow,ow-0593.jpg,ow-0593.xml,ow-0593-01-001447,S1_20190815_154843_155023_VV_3,2019-08-15T15:48:43,2019-08-15T15:50:23,S1A_IW_GRDH_1SDV_20190815T154908_20190815T154933_028582_033B99_01B4.SAFE,640,640,34.21606374,32.45022385,34.35044649,32.46922229,34.32736717,32.58442272,34.19298443,32.56542428,34.23303904,32.4765015,34.23996815,32.47748111,34.23841751,32.48522114,34.2314884,32.48424153,103,129,136,172,1419
ow,ow-0593.jpg,ow-0593.xml,ow-0593-02-001448,S1_20190815_154843_155023_VV_3,2019-08-15T15:48:43,2019-08-15T15:50:23,S1A_IW_GRDH_1SDV_20190815T154908_20190815T154933_028582_033B99_01B4.SAFE,640,640,34.21606374,32.45022385,34.35044649,32.46922229,34.32736717,32.58442272,34.19298443,32.56542428,34.28198957,32.50915066,34.34078202,32.51746247,34.33382217,32.5522026,34.27502972,32.54389079,360,268,640,461,54040
ow,ow-0594.jpg,ow-0594.xml,ow-0594-01-001449,S1_20190815_154843_155023_VV_4,2019-08-15T15:48:43,2019-08-15T15:50:23,S1A_IW_GRDH_1SDV_20190815T154908_20190815T154933_028582_033B99_01B4.SAFE,640,640,33.10006472,32.48921698,33.23413128,32.5093983,33.20964124,32.62469553,33.07557468,32.60451421,33.14506735,32.53280192,33.15700765,32.53459932,33.15409946,32.54829087,33.14215915,32.54649347,251,198,308,274,4332
ow,ow-0594.jpg,ow-0594.xml,ow-0594-02-001450,S1_20190815_154843_155023_VV_4,2019-08-15T15:48:43,2019-08-15T15:50:23,S1A_IW_GRDH_1SDV_20190815T154908_20190815T154933_028582_033B99_01B4.SAFE,640,640,33.10006472,32.48921698,33.23413128,32.5093983,33.20964124,32.62469553,33.07557468,32.60451421,33.14881439,32.55790638,33.15488928,32.55882084,33.15354999,32.56512616,33.14747509,32.56421169,293,330,322,365,1015
ow,ow-0594.jpg,ow-0594.xml,ow-0594-03-001451,S1_20190815_154843_155023_VV_4,2019-08-15T15:48:43,2019-08-15T15:50:23,S1A_IW_GRDH_1SDV_20190815T154908_20190815T154933_028582_033B99_01B4.SAFE,640,640,33.10006472,32.48921698,33.23413128,32.5093983,33.20964124,32.62469553,33.07557468,32.60451421,33.15590281,32.57440412,33.16491041,32.57576005,33.16399203,32.5800837,33.15498444,32.57872776,342,413,385,437,1032
ow,ow-0595.jpg,ow-0595.xml,ow-0595-01-001452,S1_20190815_154843_155023_VV_5,2019-08-15T15:48:43,2019-08-15T15:50:23,S1A_IW_GRDH_1SDV_20190815T154908_20190815T154933_028582_033B99_01B4.SAFE,640,640,33.37880212,32.94553883,33.51390851,32.96537666,33.48966796,33.08063189,33.35456156,33.06079405,33.42647823,33.01064688,33.44315542,33.01309561,33.44179189,33.01957872,33.42511469,33.01712999,282,313,361,349,2844
ow,ow-0596.jpg,ow-0596.xml,ow-0596-01-001453,S1_20190815_154843_155023_VV_6,2019-08-15T15:48:43,2019-08-15T15:50:23,S1A_IW_GRDH_1SDV_20190815T154933_20190815T154958_028582_033B99_4FE3.SAFE;S1A_IW_GRDH_1SDV_20190815T154908_20190815T154933_028582_033B99_01B4.SAFE,640,640,33.50705813,33.33093189,33.64228686,33.35047142,33.61840867,33.46570363,33.48317994,33.4461641,33.55179632,33.39228684,33.57630652,33.39582838,33.57436642,33.405191,33.54985621,33.40164946,264,296,380,348,6032
ow,ow-0597.jpg,ow-0597.xml,ow-0597-01-001454,S1_20190815_154843_155023_VV_7,2019-08-15T15:48:43,2019-08-15T15:50:23,S1A_IW_GRDH_1SDV_20190815T154933_20190815T154958_028582_033B99_4FE3.SAFE,640,640,31.52020998,34.11627649,31.65649619,34.13769996,31.629944,34.25299257,31.49365779,34.23156909,31.56395088,34.19557887,31.57459824,34.19725258,31.57285575,34.20481866,31.56220839,34.20314495,281,388,331,430,2100
ow,ow-0597.jpg,ow-0597.xml,ow-0597-02-001455,S1_20190815_154843_155023_VV_7,2019-08-15T15:48:43,2019-08-15T15:50:23,S1A_IW_GRDH_1SDV_20190815T154933_20190815T154958_028582_033B99_4FE3.SAFE,640,640,31.52020998,34.11627649,31.65649619,34.13769996,31.629944,34.25299257,31.49365779,34.23156909,31.49636,34.22079389,31.51147926,34.22317055,31.50898999,34.23397923,31.49387074,34.23160257,1,580,72,640,4260
ow,ow-0598.jpg,ow-0598.xml,ow-0598-01-001456,S1_20190815_154843_155023_VV_8,2019-08-15T15:48:43,2019-08-15T15:50:23,S1A_IW_GRDH_1SDV_20190815T154933_20190815T154958_028582_033B99_4FE3.SAFE,640,640,31.36074015,34.21073453,31.49695743,34.23231139,31.47021743,34.34760679,31.33400015,34.32602993,31.4216403,34.25736104,31.42440721,34.25779932,31.42407296,34.25924051,31.42130605,34.25880223,325,198,338,206,104
ow,ow-0598.jpg,ow-0598.xml,ow-0598-02-001457,S1_20190815_154843_155023_VV_8,2019-08-15T15:48:43,2019-08-15T15:50:23,S1A_IW_GRDH_1SDV_20190815T154933_20190815T154958_028582_033B99_4FE3.SAFE,640,640,31.36074015,34.21073453,31.49695743,34.23231139,31.47021743,34.34760679,31.33400015,34.32602993,31.38561195,34.26808966,31.39412553,34.26943821,31.39287209,34.27484268,31.38435851,34.27349413,173,286,213,316,1200
ow,ow-0599.jpg,ow-0599.xml,ow-0599-01-001458,S1_20190815_154843_155023_VV_11,2019-08-15T15:48:43,2019-08-15T15:50:23,S1A_IW_GRDH_1SDV_20190815T154933_20190815T154958_028582_033B99_4FE3.SAFE,640,640,32.03336476,34.50813297,32.17091477,34.52891654,32.14495654,34.64417262,32.00740653,34.62338904,32.07164751,34.55227795,32.1187154,34.55938983,32.11052233,34.59576753,32.06345444,34.58865565,217,206,436,408,44238
ow,ow-0600.jpg,ow-0600.xml,ow-0600-01-001459,S1_20190815_154843_155023_VV_12,2019-08-15T15:48:43,2019-08-15T15:50:23,S1A_IW_GRDH_1SDV_20190815T154933_20190815T154958_028582_033B99_4FE3.SAFE,640,640,31.82354603,34.59033618,31.96102571,34.61127784,31.9348729,34.72653928,31.79739322,34.70559761,31.86814085,34.65432953,31.8941331,34.65828881,31.89307064,34.66297131,31.86707839,34.65901202,266,307,387,333,3146
ow,ow-0601.jpg,ow-0601.xml,ow-0601-01-001460,S1_20190816_035124_035305_VV_0,2019-08-16T03:51:24,2019-08-16T03:53:05,S1A_IW_GRDH_1SDV_20190816T035149_20190816T035214_028589_033BD4_FE5C.SAFE;S1A_IW_GRDH_1SDV_20190816T035124_20190816T035149_028589_033BD4_572B.SAFE,640,640,31.49634753,34.781755,31.3586553,34.80083914,31.33538294,34.68555697,31.47307517,34.66647283,31.36363353,34.6929367,31.36040636,34.69338399,31.35993365,34.69104232,31.36316081,34.69059503,519,579,534,592,195
ow,ow-0601.jpg,ow-0601.xml,ow-0601-02-001461,S1_20190816_035124_035305_VV_0,2019-08-16T03:51:24,2019-08-16T03:53:05,S1A_IW_GRDH_1SDV_20190816T035149_20190816T035214_028589_033BD4_FE5C.SAFE;S1A_IW_GRDH_1SDV_20190816T035124_20190816T035149_028589_033BD4_572B.SAFE,640,640,31.49634753,34.781755,31.3586553,34.80083914,31.33538294,34.68555697,31.47307517,34.66647283,31.41420756,34.69148219,31.37612706,34.69676015,31.37387255,34.68559219,31.41195305,34.68031423,289,549,466,611,10974
ow,ow-0602.jpg,ow-0602.xml,ow-0602-01-001462,S1_20190816_035124_035305_VV_1,2019-08-16T03:51:24,2019-08-16T03:53:05,S1A_IW_GRDH_1SDV_20190816T035149_20190816T035214_028589_033BD4_FE5C.SAFE,640,640,31.35491531,34.68276165,31.21725858,34.70151155,31.19437473,34.58625716,31.33203145,34.56750727,31.28447792,34.68403278,31.22597382,34.69200148,31.22225519,34.67327264,31.2807593,34.66530394,320,45,592,149,28288
ow,ow-0603.jpg,ow-0603.xml,ow-0603-01-001463,S1_20190816_035124_035305_VV_2,2019-08-16T03:51:24,2019-08-16T03:53:05,S1A_IW_GRDH_1SDV_20190816T035149_20190816T035214_028589_033BD4_FE5C.SAFE,640,640,32.842439,33.63650183,32.70645586,33.65732347,32.68075075,33.54198753,32.81673388,33.52116588,32.80553923,33.56853877,32.78684155,33.57140175,32.78567679,33.56617559,32.80437447,33.56331261,99,395,187,424,2552
ow,ow-0603.jpg,ow-0603.xml,ow-0603-02-001464,S1_20190816_035124_035305_VV_2,2019-08-16T03:51:24,2019-08-16T03:53:05,S1A_IW_GRDH_1SDV_20190816T035149_20190816T035214_028589_033BD4_FE5C.SAFE,640,640,32.842439,33.63650183,32.70645586,33.65732347,32.68075075,33.54198753,32.81673388,33.52116588,32.77523459,33.58044713,32.76588575,33.58187862,32.76516279,33.57863479,32.77451163,33.57720331,249,356,293,374,792
ow,ow-0603.jpg,ow-0603.xml,ow-0603-03-001465,S1_20190816_035124_035305_VV_2,2019-08-16T03:51:24,2019-08-16T03:53:05,S1A_IW_GRDH_1SDV_20190816T035149_20190816T035214_028589_033BD4_FE5C.SAFE,640,640,32.842439,33.63650183,32.70645586,33.65732347,32.68075075,33.54198753,32.81673388,33.52116588,32.73479097,33.61291692,32.7184305,33.61542202,32.71670343,33.60767289,32.7330639,33.60516779,466,215,543,258,3311
ow,ow-0604.jpg,ow-0604.xml,ow-0604-01-001466,S1_20190816_035124_035305_VV_3,2019-08-16T03:51:24,2019-08-16T03:53:05,S1A_IW_GRDH_1SDV_20190816T035149_20190816T035214_028589_033BD4_FE5C.SAFE,640,640,33.48408497,33.09514898,33.34938438,33.1167338,33.32293665,33.00136248,33.45763725,32.97977766,33.41196323,33.04895707,33.40670149,33.04980023,33.4055444,33.04475273,33.41080614,33.04390958,282,309,307,337,700
ow,ow-0605.jpg,ow-0605.xml,ow-0605-01-001467,S1_20190816_035124_035305_VV_8,2019-08-16T03:51:24,2019-08-16T03:53:05,S1A_IW_GRDH_1SDV_20190816T035214_20190816T035239_028589_033BD4_B8FD.SAFE,640,640,33.11619243,32.72642688,32.98228341,32.74774184,32.95635033,32.63234273,33.09025934,32.61102777,33.04389217,32.68340107,33.02966434,32.68566579,33.02743571,32.67574867,33.04166354,32.67348396,289,292,357,347,3740
ow,ow-0605.jpg,ow-0605.xml,ow-0605-02-001468,S1_20190816_035124_035305_VV_8,2019-08-16T03:51:24,2019-08-16T03:53:05,S1A_IW_GRDH_1SDV_20190816T035214_20190816T035239_028589_033BD4_B8FD.SAFE,640,640,33.11619243,32.72642688,32.98228341,32.74774184,32.95635033,32.63234273,33.09025934,32.61102777,33.04992308,32.71120229,33.0436461,32.71220142,33.04303829,32.70949676,33.04931528,32.70849762,290,138,320,153,450
ow,ow-0605.jpg,ow-0605.xml,ow-0605-03-001469,S1_20190816_035124_035305_VV_8,2019-08-16T03:51:24,2019-08-16T03:53:05,S1A_IW_GRDH_1SDV_20190816T035214_20190816T035239_028589_033BD4_B8FD.SAFE,640,640,33.11619243,32.72642688,32.98228341,32.74774184,32.95635033,32.63234273,33.09025934,32.61102777,33.03644304,32.70232908,33.03121222,32.70316169,33.03007764,32.69811298,33.03530847,32.69728036,343,197,368,225,700
ow,ow-0606.jpg,ow-0606.xml,ow-0606-01-001470,S1_20190816_035124_035305_VV_9,2019-08-16T03:51:24,2019-08-16T03:53:05,S1A_IW_GRDH_1SDV_20190816T035214_20190816T035239_028589_033BD4_B8FD.SAFE,640,640,31.7361109,32.83408564,31.60158216,32.85395757,31.57739817,32.73863353,31.71192691,32.7187616,31.65952019,32.78818036,31.65468557,32.78889451,31.65374088,32.78438967,31.65857551,32.78367552,309,308,332,333,575
ow,ow-0607.jpg,ow-0607.xml,ow-0607-01-001471,S1_20190816_035124_035305_VV_10,2019-08-16T03:51:24,2019-08-16T03:53:05,S1A_IW_GRDH_1SDV_20190816T035214_20190816T035239_028589_033BD4_B8FD.SAFE,640,640,31.15317142,32.26625973,31.01932537,32.28561941,30.99593138,32.17033398,31.12977743,32.15097431,31.07749965,32.22009547,31.07206215,32.22088195,31.07111177,32.21619848,31.07654927,32.21541199,308,308,334,334,676
ow,ow-0608.jpg,ow-0608.xml,ow-0608-01-001472,S1_20190816_035124_035305_VV_11,2019-08-16T03:51:24,2019-08-16T03:53:05,S1A_IW_GRDH_1SDV_20190816T035214_20190816T035239_028589_033BD4_B8FD.SAFE,640,640,30.97368667,32.26668061,30.83986311,32.28588737,30.81664194,32.17061638,30.9504655,32.15140962,30.89776326,32.22086994,30.89420857,32.22138012,30.89312008,32.2159768,30.89667477,32.21546662,310,306,327,336,510
ow,ow-0609.jpg,ow-0609.xml,ow-0609-01-001473,S1_20190816_035124_035305_VV_12,2019-08-16T03:51:24,2019-08-16T03:53:05,S1A_IW_GRDH_1SDV_20190816T035214_20190816T035239_028589_033BD4_B8FD.SAFE,640,640,32.1559948,32.06742505,32.02261556,32.08791861,31.99784944,31.9725453,32.13122868,31.95205175,32.08261433,32.02544194,32.0692764,32.02749129,32.06846377,32.02370561,32.08180169,32.02165625,299,286,363,307,1344
ow,ow-0609.jpg,ow-0609.xml,ow-0609-02-001474,S1_20190816_035124_035305_VV_12,2019-08-16T03:51:24,2019-08-16T03:53:05,S1A_IW_GRDH_1SDV_20190816T035214_20190816T035239_028589_033BD4_B8FD.SAFE,640,640,32.1559948,32.06742505,32.02261556,32.08791861,31.99784944,31.9725453,32.13122868,31.95205175,32.08511846,32.01704987,32.08074195,32.01772232,32.07977452,32.01321555,32.08415103,32.0125431,279,329,300,354,525
ow,ow-0610.jpg,ow-0610.xml,ow-0610-01-001475,S1_20190816_035124_035305_VV_13,2019-08-16T03:51:24,2019-08-16T03:53:05,S1A_IW_GRDH_1SDV_20190816T035214_20190816T035239_028589_033BD4_B8FD.SAFE,640,640,31.49954953,32.14819702,31.36587604,32.16798302,31.34196519,32.05266019,31.47563868,32.03287418,31.42339112,32.10171026,31.41921382,32.10232857,31.41861605,32.0994455,31.42279335,32.09882719,309,311,329,327,320
ow,ow-0610.jpg,ow-0610.xml,ow-0610-02-001476,S1_20190816_035124_035305_VV_13,2019-08-16T03:51:24,2019-08-16T03:53:05,S1A_IW_GRDH_1SDV_20190816T035214_20190816T035239_028589_033BD4_B8FD.SAFE,640,640,31.49954953,32.14819702,31.36587604,32.16798302,31.34196519,32.05266019,31.47563868,32.03287418,31.42652409,32.10124652,31.42401771,32.10161751,31.42356938,32.09945521,31.42607576,32.09908422,294,311,306,323,144
ow,ow-0611.jpg,ow-0611.xml,ow-0611-01-001477,S1_20190816_035124_035305_VV_19,2019-08-16T03:51:24,2019-08-16T03:53:05,S1A_IW_GRDH_1SDV_20190816T035239_20190816T035305_028589_033BD4_53BE.SAFE,640,640,30.74269158,31.64899259,30.60978483,31.66812455,30.58674741,31.55285771,30.71965417,31.53372576,30.64410235,31.61000744,30.59945399,31.61643458,30.59556642,31.5969833,30.64021478,31.59055616,425,287,640,395,23220
ow,ow-0611.jpg,ow-0611.xml,ow-0611-02-001478,S1_20190816_035124_035305_VV_19,2019-08-16T03:51:24,2019-08-16T03:53:05,S1A_IW_GRDH_1SDV_20190816T035239_20190816T035305_028589_033BD4_53BE.SAFE,640,640,30.74269158,31.64899259,30.60978483,31.66812455,30.58674741,31.55285771,30.71965417,31.53372576,30.65825693,31.61241675,30.65140392,31.61340324,30.64996408,31.60619906,30.65681709,31.60521257,361,263,394,303,1320
ow,ow-0612.jpg,ow-0612.xml,ow-0612-01-001479,S1_20190816_153949_154104_VV_1,2019-08-16T15:39:49,2019-08-16T15:41:04,S1B_IW_GRDH_1SDV_20190816T154014_20190816T154039_017613_02122C_4C5B.SAFE,640,640,34.23399661,33.14517399,34.36910227,33.16617019,34.34334107,33.28152335,34.20823542,33.26052714,34.28682974,33.21082492,34.2921073,33.21164509,34.29065824,33.2181337,34.28538067,33.21731354,309,308,334,344,900
ow,ow-0613.jpg,ow-0613.xml,ow-0613-01-001480,S1_20190816_153949_154104_VV_2,2019-08-16T15:39:49,2019-08-16T15:41:04,S1B_IW_GRDH_1SDV_20190816T154039_20190816T154104_017613_02122C_F471.SAFE,640,640,33.64286937,33.36008122,33.77841039,33.38165885,33.75179463,33.49701055,33.61625361,33.47543292,33.6930848,33.42506688,33.70240325,33.42655035,33.70123881,33.43159698,33.69192036,33.43011352,297,305,341,333,1232
ow,ow-0614.jpg,ow-0614.xml,ow-0614-01-001481,S1_20190817_034225_034405_VV_3,2019-08-17T03:42:25,2019-08-17T03:44:05,S1B_IW_GRDH_1SDV_20190817T034250_20190817T034315_017620_021260_0DF6.SAFE,640,640,35.23613763,33.85804728,35.09991225,33.8791587,35.07346277,33.76390291,35.20968815,33.74279149,35.16388044,33.8140437,35.14791653,33.81651769,35.14601547,33.80823368,35.16197938,33.80575969,282,296,357,342,3450
ow,ow-0615.jpg,ow-0615.xml,ow-0615-01-001482,S1_20190817_034225_034405_VV_6,2019-08-17T03:42:25,2019-08-17T03:44:05,S1B_IW_GRDH_1SDV_20190817T034250_20190817T034315_017620_021260_0DF6.SAFE,640,640,34.58100067,33.64298184,34.44540322,33.66336941,34.42032168,33.54808086,34.55591913,33.52769329,34.49631599,33.58762725,34.49229044,33.58823251,34.4866079,33.56211245,34.49063345,33.56150719,332,366,351,511,2755
ow,ow-0615.jpg,ow-0615.xml,ow-0615-02-001483,S1_20190817_034225_034405_VV_6,2019-08-17T03:42:25,2019-08-17T03:44:05,S1B_IW_GRDH_1SDV_20190817T034250_20190817T034315_017620_021260_0DF6.SAFE,640,640,34.58100067,33.64298184,34.44540322,33.66336941,34.42032168,33.54808086,34.55591913,33.52769329,34.51543701,33.62623718,34.50886901,33.62722471,34.50467569,33.6079499,34.5112437,33.60696238,283,143,314,250,3317
ow,ow-0616.jpg,ow-0616.xml,ow-0616-01-001484,S1_20190817_153228_153343_VV_0,2019-08-17T15:32:28,2019-08-17T15:33:43,S1A_IW_GRDH_1SDV_20190817T153318_20190817T153343_028611_033C8A_7F09.SAFE,640,640,35.47627142,34.58490665,35.61355363,34.60646477,35.58649006,34.72173765,35.44920784,34.70017953,35.53707309,34.66318026,35.54179217,34.66392132,35.54103101,34.66716337,35.53631193,34.66642231,356,368,378,386,396
ow,ow-0616.jpg,ow-0616.xml,ow-0616-02-001485,S1_20190817_153228_153343_VV_0,2019-08-17T15:32:28,2019-08-17T15:33:43,S1A_IW_GRDH_1SDV_20190817T153318_20190817T153343_028611_033C8A_7F09.SAFE,640,640,35.47627142,34.58490665,35.61355363,34.60646477,35.58649006,34.72173765,35.44920784,34.70017953,35.5306888,34.6515327,35.53540788,34.65227376,35.53460443,34.65569593,35.52988535,34.65495487,315,311,337,330,418
ow,ow-0616.jpg,ow-0616.xml,ow-0616-03-001486,S1_20190817_153228_153343_VV_0,2019-08-17T15:32:28,2019-08-17T15:33:43,S1A_IW_GRDH_1SDV_20190817T153318_20190817T153343_028611_033C8A_7F09.SAFE,640,640,35.47627142,34.58490665,35.61355363,34.60646477,35.58649006,34.72173765,35.44920784,34.70017953,35.50297727,34.62178242,35.52421311,34.62511719,35.520069,34.64276835,35.49883316,34.63943358,159,175,258,273,9702
ow,ow-0617.jpg,ow-0617.xml,ow-0617-01-001487,S1_20190820_155645_155825_VV_0,2019-08-20T15:56:45,2019-08-20T15:58:25,S1A_IW_GRDH_1SDV_20190820T155735_20190820T155800_028655_033E24_574F.SAFE,1112,1112,30.05012672,33.27265773,30.2852952,33.30911432,30.24041641,33.50982393,30.00524793,33.47336734,30.05029784,33.27287101,30.17993658,33.29296803,30.14260486,33.45992522,30.01296612,33.43982819,1,1,614,926,567025
ow,ow-0618.jpg,ow-0618.xml,ow-0618-01-001488,S1_20190820_155645_155825_VV_2,2019-08-20T15:56:45,2019-08-20T15:58:25,S1A_IW_GRDH_1SDV_20190820T155710_20190820T155735_028655_033E24_AFFA.SAFE,640,640,32.02030183,31.50714847,32.15361219,31.52663464,32.13011371,31.64209961,31.99680335,31.62261344,32.07858581,31.61283134,32.08275176,31.61344028,32.08131982,31.62047642,32.07715387,31.61986748,372,523,392,562,780
ow,ow-0618.jpg,ow-0618.xml,ow-0618-02-001489,S1_20190820_155645_155825_VV_2,2019-08-20T15:56:45,2019-08-20T15:58:25,S1A_IW_GRDH_1SDV_20190820T155710_20190820T155735_028655_033E24_AFFA.SAFE,640,640,32.02030183,31.50714847,32.15361219,31.52663464,32.13011371,31.64209961,31.99680335,31.62261344,32.07046908,31.53361692,32.07359354,31.53407363,32.0726022,31.53894481,32.06947774,31.5384881,259,103,274,130,405
ow,ow-0619.jpg,ow-0619.xml,ow-0619-01-001490,S1_20190820_155645_155825_VV_5,2019-08-20T15:56:45,2019-08-20T15:58:25,S1A_IW_GRDH_1SDV_20190820T155710_20190820T155735_028655_033E24_AFFA.SAFE,640,640,32.3828453,31.61309005,32.51619605,31.632276,32.49304924,31.74771218,32.35969849,31.72852623,32.43529043,31.67333825,32.44591682,31.67486713,32.4432043,31.6883948,32.43257791,31.68686592,301,284,352,359,3825
ow,ow-0620.jpg,ow-0620.xml,ow-0620-01-001491,S1_20190820_155645_155825_VV_6,2019-08-20T15:56:45,2019-08-20T15:58:25,S1A_IW_GRDH_1SDV_20190820T155710_20190820T155735_028655_033E24_AFFA.SAFE,640,640,32.1692841,31.67788659,32.30265299,31.69722725,32.27932998,31.8126788,32.14596109,31.79333815,32.20629942,31.79726056,32.20942525,31.79771386,32.20847776,31.80240408,32.20535192,31.80195078,285,614,300,640,390
ow,ow-0620.jpg,ow-0620.xml,ow-0620-02-001492,S1_20190820_155645_155825_VV_6,2019-08-20T15:56:45,2019-08-20T15:58:25,S1A_IW_GRDH_1SDV_20190820T155710_20190820T155735_028655_033E24_AFFA.SAFE,640,640,32.1692841,31.67788659,32.30265299,31.69722725,32.27932998,31.8126788,32.14596109,31.79333815,32.22374091,31.75764101,32.23374358,31.75909156,32.23093753,31.77298182,32.22093486,31.77153127,329,387,377,464,3696
ow,ow-0620.jpg,ow-0620.xml,ow-0620-03-001493,S1_20190820_155645_155825_VV_6,2019-08-20T15:56:45,2019-08-20T15:58:25,S1A_IW_GRDH_1SDV_20190820T155710_20190820T155735_028655_033E24_AFFA.SAFE,640,640,32.1692841,31.67788659,32.30265299,31.69722725,32.27932998,31.8126788,32.14596109,31.79333815,32.24569821,31.74875612,32.26236932,31.7511737,32.26156759,31.75514235,32.24489648,31.75272477,423,322,503,344,1760
ow,ow-0621.jpg,ow-0621.xml,ow-0621-01-001494,S1_20190820_155645_155825_VV_7,2019-08-20T15:56:45,2019-08-20T15:58:25,S1A_IW_GRDH_1SDV_20190820T155710_20190820T155735_028655_033E24_AFFA.SAFE,640,640,32.2863498,31.77634526,32.41968242,31.79537651,32.39671126,31.91079769,32.26337864,31.89176644,32.31614521,31.80749107,32.33718676,31.81049444,32.33137219,31.83971043,32.31033063,31.83670706,168,145,269,307,16362
ow,ow-0621.jpg,ow-0621.xml,ow-0621-02-001495,S1_20190820_155645_155825_VV_7,2019-08-20T15:56:45,2019-08-20T15:58:25,S1A_IW_GRDH_1SDV_20190820T155710_20190820T155735_028655_033E24_AFFA.SAFE,640,640,32.2863498,31.77634526,32.41968242,31.79537651,32.39671126,31.91079769,32.26337864,31.89176644,32.32355934,31.86066604,32.33480928,31.8622718,32.33269163,31.87291219,32.32144169,31.87130643,252,426,306,485,3186
ow,ow-0621.jpg,ow-0621.xml,ow-0621-03-001496,S1_20190820_155645_155825_VV_7,2019-08-20T15:56:45,2019-08-20T15:58:25,S1A_IW_GRDH_1SDV_20190820T155710_20190820T155735_028655_033E24_AFFA.SAFE,640,640,32.2863498,31.77634526,32.41968242,31.79537651,32.39671126,31.91079769,32.26337864,31.89176644,32.32919055,31.8549784,32.33669051,31.85604891,32.33525481,31.86326274,32.32775485,31.86219223,273,391,309,431,1440
ow,ow-0622.jpg,ow-0622.xml,ow-0622-01-001497,S1_20190820_155645_155825_VV_8,2019-08-20T15:56:45,2019-08-20T15:58:25,S1A_IW_GRDH_1SDV_20190820T155710_20190820T155735_028655_033E24_AFFA.SAFE,640,640,31.39572658,31.79834591,31.52880191,31.81841003,31.50460461,31.93392415,31.37152928,31.91386004,31.43944776,31.86302955,31.45441873,31.86528676,31.45237709,31.87503326,31.43740611,31.87277605,267,312,339,366,3888
ow,ow-0623.jpg,ow-0623.xml,ow-0623-01-001498,S1_20190820_155645_155825_VV_9,2019-08-20T15:56:45,2019-08-20T15:58:25,S1A_IW_GRDH_1SDV_20190820T155710_20190820T155735_028655_033E24_AFFA.SAFE,640,640,31.22781763,31.81099171,31.3608326,31.8311995,31.33646135,31.94672479,31.20344639,31.926517,31.26355171,31.87342626,31.27955507,31.87585751,31.27685139,31.8886736,31.26084803,31.88624235,228,306,305,377,5467
ow,ow-0623.jpg,ow-0623.xml,ow-0623-02-001499,S1_20190820_155645_155825_VV_9,2019-08-20T15:56:45,2019-08-20T15:58:25,S1A_IW_GRDH_1SDV_20190820T155710_20190820T155735_028655_033E24_AFFA.SAFE,640,640,31.22781763,31.81099171,31.3608326,31.8311995,31.33646135,31.94672479,31.20344639,31.926517,31.29475736,31.87090162,31.3030708,31.87216461,31.30204264,31.87703833,31.2937292,31.87577534,371,267,411,294,1080
ow,ow-0624.jpg,ow-0624.xml,ow-0624-01-001500,S1_20190820_155645_155825_VV_10,2019-08-20T15:56:45,2019-08-20T15:58:25,S1A_IW_GRDH_1SDV_20190820T155710_20190820T155735_028655_033E24_AFFA.SAFE,640,640,31.22484857,31.99814047,31.35880963,32.01814996,31.33451974,32.13364311,31.20055868,32.11363362,31.27692168,32.0595231,31.28529425,32.0607737,31.28297912,32.07178164,31.27460655,32.07053104,301,288,341,349,2440
ow,ow-0625.jpg,ow-0625.xml,ow-0625-01-001501,S1_20190820_155645_155825_VV_11,2019-08-20T15:56:45,2019-08-20T15:58:25,S1A_IW_GRDH_1SDV_20190820T155710_20190820T155735_028655_033E24_AFFA.SAFE,640,640,30.77264578,32.047093,30.90635896,32.06769144,30.88135561,32.18322204,30.74764244,32.16262359,30.8227814,32.11170951,30.83009383,32.11283599,30.82860926,32.11969562,30.82129682,32.11856914,297,305,332,343,1330
ow,ow-0626.jpg,ow-0626.xml,ow-0626-01-001502,S1_20190820_155645_155825_VV_12,2019-08-20T15:56:45,2019-08-20T15:58:25,S1A_IW_GRDH_1SDV_20190820T155710_20190820T155735_028655_033E24_AFFA.SAFE,640,640,30.69318982,32.25170431,30.82684011,32.27245011,30.80165904,32.38798894,30.66800875,32.36724313,30.73656237,32.30826881,30.75869819,32.31170484,30.75334722,32.33625684,30.73121139,32.33282081,258,267,364,403,14416
ow,ow-0627.jpg,ow-0627.xml,ow-0627-01-001503,S1_20190820_155645_155825_VV_13,2019-08-20T15:56:45,2019-08-20T15:58:25,S1A_IW_GRDH_1SDV_20190820T155735_20190820T155800_028655_033E24_574F.SAFE,640,640,30.20182499,33.16187759,30.33724147,33.18270602,30.31159943,33.298216,30.17618296,33.27738757,30.22071078,33.23944115,30.23404084,33.24149145,30.2317571,33.25177906,30.21842704,33.24972876,165,400,228,457,3591
ow,ow-0627.jpg,ow-0627.xml,ow-0627-02-001504,S1_20190820_155645_155825_VV_13,2019-08-20T15:56:45,2019-08-20T15:58:25,S1A_IW_GRDH_1SDV_20190820T155735_20190820T155800_028655_033E24_574F.SAFE,640,640,30.20182499,33.16187759,30.33724147,33.18270602,30.31159943,33.298216,30.17618296,33.27738757,30.27198559,33.20757196,30.29462554,33.21105422,30.29130009,33.22603442,30.26866014,33.22255216,367,187,474,270,8881
ow,ow-0628.jpg,ow-0628.xml,ow-0628-01-001505,S1_20190820_155645_155825_VV_14,2019-08-20T15:56:45,2019-08-20T15:58:25,S1A_IW_GRDH_1SDV_20190820T155735_20190820T155800_028655_033E24_574F.SAFE,640,640,29.99199084,33.50623458,30.12733961,33.52721679,30.10151009,33.64273311,29.96616132,33.6217509,30.02471762,33.59179758,30.03782953,33.59383023,30.0346412,33.60808928,30.02152929,33.60605662,237,431,299,510,4898
ow,ow-0628.jpg,ow-0628.xml,ow-0628-02-001506,S1_20190820_155645_155825_VV_14,2019-08-20T15:56:45,2019-08-20T15:58:25,S1A_IW_GRDH_1SDV_20190820T155735_20190820T155800_028655_033E24_574F.SAFE,640,640,29.99199084,33.50623458,30.12733961,33.52721679,30.10151009,33.64273311,29.96616132,33.6217509,30.05961526,33.54043529,30.07293865,33.54250072,30.0698714,33.55621829,30.056548,33.55415285,344,127,407,203,4788
ow,ow-0629.jpg,ow-0629.xml,ow-0629-01-001507,S1_20190821_035934_040114_VV_1,2019-08-21T03:59:34,2019-08-21T04:01:14,S1A_IW_GRDH_1SDV_20190821T040024_20190821T040049_028662_033E63_3BDB.SAFE,1509,1509,31.11858554,32.5218413,30.80391206,32.5718009,30.7433611,32.29972264,31.05803458,32.24976304,31.09803285,32.43046044,30.92516054,32.45790677,30.90100436,32.34936395,31.07387667,32.32191762,1,507,830,1109,499058
ow,ow-0629.jpg,ow-0629.xml,ow-0629-02-001508,S1_20190821_035934_040114_VV_1,2019-08-21T03:59:34,2019-08-21T04:01:14,S1A_IW_GRDH_1SDV_20190821T040024_20190821T040049_028662_033E63_3BDB.SAFE,1509,1509,31.11858554,32.5218413,30.80391206,32.5718009,30.7433611,32.29972264,31.05803458,32.24976304,30.92642943,32.47039917,30.92017349,32.47139241,30.91848818,32.46381965,30.92474411,32.46282642,837,439,867,481,1260
ow,ow-0629.jpg,ow-0629.xml,ow-0629-03-001509,S1_20190821_035934_040114_VV_1,2019-08-21T03:59:34,2019-08-21T04:01:14,S1A_IW_GRDH_1SDV_20190821T040024_20190821T040049_028662_033E63_3BDB.SAFE,1509,1509,31.11858554,32.5218413,30.80391206,32.5718009,30.7433611,32.29972264,31.05803458,32.24976304,30.86351184,32.56215178,30.85558766,32.56340988,30.85402272,32.55637803,30.8619469,32.55511994,1223,1,1261,40,1482
ow,ow-0629.jpg,ow-0629.xml,ow-0629-04-001510,S1_20190821_035934_040114_VV_1,2019-08-21T03:59:34,2019-08-21T04:01:14,S1A_IW_GRDH_1SDV_20190821T040024_20190821T040049_028662_033E63_3BDB.SAFE,1509,1509,31.11858554,32.5218413,30.80391206,32.5718009,30.7433611,32.29972264,31.05803458,32.24976304,30.87115387,32.54992469,30.8646894,32.55095103,30.86304421,32.54355858,30.86950868,32.54253224,1175,60,1206,101,1271
ow,ow-0630.jpg,ow-0630.xml,ow-0630-01-001511,S1_20190821_035934_040114_VV_3,2019-08-21T03:59:34,2019-08-21T04:01:14,S1A_IW_GRDH_1SDV_20190821T040024_20190821T040049_028662_033E63_3BDB.SAFE;S1A_IW_GRDH_1SDV_20190821T035959_20190821T040024_028662_033E63_F003.SAFE,640,640,31.08530213,33.09310957,30.95094413,33.11427283,30.9251149,32.99889443,31.0594729,32.97773117,31.0136126,33.06315517,31.0001768,33.0652715,30.99335627,33.03480439,31.00679207,33.03268807,299,221,363,390,10816
ow,ow-0631.jpg,ow-0631.xml,ow-0631-01-001512,S1_20190821_035934_040114_VV_4,2019-08-21T03:59:34,2019-08-21T04:01:14,S1A_IW_GRDH_1SDV_20190821T040024_20190821T040049_028662_033E63_3BDB.SAFE,640,640,30.629809,32.97360026,30.49525997,32.99432769,30.46996122,32.87896585,30.60451025,32.85823843,30.62585607,32.95557498,30.49130704,32.9763024,30.47387462,32.89681089,30.60842365,32.87608346,0,100,640,541,282240
ow,ow-0632.jpg,ow-0632.xml,ow-0632-01-001513,S1_20190821_035934_040114_VV_5,2019-08-21T03:59:34,2019-08-21T04:01:14,S1A_IW_GRDH_1SDV_20190821T040024_20190821T040049_028662_033E63_3BDB.SAFE,640,640,30.74943116,32.32762025,30.6159085,32.34866748,30.59039889,32.23327824,30.72392155,32.21223101,30.70473994,32.28074372,30.68033033,32.28459142,30.67574657,32.26385741,30.70015619,32.26000972,159,289,276,404,13455
ow,ow-0633.jpg,ow-0633.xml,ow-0633-01-001514,S1_20190821_035934_040114_VV_6,2019-08-21T03:59:34,2019-08-21T04:01:14,S1A_IW_GRDH_1SDV_20190821T040024_20190821T040049_028662_033E63_3BDB.SAFE,640,640,30.66538036,32.150559,30.5318577,32.17160622,30.50634809,32.05621698,30.63987075,32.03516976,30.59472326,32.11318626,30.5857522,32.11460037,30.58104887,32.09332547,30.59001992,32.09191136,289,260,332,378,5074
ow,ow-0634.jpg,ow-0634.xml,ow-0634-01-001515,S1_20190821_154753_154933_VV_0,2019-08-21T15:47:53,2019-08-21T15:49:33,S1B_IW_GRDH_1SDV_20190821T154818_20190821T154843_017686_021461_4D57.SAFE;S1B_IW_GRDH_1SDV_20190821T154753_20190821T154818_017686_021461_7713.SAFE,640,640,33.54379578,31.25152133,33.67624207,31.27176373,33.6518496,31.38730634,33.51940331,31.36706393,33.59151063,31.31490828,33.60579,31.31709067,33.60434169,31.32395101,33.59006233,31.32176863,286,301,355,339,2622
ow,ow-0635.jpg,ow-0635.xml,ow-0635-01-001516,S1_20190821_154753_154933_VV_1,2019-08-21T15:47:53,2019-08-21T15:49:33,S1B_IW_GRDH_1SDV_20190821T154818_20190821T154843_017686_021461_4D57.SAFE;S1B_IW_GRDH_1SDV_20190821T154753_20190821T154818_017686_021461_7713.SAFE,640,640,32.59285038,31.17967649,32.72493672,31.20076354,32.69953008,31.3163561,32.56744374,31.29526906,32.6451901,31.24673493,32.64746034,31.24709736,32.64690457,31.24962595,32.64463433,31.24926351,314,314,325,328,154
ow,ow-0636.jpg,ow-0636.xml,ow-0636-01-001517,S1_20190821_154753_154933_VV_2,2019-08-21T15:47:53,2019-08-21T15:49:33,S1B_IW_GRDH_1SDV_20190821T154818_20190821T154843_017686_021461_4D57.SAFE,640,640,32.38338973,31.22076738,32.51535363,31.24213475,32.48961137,31.35773884,32.35764747,31.33637147,32.38312647,31.27855228,32.38725034,31.27922001,32.38592301,31.28518085,32.38179913,31.28451312,59,309,79,342,660
ow,ow-0636.jpg,ow-0636.xml,ow-0636-02-001518,S1_20190821_154753_154933_VV_2,2019-08-21T15:47:53,2019-08-21T15:49:33,S1B_IW_GRDH_1SDV_20190821T154818_20190821T154843_017686_021461_4D57.SAFE,640,640,32.38338973,31.22076738,32.51535363,31.24213475,32.48961137,31.35773884,32.35764747,31.33637147,32.4182183,31.26102842,32.44172437,31.26483448,32.43464524,31.29662561,32.41113917,31.29281955,205,185,319,361,20064
ow,ow-0636.jpg,ow-0636.xml,ow-0636-03-001519,S1_20190821_154753_154933_VV_2,2019-08-21T15:47:53,2019-08-21T15:49:33,S1B_IW_GRDH_1SDV_20190821T154818_20190821T154843_017686_021461_4D57.SAFE,640,640,32.38338973,31.22076738,32.51535363,31.24213475,32.48961137,31.35773884,32.35764747,31.33637147,32.37878203,31.2903875,32.41569068,31.29636368,32.41070312,31.31876197,32.37379447,31.31278579,51,376,230,500,22196
ow,ow-0636.jpg,ow-0636.xml,ow-0636-04-001520,S1_20190821_154753_154933_VV_2,2019-08-21T15:47:53,2019-08-21T15:49:33,S1B_IW_GRDH_1SDV_20190821T154818_20190821T154843_017686_021461_4D57.SAFE,640,640,32.38338973,31.22076738,32.51535363,31.24213475,32.48961137,31.35773884,32.35764747,31.33637147,32.3811081,31.24828241,32.39018061,31.24975142,32.3874455,31.26203435,32.37837298,31.26056535,18,149,62,217,2992
ow,ow-0637.jpg,ow-0637.xml,ow-0637-01-001521,S1_20190821_154753_154933_VV_6,2019-08-21T15:47:53,2019-08-21T15:49:33,S1B_IW_GRDH_1SDV_20190821T154818_20190821T154843_017686_021461_4D57.SAFE,640,640,32.00469063,31.47576614,32.13738318,31.49739496,32.11124583,31.61300198,31.97855328,31.59137317,32.0911728,31.54679971,32.09303879,31.54710386,32.09271208,31.54854895,32.09084609,31.54824479,477,304,486,312,72
ow,ow-0637.jpg,ow-0637.xml,ow-0637-02-001522,S1_20190821_154753_154933_VV_6,2019-08-21T15:47:53,2019-08-21T15:49:33,S1B_IW_GRDH_1SDV_20190821T154818_20190821T154843_017686_021461_4D57.SAFE,640,640,32.00469063,31.47576614,32.13738318,31.49739496,32.11124583,31.61300198,31.97855328,31.59137317,32.10794771,31.56863787,32.10939903,31.56887444,32.1087456,31.57176461,32.10729427,31.57152805,578,406,585,422,112
ow,ow-0637.jpg,ow-0637.xml,ow-0637-03-001523,S1_20190821_154753_154933_VV_6,2019-08-21T15:47:53,2019-08-21T15:49:33,S1B_IW_GRDH_1SDV_20190821T154818_20190821T154843_017686_021461_4D57.SAFE,640,640,32.00469063,31.47576614,32.13738318,31.49739496,32.11124583,31.61300198,31.97855328,31.59137317,32.08957066,31.55103358,32.09122931,31.55130395,32.09029,31.55545857,32.08863135,31.55518821,474,328,482,351,184
ow,ow-0637.jpg,ow-0637.xml,ow-0637-04-001524,S1_20190821_154753_154933_VV_6,2019-08-21T15:47:53,2019-08-21T15:49:33,S1B_IW_GRDH_1SDV_20190821T154818_20190821T154843_017686_021461_4D57.SAFE,640,640,32.00469063,31.47576614,32.13738318,31.49739496,32.11124583,31.61300198,31.97855328,31.59137317,32.06211526,31.49561473,32.06398125,31.49591888,32.06332781,31.49880906,32.06146183,31.4985049,288,56,297,72,144
ow,ow-0637.jpg,ow-0637.xml,ow-0637-05-001525,S1_20190821_154753_154933_VV_6,2019-08-21T15:47:53,2019-08-21T15:49:33,S1B_IW_GRDH_1SDV_20190821T154818_20190821T154843_017686_021461_4D57.SAFE,640,640,32.00469063,31.47576614,32.13738318,31.49739496,32.11124583,31.61300198,31.97855328,31.59137317,32.07052089,31.59250417,32.0738382,31.59304489,32.07269469,31.5981027,32.06937738,31.59756198,429,566,445,594,448
ow,ow-0638.jpg,ow-0638.xml,ow-0638-01-001526,S1_20190821_154753_154933_VV_7,2019-08-21T15:47:53,2019-08-21T15:49:33,S1B_IW_GRDH_1SDV_20190821T154818_20190821T154843_017686_021461_4D57.SAFE,640,640,32.13848948,31.49091007,32.27124439,31.5123955,32.24527888,31.62799807,32.11252396,31.60651264,32.19001553,31.53331871,32.1954087,31.53419156,32.19398871,31.54051357,32.18859554,31.53964073,284,182,310,217,910
ow,ow-0638.jpg,ow-0638.xml,ow-0638-02-001527,S1_20190821_154753_154933_VV_7,2019-08-21T15:47:53,2019-08-21T15:49:33,S1B_IW_GRDH_1SDV_20190821T154818_20190821T154843_017686_021461_4D57.SAFE,640,640,32.13848948,31.49091007,32.27124439,31.5123955,32.24527888,31.62799807,32.11252396,31.60651264,32.18567858,31.61292353,32.18775288,31.61325924,32.18698203,31.61669119,32.18490773,31.61635548,347,611,357,630,190
ow,ow-0638.jpg,ow-0638.xml,ow-0638-03-001528,S1_20190821_154753_154933_VV_7,2019-08-21T15:47:53,2019-08-21T15:49:33,S1B_IW_GRDH_1SDV_20190821T154818_20190821T154843_017686_021461_4D57.SAFE,640,640,32.13848948,31.49091007,32.27124439,31.5123955,32.24527888,31.62799807,32.11252396,31.60651264,32.1842043,31.61661603,32.18690088,31.61705245,32.18657631,31.61849748,32.18387973,31.61806106,344,632,357,640,104
ow,ow-0639.jpg,ow-0639.xml,ow-0639-01-001529,S1_20190821_154753_154933_VV_8,2019-08-21T15:47:53,2019-08-21T15:49:33,S1B_IW_GRDH_1SDV_20190821T154818_20190821T154843_017686_021461_4D57.SAFE,640,640,32.20849319,31.62221423,32.34131047,31.64355628,32.31551661,31.7591547,32.18269932,31.73781265,32.24344461,31.73821871,32.24572741,31.73858553,32.24459893,31.74364296,32.24231613,31.74327614,283,590,294,618,308
ow,ow-0639.jpg,ow-0639.xml,ow-0639-02-001530,S1_20190821_154753_154933_VV_8,2019-08-21T15:47:53,2019-08-21T15:49:33,S1B_IW_GRDH_1SDV_20190821T154818_20190821T154843_017686_021461_4D57.SAFE,640,640,32.20849319,31.62221423,32.34131047,31.64355628,32.31551661,31.7591547,32.18269932,31.73781265,32.24472651,31.72476649,32.2461792,31.72499992,32.24505072,31.73005735,32.24359803,31.72982392,275,517,282,545,196
ow,ow-0639.jpg,ow-0639.xml,ow-0639-03-001531,S1_20190821_154753_154933_VV_8,2019-08-21T15:47:53,2019-08-21T15:49:33,S1B_IW_GRDH_1SDV_20190821T154818_20190821T154843_017686_021461_4D57.SAFE,640,640,32.20849319,31.62221423,32.34131047,31.64355628,32.31551661,31.7591547,32.18269932,31.73781265,32.21863777,31.68465141,32.24333348,31.6886197,32.23837622,31.71083627,32.21368051,31.70686798,112,325,231,448,14637
ow,ow-0639.jpg,ow-0639.xml,ow-0639-04-001532,S1_20190821_154753_154933_VV_8,2019-08-21T15:47:53,2019-08-21T15:49:33,S1B_IW_GRDH_1SDV_20190821T154818_20190821T154843_017686_021461_4D57.SAFE,640,640,32.20849319,31.62221423,32.34131047,31.64355628,32.31551661,31.7591547,32.18269932,31.73781265,32.31621774,31.64233068,32.32804678,31.64423146,32.32603164,31.65326258,32.3142026,31.65136181,522,15,579,65,2850
ow,ow-0639.jpg,ow-0639.xml,ow-0639-05-001533,S1_20190821_154753_154933_VV_8,2019-08-21T15:47:53,2019-08-21T15:49:33,S1B_IW_GRDH_1SDV_20190821T154818_20190821T154843_017686_021461_4D57.SAFE,640,640,32.20849319,31.62221423,32.34131047,31.64355628,32.31551661,31.7591547,32.18269932,31.73781265,32.29374676,31.74592743,32.29976504,31.74689449,32.29871716,31.75159068,32.29269888,31.75062362,525,588,554,614,754
ow,ow-0640.jpg,ow-0640.xml,ow-0640-01-001534,S1_20190821_154753_154933_VV_9,2019-08-21T15:47:53,2019-08-21T15:49:33,S1B_IW_GRDH_1SDV_20190821T154818_20190821T154843_017686_021461_4D57.SAFE,640,640,32.34950466,31.60569258,32.48238593,31.62689171,32.45676482,31.74248452,32.32388355,31.72128539,32.44673439,31.67038517,32.44798015,31.67058391,32.44725956,31.67383496,32.44601379,31.67363622,519,263,525,281,108
ow,ow-0640.jpg,ow-0640.xml,ow-0640-02-001535,S1_20190821_154753_154933_VV_9,2019-08-21T15:47:53,2019-08-21T15:49:33,S1B_IW_GRDH_1SDV_20190821T154818_20190821T154843_017686_021461_4D57.SAFE,640,640,32.34950466,31.60569258,32.48238593,31.62689171,32.45676482,31.74248452,32.32388355,31.72128539,32.34876147,31.72057926,32.35229113,31.72114236,32.35129031,31.72565771,32.34776065,31.72509461,115,615,132,640,425
ow,ow-0641.jpg,ow-0641.xml,ow-0641-01-001536,S1_20190821_154753_154933_VV_10,2019-08-21T15:47:53,2019-08-21T15:49:33,S1B_IW_GRDH_1SDV_20190821T154818_20190821T154843_017686_021461_4D57.SAFE,640,640,32.97141595,31.7000132,33.104607,31.72049312,33.07985256,31.83605037,32.94666151,31.81557045,33.02435616,31.7659702,33.02789404,31.7665142,33.02704311,31.77048648,33.02350522,31.76994248,312,310,329,332,374
ow,ow-0642.jpg,ow-0642.xml,ow-0642-01-001537,S1_20190821_154753_154933_VV_11,2019-08-21T15:47:53,2019-08-21T15:49:33,S1B_IW_GRDH_1SDV_20190821T154818_20190821T154843_017686_021461_4D57.SAFE,640,640,32.05530085,31.60286734,32.18805577,31.62435277,32.16209025,31.73995534,32.02933533,31.71846991,32.08663424,31.64425429,32.09223484,31.6451607,32.09069313,31.65202461,32.08509254,31.65111819,189,194,216,232,1026
ow,ow-0642.jpg,ow-0642.xml,ow-0642-02-001538,S1_20190821_154753_154933_VV_11,2019-08-21T15:47:53,2019-08-21T15:49:33,S1B_IW_GRDH_1SDV_20190821T154818_20190821T154843_017686_021461_4D57.SAFE,640,640,32.05530085,31.60286734,32.18805577,31.62435277,32.16209025,31.73995534,32.02933533,31.71846991,32.16537592,31.71671332,32.16724278,31.71701546,32.16667479,31.71954427,32.16480792,31.71924213,631,513,640,527,126
ow,ow-0642.jpg,ow-0642.xml,ow-0642-03-001539,S1_20190821_154753_154933_VV_11,2019-08-21T15:47:53,2019-08-21T15:49:33,S1B_IW_GRDH_1SDV_20190821T154818_20190821T154843_017686_021461_4D57.SAFE,640,640,32.05530085,31.60286734,32.18805577,31.62435277,32.16209025,31.73995534,32.02933533,31.71846991,32.091036,31.65432644,32.09601431,31.65513214,32.09414804,31.66344108,32.08916973,31.66263537,220,244,244,290,1104
ow,ow-0643.jpg,ow-0643.xml,ow-0643-01-001540,S1_20190821_154753_154933_VV_12,2019-08-21T15:47:53,2019-08-21T15:49:33,S1B_IW_GRDH_1SDV_20190821T154818_20190821T154843_017686_021461_4D57.SAFE,640,640,32.87791979,31.84043654,33.01111084,31.86091646,32.9863564,31.97647371,32.85316536,31.95599379,32.90347877,31.84455308,32.94843075,31.85146506,32.94320911,31.87584041,32.89825713,31.86892844,123,1,339,136,29160
ow,ow-0643.jpg,ow-0643.xml,ow-0643-02-001541,S1_20190821_154753_154933_VV_12,2019-08-21T15:47:53,2019-08-21T15:49:33,S1B_IW_GRDH_1SDV_20190821T154818_20190821T154843_017686_021461_4D57.SAFE,640,640,32.87791979,31.84043654,33.01111084,31.86091646,32.9863564,31.97647371,32.85316536,31.95599379,32.90565158,31.86652183,32.93353845,31.87080981,32.91330944,31.96524175,32.88542256,31.96095377,155,117,289,640,70082
ow,ow-0643.jpg,ow-0643.xml,ow-0643-03-001542,S1_20190821_154753_154933_VV_12,2019-08-21T15:47:53,2019-08-21T15:49:33,S1B_IW_GRDH_1SDV_20190821T154818_20190821T154843_017686_021461_4D57.SAFE,640,640,32.87791979,31.84043654,33.01111084,31.86091646,32.9863564,31.97647371,32.85316536,31.95599379,32.94004876,31.87554097,32.94733265,31.87666097,32.94265251,31.89850851,32.93536863,31.89738852,324,137,359,258,4235
ow,ow-0643.jpg,ow-0643.xml,ow-0643-04-001543,S1_20190821_154753_154933_VV_12,2019-08-21T15:47:53,2019-08-21T15:49:33,S1B_IW_GRDH_1SDV_20190821T154818_20190821T154843_017686_021461_4D57.SAFE,640,640,32.87791979,31.84043654,33.01111084,31.86091646,32.9863564,31.97647371,32.85316536,31.95599379,32.92664985,31.90798424,32.9312283,31.90868824,32.9264708,31.9308969,32.92189236,31.9301929,294,322,316,445,2706
ow,ow-0643.jpg,ow-0643.xml,ow-0643-05-001544,S1_20190821_154753_154933_VV_12,2019-08-21T15:47:53,2019-08-21T15:49:33,S1B_IW_GRDH_1SDV_20190821T154818_20190821T154843_017686_021461_4D57.SAFE,640,640,32.87791979,31.84043654,33.01111084,31.86091646,32.9863564,31.97647371,32.85316536,31.95599379,32.93703239,31.96086974,32.96054894,31.96448572,32.95900179,31.97170805,32.93548524,31.96809206,395,597,508,637,4520
ow,ow-0643.jpg,ow-0643.xml,ow-0643-06-001545,S1_20190821_154753_154933_VV_12,2019-08-21T15:47:53,2019-08-21T15:49:33,S1B_IW_GRDH_1SDV_20190821T154818_20190821T154843_017686_021461_4D57.SAFE,640,640,32.87791979,31.84043654,33.01111084,31.86091646,32.9863564,31.97647371,32.85316536,31.95599379,32.93403336,31.89960777,32.93736314,31.90011977,32.93569995,31.90788377,32.93237017,31.90737178,320,271,336,314,688
ow,ow-0643.jpg,ow-0643.xml,ow-0643-07-001546,S1_20190821_154753_154933_VV_12,2019-08-21T15:47:53,2019-08-21T15:49:33,S1B_IW_GRDH_1SDV_20190821T154818_20190821T154843_017686_021461_4D57.SAFE,640,640,32.87791979,31.84043654,33.01111084,31.86091646,32.9863564,31.97647371,32.85316536,31.95599379,32.92146689,31.93217904,32.92313178,31.93243504,32.9218167,31.93857402,32.92015181,31.93831802,294,456,302,490,272
ow,ow-0643.jpg,ow-0643.xml,ow-0643-08-001547,S1_20190821_154753_154933_VV_12,2019-08-21T15:47:53,2019-08-21T15:49:33,S1B_IW_GRDH_1SDV_20190821T154818_20190821T154843_017686_021461_4D57.SAFE,640,640,32.87791979,31.84043654,33.01111084,31.86091646,32.9863564,31.97647371,32.85316536,31.95599379,32.91909654,31.93722323,32.9220101,31.93767123,32.9210818,31.94200463,32.91816825,31.94155663,288,485,302,509,336
ow,ow-0643.jpg,ow-0643.xml,ow-0643-09-001548,S1_20190821_154753_154933_VV_12,2019-08-21T15:47:53,2019-08-21T15:49:33,S1B_IW_GRDH_1SDV_20190821T154818_20190821T154843_017686_021461_4D57.SAFE,640,640,32.87791979,31.84043654,33.01111084,31.86091646,32.9863564,31.97647371,32.85316536,31.95599379,32.91640374,31.9507971,32.92472818,31.95207709,32.92321971,31.95911886,32.91489527,31.95783887,289,560,329,599,1560
ow,ow-0643.jpg,ow-0643.xml,ow-0643-10-001549,S1_20190821_154753_154933_VV_12,2019-08-21T15:47:53,2019-08-21T15:49:33,S1B_IW_GRDH_1SDV_20190821T154818_20190821T154843_017686_021461_4D57.SAFE,640,640,32.87791979,31.84043654,33.01111084,31.86091646,32.9863564,31.97647371,32.85316536,31.95599379,32.91884598,31.94240686,32.92134331,31.94279086,32.91964144,31.95073542,32.91714411,31.95035142,292,513,304,557,528
ow,ow-0644.jpg,ow-0644.xml,ow-0644-01-001550,S1_20190821_154753_154933_VV_14,2019-08-21T15:47:53,2019-08-21T15:49:33,S1B_IW_GRDH_1SDV_20190821T154818_20190821T154843_017686_021461_4D57.SAFE,640,640,32.06880307,31.72512393,32.20162036,31.74646598,32.17582649,31.8620644,32.04300921,31.84072235,32.13950589,31.77820799,32.14303385,31.77877489,32.14267113,31.78040049,32.13914317,31.77983359,384,223,401,232,153
ow,ow-0644.jpg,ow-0644.xml,ow-0644-02-001551,S1_20190821_154753_154933_VV_14,2019-08-21T15:47:53,2019-08-21T15:49:33,S1B_IW_GRDH_1SDV_20190821T154818_20190821T154843_017686_021461_4D57.SAFE,640,640,32.06880307,31.72512393,32.20162036,31.74646598,32.17582649,31.8620644,32.04300921,31.84072235,32.10407824,31.80114131,32.10802125,31.80177491,32.10693307,31.80665171,32.10299006,31.80601812,243,376,262,403,513
ow,ow-0644.jpg,ow-0644.xml,ow-0644-03-001552,S1_20190821_154753_154933_VV_14,2019-08-21T15:47:53,2019-08-21T15:49:33,S1B_IW_GRDH_1SDV_20190821T154818_20190821T154843_017686_021461_4D57.SAFE,640,640,32.06880307,31.72512393,32.20162036,31.74646598,32.17582649,31.8620644,32.04300921,31.84072235,32.10431583,31.80585696,32.10908895,31.80662394,32.10775895,31.81258448,32.10298583,31.8118175,249,401,272,434,759
ow,ow-0645.jpg,ow-0645.xml,ow-0645-01-001553,S1_20190821_154753_154933_VV_15,2019-08-21T15:47:53,2019-08-21T15:49:33,S1B_IW_GRDH_1SDV_20190821T154818_20190821T154843_017686_021461_4D57.SAFE,640,640,32.54375518,31.84763037,32.67670043,31.86868658,32.6512517,31.9842742,32.51830645,31.96321799,32.59666428,31.92366932,32.60123427,31.92439313,32.59952443,31.93215917,32.59495444,31.93143537,324,362,346,405,946
ow,ow-0645.jpg,ow-0645.xml,ow-0645-02-001554,S1_20190821_154753_154933_VV_15,2019-08-21T15:47:53,2019-08-21T15:49:33,S1B_IW_GRDH_1SDV_20190821T154818_20190821T154843_017686_021461_4D57.SAFE,640,640,32.54375518,31.84763037,32.67670043,31.86868658,32.6512517,31.9842742,32.51830645,31.96321799,32.59524387,31.90082903,32.59835977,31.90132253,32.59661017,31.90926918,32.59349427,31.90877568,294,241,309,285,660
ow,ow-0646.jpg,ow-0646.xml,ow-0646-01-001555,S1_20190821_154753_154933_VV_16,2019-08-21T15:47:53,2019-08-21T15:49:33,S1B_IW_GRDH_1SDV_20190821T154843_20190821T154908_017686_021461_5471.SAFE,640,640,33.99916409,33.84295748,34.13559286,33.86173201,34.11238841,33.97711852,33.97595965,33.95834399,34.08800683,33.92188462,34.0931229,33.92258866,34.09189017,33.92871857,34.08677409,33.92801453,478,360,502,394,816
ow,ow-0646.jpg,ow-0646.xml,ow-0646-02-001556,S1_20190821_154753_154933_VV_16,2019-08-21T15:47:53,2019-08-21T15:49:33,S1B_IW_GRDH_1SDV_20190821T154843_20190821T154908_017686_021461_5471.SAFE,640,640,33.99916409,33.84295748,34.13559286,33.86173201,34.11238841,33.97711852,33.97595965,33.95834399,34.08447912,33.89694208,34.09130055,33.8978808,34.08843625,33.91212383,34.08161482,33.9111851,439,228,471,307,2528
ow,ow-0647.jpg,ow-0647.xml,ow-0647-01-001557,S1_20190822_035047_035226_VV_0,2019-08-22T03:50:47,2019-08-22T03:52:26,S1B_IW_GRDH_1SDV_20190822T035137_20190822T035202_017693_021497_9677.SAFE,1733,1733,31.62239954,32.34702906,31.2600941,32.40062147,31.19529528,32.08849221,31.55760072,32.0348998,31.5484631,32.0407068,31.54198216,32.04166547,31.54108477,32.03734285,31.54756571,32.03638418,48,1709,79,1733,744
ow,ow-0647.jpg,ow-0647.xml,ow-0647-02-001558,S1_20190822_035047_035226_VV_0,2019-08-22T03:50:47,2019-08-22T03:52:26,S1B_IW_GRDH_1SDV_20190822T035137_20190822T035202_017693_021497_9677.SAFE,1733,1733,31.62239954,32.34702906,31.2600941,32.40062147,31.19529528,32.08849221,31.55760072,32.0348998,31.48413189,32.14601301,31.41764999,32.15584705,31.40852656,32.1119004,31.47500846,32.10206637,448,1193,766,1437,77592
ow,ow-0647.jpg,ow-0647.xml,ow-0647-03-001559,S1_20190822_035047_035226_VV_0,2019-08-22T03:50:47,2019-08-22T03:52:26,S1B_IW_GRDH_1SDV_20190822T035137_20190822T035202_017693_021497_9677.SAFE,1733,1733,31.62239954,32.34702906,31.2600941,32.40062147,31.19529528,32.08849221,31.55760072,32.0348998,31.60796111,32.30758141,31.34746914,32.34611352,31.30858237,32.15879994,31.56907434,32.12026783,29,224,1275,1264,1295840
ow,ow-0648.jpg,ow-0648.xml,ow-0648-01-001560,S1_20190822_035047_035226_VV_2,2019-08-22T03:50:47,2019-08-22T03:52:26,S1B_IW_GRDH_1SDV_20190822T035047_20190822T035112_017693_021497_D54D.SAFE,640,640,32.49437587,34.55377536,32.35758069,34.57397939,32.33257222,34.45873065,32.4693674,34.43852661,32.40778585,34.51155347,32.39795369,34.51300563,32.39717218,34.50940411,32.40700433,34.50795194,351,296,397,316,920
ow,ow-0648.jpg,ow-0648.xml,ow-0648-02-001561,S1_20190822_035047_035226_VV_2,2019-08-22T03:50:47,2019-08-22T03:52:26,S1B_IW_GRDH_1SDV_20190822T035047_20190822T035112_017693_021497_D54D.SAFE,640,640,32.49437587,34.55377536,32.35758069,34.57397939,32.33257222,34.45873065,32.4693674,34.43852661,32.4308837,34.50312413,32.42169277,34.50448159,32.42083311,34.50051992,32.43002403,34.49916246,238,323,281,345,946
ow,ow-0649.jpg,ow-0649.xml,ow-0649-01-001562,S1_20190822_035047_035226_VV_3,2019-08-22T03:50:47,2019-08-22T03:52:26,S1B_IW_GRDH_1SDV_20190822T035137_20190822T035202_017693_021497_9677.SAFE,640,640,31.67564737,32.02073999,31.54234937,32.04070133,31.51829645,31.92541293,31.65159446,31.90545159,31.58548034,32.01065018,31.57215054,32.01264631,31.57023382,32.00345927,31.58356362,32.00146314,410,127,474,178,3264
ow,ow-0649.jpg,ow-0649.xml,ow-0649-02-001563,S1_20190822_035047_035226_VV_3,2019-08-22T03:50:47,2019-08-22T03:52:26,S1B_IW_GRDH_1SDV_20190822T035137_20190822T035202_017693_021497_9677.SAFE,640,640,31.67564737,32.02073999,31.54234937,32.04070133,31.51829645,31.92541293,31.65159446,31.90545159,31.56876311,32.03656011,31.54231179,32.04052119,31.53847835,32.0221471,31.56492968,32.01818602,513,1,640,103,12954
ow,ow-0650.jpg,ow-0650.xml,ow-0650-01-001564,S1_20190822_035047_035226_VV_5,2019-08-22T03:50:47,2019-08-22T03:52:26,S1B_IW_GRDH_1SDV_20190822T035137_20190822T035202_017693_021497_9677.SAFE,640,640,33.04999792,31.84232819,32.91735424,31.86381779,32.89146461,31.74844718,33.02410829,31.72695758,32.98883894,31.80142143,32.95671429,31.80662595,32.95185999,31.78499396,32.98398463,31.77978945,242,272,397,392,18600
ow,ow-0651.jpg,ow-0651.xml,ow-0651-01-001565,S1_20190822_035047_035226_VV_6,2019-08-22T03:50:47,2019-08-22T03:52:26,S1B_IW_GRDH_1SDV_20190822T035137_20190822T035202_017693_021497_9677.SAFE,640,640,32.14844532,31.74051989,32.01538049,31.7610399,31.99065545,31.64571277,32.12372028,31.62519276,32.09736943,31.71768055,32.05537084,31.72415718,32.04258336,31.66451143,32.08458195,31.6580348,215,165,417,496,66862
ow,ow-0652.jpg,ow-0652.xml,ow-0652-01-001566,S1_20190822_035047_035226_VV_7,2019-08-22T03:50:47,2019-08-22T03:52:26,S1B_IW_GRDH_1SDV_20190822T035137_20190822T035202_017693_021497_9677.SAFE,640,640,32.86189125,31.53031057,32.72918618,31.55166288,32.70346181,31.43629609,32.83616688,31.41494378,32.76416864,31.50626115,32.76147307,31.50669486,32.76070937,31.50326991,32.76340495,31.50283619,430,213,443,232,247
ow,ow-0652.jpg,ow-0652.xml,ow-0652-02-001567,S1_20190822_035047_035226_VV_7,2019-08-22T03:50:47,2019-08-22T03:52:26,S1B_IW_GRDH_1SDV_20190822T035137_20190822T035202_017693_021497_9677.SAFE,640,640,32.86189125,31.53031057,32.72918618,31.55166288,32.70346181,31.43629609,32.83616688,31.41494378,32.80162018,31.46326305,32.79892461,31.46369677,32.79787955,31.45900999,32.80057513,31.45857628,211,411,224,437,338
ow,ow-0653.jpg,ow-0653.xml,ow-0653-01-001568,S1_20190822_035047_035226_VV_8,2019-08-22T03:50:47,2019-08-22T03:52:26,S1B_IW_GRDH_1SDV_20190822T035137_20190822T035202_017693_021497_9677.SAFE,640,640,32.42398745,31.61596012,32.29110107,31.63689581,32.26587545,31.5215466,32.39876183,31.50061092,32.34526507,31.57224322,32.34173527,31.57279932,32.34051341,31.56721209,32.3440432,31.56665599,322,301,339,332,527
ow,ow-0653.jpg,ow-0653.xml,ow-0653-02-001569,S1_20190822_035047_035226_VV_8,2019-08-22T03:50:47,2019-08-22T03:52:26,S1B_IW_GRDH_1SDV_20190822T035137_20190822T035202_017693_021497_9677.SAFE,640,640,32.42398745,31.61596012,32.29110107,31.63689581,32.26587545,31.5215466,32.39876183,31.50061092,32.34557547,31.56678747,32.34329149,31.5671473,32.3425426,31.56372287,32.34482659,31.56336304,315,330,326,349,209
ow,ow-0654.jpg,ow-0654.xml,ow-0654-01-001570,S1_20190822_154015_154155_VV_0,2019-08-22T15:40:15,2019-08-22T15:41:55,S1A_IW_GRDH_1SDV_20190822T154130_20190822T154155_028684_033F1B_7F0B.SAFE;S1A_IW_GRDH_1SDV_20190822T154105_20190822T154130_028684_033F1B_0C45.SAFE,944,944,34.87782942,33.92146992,35.07906902,33.95106684,35.04249684,34.12106854,34.84125724,34.09147162,34.88110594,33.93588564,35.03736508,33.95886715,35.02705978,34.00677017,34.87080064,33.98378866,29,75,762,341,194978
ow,ow-0655.jpg,ow-0655.xml,ow-0655-01-001571,S1_20190822_154015_154155_VV_1,2019-08-22T15:40:15,2019-08-22T15:41:55,S1A_IW_GRDH_1SDV_20190822T154105_20190822T154130_028684_033F1B_0C45.SAFE,640,640,34.74291574,33.83830346,34.8792844,33.85852171,34.85430218,33.97378489,34.71793352,33.95356664,34.79472902,33.84784425,34.79771208,33.84828652,34.79622877,33.85513027,34.7932457,33.854688,245,10,259,48,532
ow,ow-0655.jpg,ow-0655.xml,ow-0655-02-001572,S1_20190822_154015_154155_VV_1,2019-08-22T15:40:15,2019-08-22T15:41:55,S1A_IW_GRDH_1SDV_20190822T154105_20190822T154130_028684_033F1B_0C45.SAFE,640,640,34.74291574,33.83830346,34.8792844,33.85852171,34.85430218,33.97378489,34.71793352,33.95356664,34.73635496,33.89495543,34.78706705,33.90247409,34.78296841,33.92138446,34.73225631,33.9138658,26,310,264,415,24990
ow,ow-0656.jpg,ow-0656.xml,ow-0656-01-001573,S1_20190823_034305_034445_VV_0,2019-08-23T03:43:05,2019-08-23T03:44:45,S1A_IW_GRDH_1SDV_20190823T034330_20190823T034355_028691_033F57_A0BF.SAFE,640,640,34.24488926,34.52388274,34.10790931,34.54375647,34.0826462,34.42853356,34.21962616,34.40865982,34.16818959,34.47723847,34.15941431,34.47851163,34.15878273,34.47563106,34.16755801,34.47435789,301,311,342,327,656
ow,ow-0657.jpg,ow-0657.xml,ow-0657-01-001574,S1_20190823_153135_153315_VV_0,2019-08-23T15:31:35,2019-08-23T15:33:15,S1B_IW_GRDH_1SDV_20190823T153225_20190823T153250_017715_021546_92F3.SAFE,640,640,35.42325855,34.48654459,35.56052682,34.50809978,35.53304035,34.62334078,35.39577208,34.60178559,35.42483787,34.51537423,35.45979838,34.52086407,35.44545388,34.58100546,35.41049336,34.57551562,38,153,201,487,54442
ow,ow-0658.jpg,ow-0658.xml,ow-0658-01-001575,S1_20190824_033416_033556_VV_0,2019-08-24T03:34:16,2019-08-24T03:35:56,S1B_IW_GRDH_1SDV_20190824T033441_20190824T033506_017722_021577_8148.SAFE,640,640,35.52499187,34.22265012,35.38835549,34.24164291,35.36566856,34.12639056,35.50230494,34.10739778,35.4657677,34.20257602,35.43972139,34.20619652,35.43050483,34.15937525,35.45655114,34.15575475,252,153,374,413,31720
ow,ow-0659.jpg,ow-0659.xml,ow-0659-01-001576,S1_20190825_160456_160636_VV_2,2019-08-25T16:04:56,2019-08-25T16:06:36,S1A_IW_GRDH_1SDV_20190825T160521_20190825T160546_028728_0340B1_6F50.SAFE,640,640,30.18247643,31.53499597,30.31561961,31.55435864,30.29225556,31.66984207,30.15911238,31.6504794,30.27629778,31.61216731,30.29314871,31.6146179,30.28770927,31.64150388,30.27085833,31.63905329,511,342,592,491,12069
ow,ow-0659.jpg,ow-0659.xml,ow-0659-02-001577,S1_20190825_160456_160636_VV_2,2019-08-25T16:04:56,2019-08-25T16:06:36,S1A_IW_GRDH_1SDV_20190825T160521_20190825T160546_028728_0340B1_6F50.SAFE,640,640,30.18247643,31.53499597,30.31561961,31.55435864,30.29225556,31.66984207,30.15911238,31.6504794,30.27543211,31.54870003,30.2937393,31.5513624,30.2902712,31.56850447,30.27196401,31.5658421,447,1,535,96,8360
ow,ow-0659.jpg,ow-0659.xml,ow-0659-03-001578,S1_20190825_160456_160636_VV_2,2019-08-25T16:04:56,2019-08-25T16:06:36,S1A_IW_GRDH_1SDV_20190825T160521_20190825T160546_028728_0340B1_6F50.SAFE,640,640,30.18247643,31.53499597,30.31561961,31.55435864,30.29225556,31.66984207,30.15911238,31.6504794,30.2994528,31.59510198,30.30153317,31.59540452,30.30083955,31.59883293,30.29875918,31.59853039,603,232,613,251,190
ow,ow-0659.jpg,ow-0659.xml,ow-0659-04-001579,S1_20190825_160456_160636_VV_2,2019-08-25T16:04:56,2019-08-25T16:06:36,S1A_IW_GRDH_1SDV_20190825T160521_20190825T160546_028728_0340B1_6F50.SAFE,640,640,30.18247643,31.53499597,30.31561961,31.55435864,30.29225556,31.66984207,30.15911238,31.6504794,30.23473254,31.64401597,30.2534558,31.64673884,30.25097337,31.65900896,30.23225011,31.65628608,347,546,437,614,6120
ow,ow-0659.jpg,ow-0659.xml,ow-0659-05-001580,S1_20190825_160456_160636_VV_2,2019-08-25T16:04:56,2019-08-25T16:06:36,S1A_IW_GRDH_1SDV_20190825T160521_20190825T160546_028728_0340B1_6F50.SAFE,640,640,30.18247643,31.53499597,30.31561961,31.55435864,30.29225556,31.66984207,30.15911238,31.6504794,30.19181706,31.59468044,30.20450727,31.59652595,30.20198834,31.6089765,30.18929813,31.607131,100,314,161,383,4209
ow,ow-0659.jpg,ow-0659.xml,ow-0659-06-001581,S1_20190825_160456_160636_VV_2,2019-08-25T16:04:56,2019-08-25T16:06:36,S1A_IW_GRDH_1SDV_20190825T160521_20190825T160546_028728_0340B1_6F50.SAFE,640,640,30.18247643,31.53499597,30.31561961,31.55435864,30.29225556,31.66984207,30.15911238,31.6504794,30.19184957,31.60192949,30.20329156,31.60359347,30.20007901,31.61947244,30.18863701,31.61780846,107,353,162,441,4840
ow,ow-0659.jpg,ow-0659.xml,ow-0659-07-001582,S1_20190825_160456_160636_VV_2,2019-08-25T16:04:56,2019-08-25T16:06:36,S1A_IW_GRDH_1SDV_20190825T160521_20190825T160546_028728_0340B1_6F50.SAFE,640,640,30.18247643,31.53499597,30.31561961,31.55435864,30.29225556,31.66984207,30.15911238,31.6504794,30.22406118,31.63113319,30.23633532,31.63291819,30.23341482,31.64735362,30.22114068,31.64556862,285,485,344,565,4720
ow,ow-0659.jpg,ow-0659.xml,ow-0659-08-001583,S1_20190825_160456_160636_VV_2,2019-08-25T16:04:56,2019-08-25T16:06:36,S1A_IW_GRDH_1SDV_20190825T160521_20190825T160546_028728_0340B1_6F50.SAFE,640,640,30.18247643,31.53499597,30.31561961,31.55435864,30.29225556,31.66984207,30.15911238,31.6504794,30.21676541,31.62802892,30.22841544,31.62972315,30.22604253,31.64145194,30.2143925,31.6397577,248,474,304,539,3640
ow,ow-0659.jpg,ow-0659.xml,ow-0659-09-001584,S1_20190825_160456_160636_VV_2,2019-08-25T16:04:56,2019-08-25T16:06:36,S1A_IW_GRDH_1SDV_20190825T160521_20190825T160546_028728_0340B1_6F50.SAFE,640,640,30.18247643,31.53499597,30.31561961,31.55435864,30.29225556,31.66984207,30.15911238,31.6504794,30.20761582,31.61926824,30.21572923,31.62044815,30.21507212,31.62369612,30.2069587,31.62251621,197,434,236,452,702
ow,ow-0660.jpg,ow-0660.xml,ow-0660-01-001585,S1_20190826_155617_155642_VV_1,2019-08-26T15:56:17,2019-08-26T15:56:42,S1B_IW_GRDH_1SDV_20190826T155617_20190826T155642_017759_0216AD_1EE1.SAFE,640,640,31.88581716,31.59344029,32.01800788,31.61389863,31.993517,31.72898964,31.86132628,31.7085313,31.9822801,31.63641782,31.99136821,31.63782433,31.98949313,31.64663599,31.98040502,31.64522948,495,151,539,200,2156
ow,ow-0660.jpg,ow-0660.xml,ow-0660-02-001586,S1_20190826_155617_155642_VV_1,2019-08-26T15:56:17,2019-08-26T15:56:42,S1B_IW_GRDH_1SDV_20190826T155617_20190826T155642_017759_0216AD_1EE1.SAFE,640,640,31.88581716,31.59344029,32.01800788,31.61389863,31.993517,31.72898964,31.86132628,31.7085313,31.90407763,31.67706849,31.9125461,31.6783791,31.91170422,31.68233536,31.90323576,31.68102475,169,435,210,457,902
ow,ow-0660.jpg,ow-0660.xml,ow-0660-03-001587,S1_20190826_155617_155642_VV_1,2019-08-26T15:56:17,2019-08-26T15:56:42,S1B_IW_GRDH_1SDV_20190826T155617_20190826T155642_017759_0216AD_1EE1.SAFE,640,640,31.88581716,31.59344029,32.01800788,31.61389863,31.993517,31.72898964,31.86132628,31.7085313,31.88972576,31.68134866,31.89406327,31.68201995,31.8933362,31.68543672,31.88899869,31.68476543,106,470,127,489,399
ow,ow-0661.jpg,ow-0661.xml,ow-0661-01-001588,S1_20190826_155617_155642_VV_2,2019-08-26T15:56:17,2019-08-26T15:56:42,S1B_IW_GRDH_1SDV_20190826T155617_20190826T155642_017759_0216AD_1EE1.SAFE,640,640,31.49937891,31.57909237,31.63227211,31.59911433,31.60824888,31.71419402,31.47535567,31.69417206,31.54932076,31.64559532,31.55181251,31.64597073,31.55139961,31.64794866,31.54890786,31.64757325,298,318,310,329,132
ow,ow-0661.jpg,ow-0661.xml,ow-0661-02-001589,S1_20190826_155617_155642_VV_2,2019-08-26T15:56:17,2019-08-26T15:56:42,S1B_IW_GRDH_1SDV_20190826T155617_20190826T155642_017759_0216AD_1EE1.SAFE,640,640,31.49937891,31.57909237,31.63227211,31.59911433,31.60824888,31.71419402,31.47535567,31.69417206,31.55311349,31.64486847,31.5572664,31.64549415,31.55651568,31.64909039,31.55236276,31.64846471,315,311,335,331,400
ow,ow-0662.jpg,ow-0662.xml,ow-0662-01-001590,S1_20190826_155617_155642_VV_4,2019-08-26T15:56:17,2019-08-26T15:56:42,S1B_IW_GRDH_1SDV_20190826T155617_20190826T155642_017759_0216AD_1EE1.SAFE,640,640,31.12646918,31.75041203,31.25957126,31.77068842,31.23521287,31.88567889,31.10211079,31.8654025,31.17307675,31.82632167,31.18118766,31.82755727,31.17951302,31.83546286,31.17140211,31.83422727,292,371,331,415,1716
ow,ow-0663.jpg,ow-0663.xml,ow-0663-01-001591,S1_20190826_155648_155742_VV_0,2019-08-26T15:56:48,2019-08-26T15:57:42,S1B_IW_GRDH_1SDV_20190826T155648_20190826T155717_017759_0216AE_9BBB.SAFE,640,640,31.85730034,34.12084639,31.99433496,34.13958014,31.97106558,34.25501339,31.83403096,34.23627964,31.92248085,34.1642294,31.94860308,34.16780052,31.94427643,34.18926389,31.9181542,34.18569277,336,186,458,305,14518
ow,ow-0663.jpg,ow-0663.xml,ow-0663-02-001592,S1_20190826_155648_155742_VV_0,2019-08-26T15:56:48,2019-08-26T15:57:42,S1B_IW_GRDH_1SDV_20190826T155648_20190826T155717_017759_0216AE_9BBB.SAFE,640,640,31.85730034,34.12084639,31.99433496,34.13958014,31.97106558,34.25501339,31.83403096,34.23627964,31.8849338,34.18022459,31.93161122,34.18660578,31.92590295,34.21492299,31.87922553,34.20854181,180,300,398,457,34226
ow,ow-0664.jpg,ow-0664.xml,ow-0664-01-001593,S1_20190826_155648_155742_VV_1,2019-08-26T15:56:48,2019-08-26T15:57:42,S1B_IW_GRDH_1SDV_20190826T155717_20190826T155742_017759_0216AE_718C.SAFE,640,640,31.77086323,34.35645188,31.90789785,34.37518562,31.88462847,34.49061887,31.74759385,34.47188512,31.82632373,34.41203553,31.84195424,34.41417235,31.83751852,34.43617681,31.82188801,34.43403999,303,259,376,381,8906
ow,ow-0665.jpg,ow-0665.xml,ow-0665-01-001594,S1_20190826_155648_155742_VV_2,2019-08-26T15:56:48,2019-08-26T15:57:42,S1B_IW_GRDH_1SDV_20190826T155717_20190826T155742_017759_0216AE_718C.SAFE,640,640,31.27268728,34.60762897,31.41016085,34.62698223,31.38605269,34.74245003,31.24857913,34.72309677,31.26755309,34.63327862,31.39170891,34.65075704,31.37294974,34.74060542,31.24879393,34.72312701,1,142,579,640,287844
ow,ow-0666.jpg,ow-0666.xml,ow-0666-01-001595,S1_20190827_035858_040037_VV_0,2019-08-27T03:58:58,2019-08-27T04:00:37,S1B_IW_GRDH_1SDV_20190827T035948_20190827T040013_017766_0216ED_1CA7.SAFE;S1B_IW_GRDH_1SDV_20190827T035923_20190827T035948_017766_0216ED_BD5D.SAFE,640,640,31.36854354,32.83503256,31.23424843,32.85648544,31.20806588,32.74114832,31.34236099,32.71969544,31.33621859,32.78267746,31.33181204,32.78338138,31.33066655,32.77833538,31.33507311,32.77763146,94,308,115,336,588
ow,ow-0667.jpg,ow-0667.xml,ow-0667-01-001596,S1_20190827_035858_040037_VV_1,2019-08-27T03:58:58,2019-08-27T04:00:37,S1B_IW_GRDH_1SDV_20190827T035948_20190827T040013_017766_0216ED_1CA7.SAFE,640,640,31.18102871,32.62763055,31.04712206,32.64894955,31.02119171,32.53360174,31.15509836,32.51228274,31.14624035,32.61170077,31.07656705,32.62279331,31.05979336,32.54817769,31.12946666,32.53708515,144,115,477,529,137862
ow,ow-0668.jpg,ow-0668.xml,ow-0668-01-001597,S1_20190827_035858_040037_VV_2,2019-08-27T03:58:58,2019-08-27T04:00:37,S1B_IW_GRDH_1SDV_20190827T035948_20190827T040013_017766_0216ED_1CA7.SAFE,640,640,30.99229424,31.77217506,30.85932601,31.79365657,30.83337703,31.67828883,30.96634526,31.65680732,30.90350141,31.72393774,30.89290551,31.72564955,30.89229733,31.72294561,30.90289323,31.72123381,362,335,413,350,765
ow,ow-0668.jpg,ow-0668.xml,ow-0668-02-001598,S1_20190827_035858_040037_VV_2,2019-08-27T03:58:58,2019-08-27T04:00:37,S1B_IW_GRDH_1SDV_20190827T035948_20190827T040013_017766_0216ED_1CA7.SAFE,640,640,30.99229424,31.77217506,30.85932601,31.79365657,30.83337703,31.67828883,30.96634526,31.65680732,30.93446866,31.73238535,30.90891383,31.73651383,30.90469712,31.71776657,30.93025195,31.7136381,227,263,350,367,12792
ow,ow-0669.jpg,ow-0669.xml,ow-0669-01-001599,S1_20190827_035858_040037_VV_3,2019-08-27T03:58:58,2019-08-27T04:00:37,S1B_IW_GRDH_1SDV_20190827T035948_20190827T040013_017766_0216ED_1CA7.SAFE,640,640,30.20783935,31.6349557,30.07536627,31.65563918,30.05052885,31.54029001,30.18300194,31.51960653,30.14210793,31.59100749,30.11664826,31.5949826,30.11303907,31.57822092,30.13849874,31.57424582,263,291,386,384,11439
ow,ow-0670.jpg,ow-0670.xml,ow-0670-01-001600,S1_20190827_154843_155023_VV_2,2019-08-27T15:48:43,2019-08-27T15:50:23,S1A_IW_GRDH_1SDV_20190827T154843_20190827T154908_028757_0341B2_CC65.SAFE,640,640,32.72885419,31.4260723,32.86173222,31.44700949,32.83650163,31.56236553,32.70362359,31.54142834,32.76490656,31.48414697,32.77238095,31.48532469,32.7679656,31.50551199,32.76049121,31.50433428,227,281,263,393,4032
ow,ow-0670.jpg,ow-0670.xml,ow-0670-02-001601,S1_20190827_154843_155023_VV_2,2019-08-27T15:48:43,2019-08-27T15:50:23,S1A_IW_GRDH_1SDV_20190827T154843_20190827T154908_028757_0341B2_CC65.SAFE,640,640,32.72885419,31.4260723,32.86173222,31.44700949,32.83650163,31.56236553,32.70362359,31.54142834,32.80005779,31.48054932,32.80462547,31.48126904,32.80158991,31.49514781,32.79702223,31.4944281,387,232,409,309,1694
ow,ow-0671.jpg,ow-0671.xml,ow-0671-01-001602,S1_20190827_154843_155023_VV_3,2019-08-27T15:48:43,2019-08-27T15:50:23,S1A_IW_GRDH_1SDV_20190827T154843_20190827T154908_028757_0341B2_CC65.SAFE,640,640,32.3377343,31.35659125,32.47049047,31.37780793,32.44492406,31.49317615,32.31216789,31.47195947,32.39036422,31.42342296,32.39368313,31.42395337,32.39264449,31.42864021,32.38932559,31.42810979,314,313,330,339,416
ow,ow-0672.jpg,ow-0672.xml,ow-0672-01-001603,S1_20190827_154843_155023_VV_4,2019-08-27T15:48:43,2019-08-27T15:50:23,S1A_IW_GRDH_1SDV_20190827T154908_20190827T154933_028757_0341B2_83CA.SAFE;S1A_IW_GRDH_1SDV_20190827T154843_20190827T154908_028757_0341B2_CC65.SAFE,640,640,32.13280208,31.64683008,32.26549756,31.66818627,32.239763,31.78356003,32.10706752,31.76220384,32.1841966,31.71299191,32.18917268,31.71379277,32.18832827,31.71757847,32.18335219,31.71677762,308,310,332,331,504
ow,ow-0673.jpg,ow-0673.xml,ow-0673-01-001604,S1_20190827_154843_155023_VV_5,2019-08-27T15:48:43,2019-08-27T15:50:23,S1A_IW_GRDH_1SDV_20190827T154908_20190827T154933_028757_0341B2_83CA.SAFE,640,640,32.45867095,32.61711265,32.59333648,32.63798468,32.56783484,32.75329725,32.43316932,32.73242522,32.49024635,32.69673362,32.49487548,32.6974511,32.49387932,32.70195549,32.48925019,32.70123802,226,401,248,426,550
ow,ow-0673.jpg,ow-0673.xml,ow-0673-02-001605,S1_20190827_154843_155023_VV_5,2019-08-27T15:48:43,2019-08-27T15:50:23,S1A_IW_GRDH_1SDV_20190827T154908_20190827T154933_028757_0341B2_83CA.SAFE,640,640,32.45867095,32.61711265,32.59333648,32.63798468,32.56783484,32.75329725,32.43316932,32.73242522,32.48327888,32.70068522,32.48811843,32.70143531,32.4873215,32.70503883,32.48248196,32.70428874,198,428,221,448,460
ow,ow-0673.jpg,ow-0673.xml,ow-0673-03-001606,S1_20190827_154843_155023_VV_5,2019-08-27T15:48:43,2019-08-27T15:50:23,S1A_IW_GRDH_1SDV_20190827T154908_20190827T154933_028757_0341B2_83CA.SAFE,640,640,32.45867095,32.61711265,32.59333648,32.63798468,32.56783484,32.75329725,32.43316932,32.73242522,32.47399685,32.70427808,32.4803093,32.70525646,32.47955222,32.7086798,32.47323977,32.70770142,159,455,189,474,570
ow,ow-0673.jpg,ow-0673.xml,ow-0673-04-001607,S1_20190827_154843_155023_VV_5,2019-08-27T15:48:43,2019-08-27T15:50:23,S1A_IW_GRDH_1SDV_20190827T154908_20190827T154933_028757_0341B2_83CA.SAFE,640,640,32.45867095,32.61711265,32.59333648,32.63798468,32.56783484,32.75329725,32.43316932,32.73242522,32.51390726,32.65567645,32.55493816,32.66203589,32.54947922,32.68671999,32.50844832,32.68036054,293,161,488,298,26715
ow,ow-0674.jpg,ow-0674.xml,ow-0674-01-001608,S1_20190827_154843_155023_VV_6,2019-08-27T15:48:43,2019-08-27T15:50:23,S1A_IW_GRDH_1SDV_20190827T154908_20190827T154933_028757_0341B2_83CA.SAFE,640,640,33.66060101,32.8579849,33.79588902,32.87737857,33.7721897,32.99259812,33.63690168,32.97320445,33.71275544,32.91865354,33.72290204,32.92010807,33.72056913,32.93144999,33.71042253,32.92999546,297,287,345,350,3024
ow,ow-0675.jpg,ow-0675.xml,ow-0675-01-001609,S1_20190827_154843_155023_VV_7,2019-08-27T15:48:43,2019-08-27T15:50:23,S1A_IW_GRDH_1SDV_20190827T154933_20190827T154958_028757_0341B2_F67F.SAFE,640,640,32.076784,34.13980004,32.21341298,34.16045939,32.18780042,34.27573032,32.05117144,34.25507097,32.1263946,34.2035225,32.14069795,34.20568527,32.1393773,34.21162893,32.12507395,34.20946615,289,302,356,335,2211
ow,ow-0676.jpg,ow-0676.xml,ow-0676-01-001610,S1_20190828_035124_035306_VV_0,2019-08-28T03:51:24,2019-08-28T03:53:06,S1A_IW_GRDH_1SDV_20190828T035214_20190828T035239_028764_0341F0_762B.SAFE,1232,1232,32.87860036,32.04478996,32.62231102,32.08532822,32.57332569,31.86318005,32.82961503,31.82264179,32.87763687,32.04139688,32.82209365,32.05018236,32.78189546,31.86788382,32.83743869,31.85909834,1,19,268,1030,269937
ow,ow-0676.jpg,ow-0676.xml,ow-0676-02-001611,S1_20190828_035124_035306_VV_0,2019-08-28T03:51:24,2019-08-28T03:53:06,S1A_IW_GRDH_1SDV_20190828T035214_20190828T035239_028764_0341F0_762B.SAFE,1232,1232,32.87860036,32.04478996,32.62231102,32.08532822,32.57332569,31.86318005,32.82961503,31.82264179,32.76981491,32.05229355,32.76731859,32.0526884,32.7670005,32.05124588,32.76949682,32.05085103,513,52,525,60,96
ow,ow-0677.jpg,ow-0677.xml,ow-0677-01-001612,S1_20190828_035124_035306_VV_2,2019-08-28T03:51:24,2019-08-28T03:53:06,S1A_IW_GRDH_1SDV_20190828T035214_20190828T035239_028764_0341F0_762B.SAFE,640,640,31.41789756,33.12142485,31.28319152,33.1408617,31.25953604,33.02557271,31.39424209,33.00613586,31.34471799,33.07634231,31.33124739,33.07828599,31.33010158,33.07270168,31.34357218,33.070758,295,300,359,331,1984
ow,ow-0678.jpg,ow-0678.xml,ow-0678-01-001613,S1_20190828_035124_035306_VV_3,2019-08-28T03:51:24,2019-08-28T03:53:06,S1A_IW_GRDH_1SDV_20190828T035214_20190828T035239_028764_0341F0_762B.SAFE,640,640,32.66798759,32.71850984,32.53382671,32.73925194,32.50858585,32.62387466,32.64274674,32.60313255,32.62027253,32.67277015,32.558852,32.68226614,32.55601241,32.6692862,32.61743294,32.6597902,174,285,467,357,21096
ow,ow-0679.jpg,ow-0679.xml,ow-0679-01-001614,S1_20190828_035124_035306_VV_4,2019-08-28T03:51:24,2019-08-28T03:53:06,S1A_IW_GRDH_1SDV_20190828T035214_20190828T035239_028764_0341F0_762B.SAFE,640,640,32.91668368,32.15963212,32.78360933,32.18083109,32.75799399,32.06542445,32.89106834,32.04422548,32.85044808,32.07944796,32.84317058,32.08060728,32.84100928,32.07086985,32.84828679,32.06971053,225,486,260,540,1890
ow,ow-0679.jpg,ow-0679.xml,ow-0679-02-001615,S1_20190828_035124_035306_VV_4,2019-08-28T03:51:24,2019-08-28T03:53:06,S1A_IW_GRDH_1SDV_20190828T035214_20190828T035239_028764_0341F0_762B.SAFE,640,640,32.91668368,32.15963212,32.78360933,32.18083109,32.75799399,32.06542445,32.89106834,32.04422548,32.82906174,32.15380037,32.82739831,32.15406536,32.826878,32.15172116,32.82854143,32.15145617,401,106,409,119,104
ow,ow-0680.jpg,ow-0680.xml,ow-0680-01-001616,S1_20190828_035124_035306_VV_5,2019-08-28T03:51:24,2019-08-28T03:53:06,S1A_IW_GRDH_1SDV_20190828T035214_20190828T035239_028764_0341F0_762B.SAFE,640,640,31.7564672,32.30097673,31.62285313,32.3209069,31.59876765,32.20557274,31.73238172,32.18564257,31.7251306,32.26328329,31.63577619,32.27661159,31.62719574,32.2355238,31.71655015,32.2221955,109,228,537,456,97584
ow,ow-0681.jpg,ow-0681.xml,ow-0681-01-001617,S1_20190828_035124_035306_VV_6,2019-08-28T03:51:24,2019-08-28T03:53:06,S1A_IW_GRDH_1SDV_20190828T035214_20190828T035239_028764_0341F0_762B.SAFE,640,640,31.23367265,32.34263178,31.09988483,32.3621361,31.07631549,32.24683832,31.21010331,32.22733401,31.16153401,32.29934727,31.15066375,32.300932,31.14779124,32.28688008,31.1586615,32.28529536,294,290,346,368,4056
ow,ow-0682.jpg,ow-0682.xml,ow-0682-01-001618,S1_20190828_035124_035306_VV_7,2019-08-28T03:51:24,2019-08-28T03:53:06,S1A_IW_GRDH_1SDV_20190828T035214_20190828T035239_028764_0341F0_762B.SAFE,640,640,31.77455366,32.17935211,31.64093959,32.19928228,31.61685412,32.08394812,31.75046819,32.06401795,31.73689463,32.11138346,31.73167533,32.11216198,31.73080976,32.10801716,31.73602906,32.10723863,109,396,134,419,575
ow,ow-0682.jpg,ow-0682.xml,ow-0682-02-001619,S1_20190828_035124_035306_VV_7,2019-08-28T03:51:24,2019-08-28T03:53:06,S1A_IW_GRDH_1SDV_20190828T035214_20190828T035239_028764_0341F0_762B.SAFE,640,640,31.77455366,32.17935211,31.64093959,32.19928228,31.61685412,32.08394812,31.75046819,32.06401795,31.71049095,32.14988499,31.64890322,32.15907155,31.64367215,32.13402241,31.70525989,32.12483585,269,210,564,349,41005
ow,ow-0683.jpg,ow-0683.xml,ow-0683-01-001620,S1_20190828_035124_035306_VV_8,2019-08-28T03:51:24,2019-08-28T03:53:06,S1A_IW_GRDH_1SDV_20190828T035214_20190828T035239_028764_0341F0_762B.SAFE,640,640,31.90533982,32.11686952,31.77184269,32.13708375,31.74741492,32.02172902,31.88091205,32.00151479,31.78014154,32.0725799,31.7751354,32.07333794,31.77471555,32.07135528,31.77972169,32.07059725,538,340,562,351,264
ow,ow-0683.jpg,ow-0683.xml,ow-0683-02-001621,S1_20190828_035124_035306_VV_8,2019-08-28T03:51:24,2019-08-28T03:53:06,S1A_IW_GRDH_1SDV_20190828T035214_20190828T035239_028764_0341F0_762B.SAFE,640,640,31.90533982,32.11686952,31.77184269,32.13708375,31.74741492,32.02172902,31.88091205,32.00151479,31.77743961,32.06592023,31.773685,32.06648875,31.77318881,32.06414561,31.77694342,32.06357708,544,378,562,391,234
ow,ow-0683.jpg,ow-0683.xml,ow-0683-03-001622,S1_20190828_035124_035306_VV_8,2019-08-28T03:51:24,2019-08-28T03:53:06,S1A_IW_GRDH_1SDV_20190828T035214_20190828T035239_028764_0341F0_762B.SAFE,640,640,31.90533982,32.11686952,31.77184269,32.13708375,31.74741492,32.02172902,31.88091205,32.00151479,31.76603551,32.06188038,31.75977783,32.06282792,31.75886179,32.05850212,31.76511947,32.05755458,593,409,623,433,720
ow,ow-0683.jpg,ow-0683.xml,ow-0683-04-001623,S1_20190828_035124_035306_VV_8,2019-08-28T03:51:24,2019-08-28T03:53:06,S1A_IW_GRDH_1SDV_20190828T035214_20190828T035239_028764_0341F0_762B.SAFE,640,640,31.90533982,32.11686952,31.77184269,32.13708375,31.74741492,32.02172902,31.88091205,32.00151479,31.90234494,32.10374346,31.78178035,32.12199943,31.76345951,32.03548338,31.88402411,32.01722741,1,73,579,553,277440
ow,ow-0683.jpg,ow-0683.xml,ow-0683-05-001624,S1_20190828_035124_035306_VV_8,2019-08-28T03:51:24,2019-08-28T03:53:06,S1A_IW_GRDH_1SDV_20190828T035214_20190828T035239_028764_0341F0_762B.SAFE,640,640,31.90533982,32.11686952,31.77184269,32.13708375,31.74741492,32.02172902,31.88091205,32.00151479,31.77727453,32.07022371,31.7741457,32.07069748,31.77372584,32.06871482,31.77685468,32.06824105,549,355,564,366,165
ow,ow-0684.jpg,ow-0684.xml,ow-0684-01-001625,S1_20190828_035124_035306_VV_9,2019-08-28T03:51:24,2019-08-28T03:53:06,S1A_IW_GRDH_1SDV_20190828T035214_20190828T035239_028764_0341F0_762B.SAFE,640,640,32.3656063,31.895647,32.23228837,31.91628377,32.20734945,31.80090335,32.34066739,31.78026659,32.30329558,31.8523792,32.29767123,31.85324981,32.29696982,31.85000474,32.30259417,31.84913412,246,284,273,302,486
ow,ow-0684.jpg,ow-0684.xml,ow-0684-02-001626,S1_20190828_035124_035306_VV_9,2019-08-28T03:51:24,2019-08-28T03:53:06,S1A_IW_GRDH_1SDV_20190828T035214_20190828T035239_028764_0341F0_762B.SAFE,640,640,32.3656063,31.895647,32.23228837,31.91628377,32.20734945,31.80090335,32.34066739,31.78026659,32.27946128,31.84768448,32.26987905,31.84916775,32.26894384,31.84484098,32.27852607,31.84335771,352,329,398,353,1104
ow,ow-0684.jpg,ow-0684.xml,ow-0684-03-001627,S1_20190828_035124_035306_VV_9,2019-08-28T03:51:24,2019-08-28T03:53:06,S1A_IW_GRDH_1SDV_20190828T035214_20190828T035239_028764_0341F0_762B.SAFE,640,640,32.3656063,31.895647,32.23228837,31.91628377,32.20734945,31.80090335,32.34066739,31.78026659,32.35678627,31.85583695,32.35491149,31.85612715,32.35432698,31.85342292,32.35620177,31.85313272,1,221,10,236,135
ow,ow-0685.jpg,ow-0685.xml,ow-0685-01-001628,S1_20190828_035124_035306_VV_10,2019-08-28T03:51:24,2019-08-28T03:53:06,S1A_IW_GRDH_1SDV_20190828T035214_20190828T035239_028764_0341F0_762B.SAFE,640,640,32.18193174,31.83967852,32.0486138,31.86031529,32.02367489,31.74493488,32.15699282,31.72429811,32.10577063,31.79408314,32.09972966,31.79501825,32.09875548,31.7905112,32.10479645,31.7895761,308,308,337,333,725
ow,ow-0686.jpg,ow-0686.xml,ow-0686-01-001629,S1_20190828_035124_035306_VV_11,2019-08-28T03:51:24,2019-08-28T03:53:06,S1A_IW_GRDH_1SDV_20190828T035214_20190828T035239_028764_0341F0_762B.SAFE,640,640,31.62192259,31.88932846,31.48836699,31.90940066,31.46411052,31.79405645,31.59766612,31.77398426,31.57205834,31.84978448,31.55870278,31.8517917,31.55369989,31.82800195,31.56705545,31.82599474,193,253,257,385,8448
ow,ow-0686.jpg,ow-0686.xml,ow-0686-02-001630,S1_20190828_035124_035306_VV_11,2019-08-28T03:51:24,2019-08-28T03:53:06,S1A_IW_GRDH_1SDV_20190828T035214_20190828T035239_028764_0341F0_762B.SAFE,640,640,31.62192259,31.88932846,31.48836699,31.90940066,31.46411052,31.79405645,31.59766612,31.77398426,31.55688264,31.84723129,31.51765069,31.8531275,31.51416382,31.83654677,31.55339577,31.83065056,261,279,449,371,17296
ow,ow-0687.jpg,ow-0687.xml,ow-0687-01-001631,S1_20190828_035124_035306_VV_12,2019-08-28T03:51:24,2019-08-28T03:53:06,S1A_IW_GRDH_1SDV_20190828T035214_20190828T035239_028764_0341F0_762B.SAFE,640,640,32.63725623,31.70643735,32.50455498,31.72751203,32.47914839,31.61210524,32.61184964,31.59103056,32.58643487,31.70368404,32.56901783,31.70645009,32.56735052,31.69887652,32.58476756,31.69611047,234,58,318,100,3528
ow,ow-0688.jpg,ow-0688.xml,ow-0688-01-001632,S1_20190828_035124_035306_VV_13,2019-08-28T03:51:24,2019-08-28T03:53:06,S1A_IW_GRDH_1SDV_20190828T035214_20190828T035239_028764_0341F0_762B.SAFE,640,640,32.31147708,31.73896209,32.17903808,31.75964076,32.15416472,31.64424819,32.28660373,31.62356953,32.23498163,31.69369057,32.23146372,31.69423985,32.23041437,31.68937172,32.23393228,31.68882245,312,307,329,334,459
ow,ow-0689.jpg,ow-0689.xml,ow-0689-01-001633,S1_20190828_153950_154105_VV_1,2019-08-28T15:39:50,2019-08-28T15:41:05,S1B_IW_GRDH_1SDV_20190828T154015_20190828T154040_017788_02179A_FD13.SAFE,640,640,34.41722008,32.87252126,34.55175939,32.89324702,34.52646056,33.00860261,34.39192125,32.98787685,34.44898082,32.89120261,34.51456873,32.90130642,34.49527837,32.98926506,34.42969046,32.97916125,165,74,477,562,152256
ow,ow-0690.jpg,ow-0690.xml,ow-0690-01-001634,S1_20190828_153950_154105_VV_2,2019-08-28T15:39:50,2019-08-28T15:41:05,S1B_IW_GRDH_1SDV_20190828T154040_20190828T154105_017788_02179A_9F35.SAFE,640,640,34.65286135,34.59787435,34.79054618,34.61787639,34.76590898,34.73311797,34.62822414,34.71311593,34.72043119,34.6190156,34.72430358,34.61957815,34.72341818,34.62371965,34.71954579,34.62315709,325,61,343,84,414
ow,ow-0690.jpg,ow-0690.xml,ow-0690-02-001635,S1_20190828_153950_154105_VV_2,2019-08-28T15:39:50,2019-08-28T15:41:05,S1B_IW_GRDH_1SDV_20190828T154040_20190828T154105_017788_02179A_9F35.SAFE,640,640,34.65286135,34.59787435,34.79054618,34.61787639,34.76590898,34.73311797,34.62822414,34.71311593,34.72350198,34.62540274,34.72737437,34.6259653,34.72618101,34.63154731,34.72230862,34.63098475,345,93,363,124,558
ow,ow-0690.jpg,ow-0690.xml,ow-0690-03-001636,S1_20190828_153950_154105_VV_2,2019-08-28T15:39:50,2019-08-28T15:41:05,S1B_IW_GRDH_1SDV_20190828T154040_20190828T154105_017788_02179A_9F35.SAFE,640,640,34.65286135,34.59787435,34.79054618,34.61787639,34.76590898,34.73311797,34.62822414,34.71311593,34.72686268,34.63665909,34.7309502,34.6372529,34.72960286,34.64355517,34.72551534,34.64296136,371,151,390,186,665
ow,ow-0690.jpg,ow-0690.xml,ow-0690-04-001637,S1_20190828_153950_154105_VV_2,2019-08-28T15:39:50,2019-08-28T15:41:05,S1B_IW_GRDH_1SDV_20190828T154040_20190828T154105_017788_02179A_9F35.SAFE,640,640,34.65286135,34.59787435,34.79054618,34.61787639,34.76590898,34.73311797,34.62822414,34.71311593,34.70565075,34.64768751,34.7284548,34.65100035,34.72391231,34.67224801,34.70110826,34.66893517,286,227,392,345,12508
ow,ow-0690.jpg,ow-0690.xml,ow-0690-05-001638,S1_20190828_153950_154105_VV_2,2019-08-28T15:39:50,2019-08-28T15:41:05,S1B_IW_GRDH_1SDV_20190828T154040_20190828T154105_017788_02179A_9F35.SAFE,640,640,34.65286135,34.59787435,34.79054618,34.61787639,34.76590898,34.73311797,34.62822414,34.71311593,34.69396358,34.66604066,34.70170835,34.66716578,34.6986672,34.68139091,34.69092243,34.6802658,251,335,287,414,2844
ow,ow-0690.jpg,ow-0690.xml,ow-0690-06-001639,S1_20190828_153950_154105_VV_2,2019-08-28T15:39:50,2019-08-28T15:41:05,S1B_IW_GRDH_1SDV_20190828T154040_20190828T154105_017788_02179A_9F35.SAFE,640,640,34.65286135,34.59787435,34.79054618,34.61787639,34.76590898,34.73311797,34.62822414,34.71311593,34.72537481,34.63013059,34.72838667,34.63056813,34.72746277,34.63488969,34.72445092,34.63445215,358,117,372,141,336
ow,ow-0690.jpg,ow-0690.xml,ow-0690-07-001640,S1_20190828_153950_154105_VV_2,2019-08-28T15:39:50,2019-08-28T15:41:05,S1B_IW_GRDH_1SDV_20190828T154040_20190828T154105_017788_02179A_9F35.SAFE,640,640,34.65286135,34.59787435,34.79054618,34.61787639,34.76590898,34.73311797,34.62822414,34.71311593,34.7265026,34.63419323,34.72843879,34.63447451,34.72789985,34.63699542,34.72596366,34.63671414,367,138,376,152,126
ow,ow-0691.jpg,ow-0691.xml,ow-0691-01-001641,S1_20190830_033502_033642_VV_0,2019-08-30T03:35:02,2019-08-30T03:36:42,S1A_IW_GRDH_1SDV_20190830T033527_20190830T033552_028793_0342F2_73EE.SAFE;S1A_IW_GRDH_1SDV_20190830T033502_20190830T033527_028793_0342F2_9C74.SAFE,640,640,35.69509326,34.47138627,35.55784539,34.49045959,35.5336254,34.37530432,35.67087326,34.35623101,35.63536272,34.45709393,35.6098432,34.46064037,35.59656005,34.3974849,35.62207957,34.39393846,257,122,376,473,41769
ow,ow-0692.jpg,ow-0692.xml,ow-0692-01-001642,S1_20190901_155645_155825_VV_0,2019-09-01T15:56:45,2019-09-01T15:58:25,S1A_IW_GRDH_1SDV_20190901T155710_20190901T155735_028830_03443E_9738.SAFE,640,640,30.14553654,31.32633311,30.27799835,31.34782785,30.2520793,31.46341858,30.11961749,31.44192384,30.19796231,31.38238459,30.2031366,31.38322423,30.19981572,31.3980343,30.19464143,31.39719466,303,254,328,336,2050
ow,ow-0693.jpg,ow-0693.xml,ow-0693-01-001643,S1_20190902_035935_040115_VV_0,2019-09-02T03:59:35,2019-09-02T04:01:15,S1A_IW_GRDH_1SDV_20190902T040000_20190902T040025_028837_03447B_F32D.SAFE;S1A_IW_GRDH_1SDV_20190902T035935_20190902T040000_028837_03447B_7C6D.SAFE,640,640,31.10117685,34.6828104,30.96375341,34.70344066,30.93801797,34.58814423,31.07544141,34.56751397,31.03282909,34.63609757,31.01157141,34.63928882,31.0105259,34.6346049,31.03178359,34.63141365,261,306,360,332,2574
ow,ow-0694.jpg,ow-0694.xml,ow-0694-01-001644,S1_20190902_154753_154933_VV_1,2019-09-02T15:47:53,2019-09-02T15:49:33,S1B_IW_GRDH_1SDV_20190902T154818_20190902T154843_017861_0219CE_E6A5.SAFE,640,640,33.44876329,32.18952225,33.58213707,32.20956696,33.55790991,32.32509426,33.42453613,32.30504955,33.49026576,32.26223327,33.49630926,32.26314154,33.49517361,32.26855688,33.48913011,32.26764861,264,357,293,387,870
ow,ow-0694.jpg,ow-0694.xml,ow-0694-02-001645,S1_20190902_154753_154933_VV_1,2019-09-02T15:47:53,2019-09-02T15:49:33,S1B_IW_GRDH_1SDV_20190902T154818_20190902T154843_017861_0219CE_E6A5.SAFE,640,640,33.44876329,32.18952225,33.58213707,32.20956696,33.55790991,32.32509426,33.42453613,32.30504955,33.5117837,32.24572992,33.51866078,32.24676348,33.51760084,32.2518178,33.51072376,32.25078424,348,251,381,279,924
ow,ow-0695.jpg,ow-0695.xml,ow-0695-01-001646,S1_20190903_035048_035227_VV_1,2019-09-03T03:50:48,2019-09-03T03:52:27,S1B_IW_GRDH_1SDV_20190903T035138_20190903T035203_017868_021A04_85C3.SAFE,640,640,32.84543572,31.55246754,32.71267069,31.57367947,32.68711359,31.45831812,32.81987862,31.43710619,32.77157281,31.5060394,32.76182288,31.50759715,32.76138361,31.50561438,32.77113355,31.50405663,296,312,343,323,517
ow,ow-0696.jpg,ow-0696.xml,ow-0696-01-001647,S1_20190903_154015_154155_VV_0,2019-09-03T15:40:15,2019-09-03T15:41:55,S1A_IW_GRDH_1SDV_20190903T154040_20190903T154105_028859_034535_9212.SAFE,640,640,34.48807816,31.8364026,34.62135834,31.85746406,34.59577935,31.97280036,34.46249917,31.9517389,34.54025434,31.90340424,34.54421109,31.9040295,34.54373149,31.90619206,34.53977473,31.9055668,311,315,330,327,228
ow,ow-0697.jpg,ow-0697.xml,ow-0697-01-001648,S1_20190903_154015_154155_VV_1,2019-09-03T15:40:15,2019-09-03T15:41:55,S1A_IW_GRDH_1SDV_20190903T154130_20190903T154155_028859_034535_9C24.SAFE;S1A_IW_GRDH_1SDV_20190903T154105_20190903T154130_028859_034535_82B8.SAFE,640,640,35.13646137,33.98191149,35.27302306,34.00167023,35.24860753,34.11690662,35.11204585,34.09714788,35.19023385,34.04573581,35.19663518,34.046662,35.19560515,34.05152354,35.18920382,34.05059735,306,302,336,329,810
ow,ow-0698.jpg,ow-0698.xml,ow-0698-01-001649,S1_20190903_154015_154155_VV_2,2019-09-03T15:40:15,2019-09-03T15:41:55,S1A_IW_GRDH_1SDV_20190903T154130_20190903T154155_028859_034535_9C24.SAFE,640,640,34.86951261,34.03027771,35.00594718,34.05034247,34.98115431,34.16559823,34.84471974,34.14553346,34.91269721,34.09124923,34.93913141,34.09513677,34.93715573,34.10432122,34.91072153,34.10043367,256,294,380,345,6324
ow,ow-0699.jpg,ow-0699.xml,ow-0699-01-001650,S1_20190903_154015_154155_VV_4,2019-09-03T15:40:15,2019-09-03T15:41:55,S1A_IW_GRDH_1SDV_20190903T154130_20190903T154155_028859_034535_9C24.SAFE,640,640,35.55978244,34.42789395,35.69752962,34.44712822,35.67373412,34.56233368,35.53598695,34.54309942,35.61014689,34.49067184,35.62564345,34.49283569,35.62408187,34.50039605,35.60858531,34.4982322,286,301,358,343,3024
ow,ow-0700.jpg,ow-0700.xml,ow-0700-01-001651,S1_20190903_154015_154155_VV_5,2019-09-03T15:40:15,2019-09-03T15:41:55,S1A_IW_GRDH_1SDV_20190903T154130_20190903T154155_028859_034535_9C24.SAFE,640,640,34.48405732,34.42402372,34.62134217,34.44435591,34.59618436,34.55963065,34.45889952,34.53929847,34.52050303,34.47720762,34.57219936,34.48486396,34.56704987,34.50845926,34.51535355,34.50080292,217,257,458,388,31571
ow,ow-0701.jpg,ow-0701.xml,ow-0701-01-001652,S1_20190904_034305_034445_VV_1,2019-09-04T03:43:05,2019-09-04T03:44:45,S1A_IW_GRDH_1SDV_20190904T034330_20190904T034355_028866_034579_E422.SAFE,640,640,35.15019236,34.56064416,35.01262298,34.58142221,34.98665827,34.46608768,35.12422765,34.44530963,35.10990664,34.5603933,35.09851418,34.56211399,35.09656682,34.5534639,35.10795929,34.55174321,181,34,234,82,2544
ow,ow-0701.jpg,ow-0701.xml,ow-0701-02-001653,S1_20190904_034305_034445_VV_1,2019-09-04T03:43:05,2019-09-04T03:44:45,S1A_IW_GRDH_1SDV_20190904T034330_20190904T034355_028866_034579_E422.SAFE,640,640,35.15019236,34.56064416,35.01262298,34.58142221,34.98665827,34.46608768,35.12422765,34.44530963,35.10975954,34.48569409,35.07257282,34.49131065,35.07034148,34.48139909,35.1075282,34.47578253,106,435,279,490,9515
ow,ow-0702.jpg,ow-0702.xml,ow-0702-01-001654,S1_20190904_034305_034445_VV_3,2019-09-04T03:43:05,2019-09-04T03:44:45,S1A_IW_GRDH_1SDV_20190904T034330_20190904T034355_028866_034579_E422.SAFE,640,640,34.53691899,34.42590777,34.40000426,34.4459359,34.37454693,34.33070458,34.51146166,34.31067645,34.46273245,34.38099963,34.44818526,34.38312762,34.44679306,34.3768259,34.46134025,34.37469792,291,300,359,335,2380
ow,ow-0703.jpg,ow-0703.xml,ow-0703-01-001655,S1_20190904_034305_034445_VV_5,2019-09-04T03:43:05,2019-09-04T03:44:45,S1A_IW_GRDH_1SDV_20190904T034330_20190904T034355_028866_034579_E422.SAFE,640,640,33.7950485,34.26678831,33.65787473,34.28619417,33.63319016,34.17099976,33.77036393,34.15159391,33.71659271,34.21910047,33.69151563,34.22264811,33.6901657,34.21634841,33.71524278,34.21280078,309,317,426,352,4095
ow,ow-0703.jpg,ow-0703.xml,ow-0703-02-001656,S1_20190904_034305_034445_VV_5,2019-09-04T03:43:05,2019-09-04T03:44:45,S1A_IW_GRDH_1SDV_20190904T034330_20190904T034355_028866_034579_E422.SAFE,640,640,33.7950485,34.26678831,33.65787473,34.28619417,33.63319016,34.17099976,33.77036393,34.15159391,33.73807296,34.22143966,33.72671326,34.22304671,33.72582616,34.21890691,33.73718586,34.21729986,214,288,267,311,1219
ow,ow-0704.jpg,ow-0704.xml,ow-0704-01-001657,S1_20190906_160457_160637_VV_1,2019-09-06T16:04:57,2019-09-06T16:06:37,S1A_IW_GRDH_1SDV_20190906T160522_20190906T160547_028903_0346CC_D7B1.SAFE,640,640,30.08856419,31.50890838,30.22170692,31.52827381,30.19834232,31.64375724,30.06519959,31.62439181,30.15414012,31.57008558,30.15767672,31.57059998,30.15628945,31.57745681,30.15275285,31.57694241,364,278,381,316,646
ow,ow-0704.jpg,ow-0704.xml,ow-0704-02-001658,S1_20190906_160457_160637_VV_1,2019-09-06T16:04:57,2019-09-06T16:06:37,S1A_IW_GRDH_1SDV_20190906T160522_20190906T160547_028903_0346CC_D7B1.SAFE,640,640,30.08856419,31.50890838,30.22170692,31.52827381,30.19834232,31.64375724,30.06519959,31.62439181,30.13108817,31.56970475,30.14897922,31.57230698,30.14627769,31.58565975,30.12838664,31.58305752,256,294,342,368,6364
ow,ow-0705.jpg,ow-0705.xml,ow-0705-01-001659,S1_20190906_160457_160637_VV_2,2019-09-06T16:04:57,2019-09-06T16:06:37,S1A_IW_GRDH_1SDV_20190906T160522_20190906T160547_028903_0346CC_D7B1.SAFE,640,640,30.24222586,31.66625188,30.3753308,31.6853067,30.35231395,31.80076011,30.21920901,31.78170529,30.29729332,31.73016955,30.29874916,31.73037796,30.2974185,31.73705261,30.29596266,31.7368442,317,302,324,339,259
ow,ow-0706.jpg,ow-0706.xml,ow-0706-01-001660,S1_20190909_035125_035306_VV_2,2019-09-09T03:51:25,2019-09-09T03:53:06,S1A_IW_GRDH_1SDV_20190909T035215_20190909T035240_028939_034806_84EA.SAFE,640,640,30.8756999,32.30570201,30.74189882,32.32475916,30.71884559,32.20950255,30.85264666,32.19044539,30.86235308,32.27444881,30.73545112,32.29252333,30.7249691,32.24011759,30.85187106,32.22204307,33,179,640,470,176637
ow,ow-0707.jpg,ow-0707.xml,ow-0707-01-001661,S1_20190910_034226_034406_VV_0,2019-09-10T03:42:26,2019-09-10T03:44:06,S1B_IW_GRDH_1SDV_20190910T034226_20190910T034251_017970_021D4F_6F7A.SAFE,640,640,35.54025973,34.73543196,35.40312483,34.75668417,35.37612856,34.64147344,35.51326346,34.62022123,35.48668083,34.69914889,35.43654088,34.70691923,35.42970745,34.67775651,35.4798474,34.66998617,203,239,437,401,37908
ow,ow-0707.jpg,ow-0707.xml,ow-0707-02-001662,S1_20190910_034226_034406_VV_0,2019-09-10T03:42:26,2019-09-10T03:44:06,S1B_IW_GRDH_1SDV_20190910T034226_20190910T034251_017970_021D4F_6F7A.SAFE,640,640,35.54025973,34.73543196,35.40312483,34.75668417,35.37612856,34.64147344,35.51326346,34.62022123,35.42253056,34.72009712,35.41481672,34.72129256,35.41350909,34.71571204,35.42122293,34.7145166,514,180,550,211,1116
ow,ow-0708.jpg,ow-0708.xml,ow-0708-01-001663,S1_20190910_034226_034406_VV_1,2019-09-10T03:42:26,2019-09-10T03:44:06,S1B_IW_GRDH_1SDV_20190910T034251_20190910T034316_017970_021D4F_07F7.SAFE,640,640,35.06249689,34.04629947,34.92606881,34.06695636,34.90017806,33.95171348,35.03660613,33.93105659,34.98154288,33.9959963,34.95319142,34.00028905,34.94336102,33.95653277,34.97171248,33.95224001,316,336,449,579,32319
ow,ow-0708.jpg,ow-0708.xml,ow-0708-02-001664,S1_20190910_034226_034406_VV_1,2019-09-10T03:42:26,2019-09-10T03:44:06,S1B_IW_GRDH_1SDV_20190910T034251_20190910T034316_017970_021D4F_07F7.SAFE,640,640,35.06249689,34.04629947,34.92606881,34.06695636,34.90017806,33.95171348,35.03660613,33.93105659,35.02411873,34.04913132,34.99747262,34.05316586,34.98849177,34.01319099,35.01513787,34.00915644,177,16,302,238,27750
ow,ow-0709.jpg,ow-0709.xml,ow-0709-01-001665,S1_20190912_160413_160553_VV_0,2019-09-12T16:04:13,2019-09-12T16:05:53,S1B_IW_GRDH_1SDV_20190912T160438_20190912T160503_018007_021E66_0739.SAFE,640,640,30.15205202,31.33075642,30.28501603,31.35013493,30.26156956,31.46553233,30.12860555,31.44615383,30.20500173,31.3954673,30.20957236,31.39613343,30.20869312,31.40046084,30.20412248,31.3997947,309,307,331,331,528
ow,ow-0710.jpg,ow-0710.xml,ow-0710-01-001666,S1_20190913_155646_155826_VV_1,2019-09-13T15:56:46,2019-09-13T15:58:26,S1A_IW_GRDH_1SDV_20190913T155711_20190913T155736_029005_034A50_BA8D.SAFE,640,640,31.2167406,32.44287135,31.35070189,32.46288038,31.32641261,32.57837304,31.19245132,32.55836401,31.272216,32.49731663,31.28037927,32.49853593,31.27707745,32.51423571,31.26891418,32.51301641,310,248,349,335,3393
ow,ow-0710.jpg,ow-0710.xml,ow-0710-02-001667,S1_20190913_155646_155826_VV_1,2019-09-13T15:56:46,2019-09-13T15:58:26,S1A_IW_GRDH_1SDV_20190913T155711_20190913T155736_029005_034A50_BA8D.SAFE,640,640,31.2167406,32.44287135,31.35070189,32.46288038,31.32641261,32.57837304,31.19245132,32.55836401,31.26368479,32.51837748,31.26745245,32.51894024,31.26661751,32.5229103,31.26284984,32.52234754,291,368,309,390,396
ow,ow-0711.jpg,ow-0711.xml,ow-0711-01-001668,S1_20190914_154754_154934_VV_1,2019-09-14T15:47:54,2019-09-14T15:49:34,S1B_IW_GRDH_1SDV_20190914T154819_20190914T154844_018036_021F43_FE67.SAFE;S1B_IW_GRDH_1SDV_20190914T154754_20190914T154819_018036_021F43_FD90.SAFE,640,640,32.54299055,31.09664582,32.67507689,31.11773149,32.64967168,31.23332441,32.51758534,31.21223874,32.59203689,31.15925193,32.60276891,31.16096515,32.60042686,31.17162137,32.58969485,31.16990816,294,293,346,352,3068
ow,ow-0711.jpg,ow-0711.xml,ow-0711-02-001669,S1_20190914_154754_154934_VV_1,2019-09-14T15:47:54,2019-09-14T15:49:34,S1B_IW_GRDH_1SDV_20190914T154819_20190914T154844_018036_021F43_FE67.SAFE;S1B_IW_GRDH_1SDV_20190914T154754_20190914T154819_018036_021F43_FD90.SAFE,640,640,32.54299055,31.09664582,32.67507689,31.11773149,32.64967168,31.23332441,32.51758534,31.21223874,32.58722614,31.17044882,32.59011552,31.17091007,32.58904374,31.17578664,32.58615435,31.17532539,283,357,297,384,378
ow,ow-0712.jpg,ow-0712.xml,ow-0712-01-001670,S1_20190914_154754_154934_VV_2,2019-09-14T15:47:54,2019-09-14T15:49:34,S1B_IW_GRDH_1SDV_20190914T154819_20190914T154844_018036_021F43_FE67.SAFE;S1B_IW_GRDH_1SDV_20190914T154754_20190914T154819_018036_021F43_FD90.SAFE,640,640,32.66766042,31.19132787,32.79974675,31.21241353,32.77434155,31.32800646,32.64225521,31.30692079,32.71677017,31.25656141,32.7272958,31.25824168,32.72622402,31.26311825,32.71569839,31.26143799,297,307,348,334,1377
ow,ow-0713.jpg,ow-0713.xml,ow-0713-01-001671,S1_20190914_154754_154934_VV_4,2019-09-14T15:47:54,2019-09-14T15:49:34,S1B_IW_GRDH_1SDV_20190914T154819_20190914T154844_018036_021F43_FE67.SAFE,640,640,33.07235683,31.34151682,33.20468344,31.36204046,33.17995205,31.47760283,33.04762544,31.45707918,33.12413703,31.40700821,33.13137364,31.4081306,33.13021436,31.41354758,33.12297774,31.41242519,308,308,343,338,1050
ow,ow-0714.jpg,ow-0714.xml,ow-0714-01-001672,S1_20190914_154754_154934_VV_5,2019-09-14T15:47:54,2019-09-14T15:49:34,S1B_IW_GRDH_1SDV_20190914T154844_20190914T154909_018036_021F43_27F9.SAFE,640,640,33.96028898,34.03982392,34.09671682,34.05859845,34.0735135,34.17398549,33.93708566,34.15521097,34.01975231,34.09599489,34.06494403,34.10221395,34.06008584,34.12637311,34.01489412,34.12015405,323,259,535,393,28408
ow,ow-0715.jpg,ow-0715.xml,ow-0715-01-001673,S1_20190914_154754_154934_VV_6,2019-09-14T15:47:54,2019-09-14T15:49:34,S1B_IW_GRDH_1SDV_20190914T154844_20190914T154909_018036_021F43_27F9.SAFE,640,640,31.85740133,33.83426035,31.99300456,33.85538238,31.96693554,33.97091485,31.83133231,33.94979282,31.93249863,33.87566917,31.93864315,33.87662626,31.93774703,33.88059769,31.9316025,33.8796406,385,159,414,181,638
ow,ow-0715.jpg,ow-0715.xml,ow-0715-02-001674,S1_20190914_154754_154934_VV_6,2019-09-14T15:47:54,2019-09-14T15:49:34,S1B_IW_GRDH_1SDV_20190914T154844_20190914T154909_018036_021F43_27F9.SAFE,640,640,31.85740133,33.83426035,31.99300456,33.85538238,31.96693554,33.97091485,31.83133231,33.94979282,31.9083443,33.87190681,31.91300566,33.87263288,31.91182441,33.87786794,31.90716305,33.87714187,271,159,293,188,638
ow,ow-0715.jpg,ow-0715.xml,ow-0715-03-001675,S1_20190914_154754_154934_VV_6,2019-09-14T15:47:54,2019-09-14T15:49:34,S1B_IW_GRDH_1SDV_20190914T154844_20190914T154909_018036_021F43_27F9.SAFE,640,640,31.85740133,33.83426035,31.99300456,33.85538238,31.96693554,33.97091485,31.83133231,33.94979282,31.88733566,33.86975561,31.8943277,33.87084472,31.89298352,33.87680186,31.88599148,33.87571276,173,165,206,198,1089
ow,ow-0715.jpg,ow-0715.xml,ow-0715-04-001676,S1_20190914_154754_154934_VV_6,2019-09-14T15:47:54,2019-09-14T15:49:34,S1B_IW_GRDH_1SDV_20190914T154844_20190914T154909_018036_021F43_27F9.SAFE,640,640,31.85740133,33.83426035,31.99300456,33.85538238,31.96693554,33.97091485,31.83133231,33.94979282,31.89389711,33.8892772,31.90152479,33.89046532,31.89838836,33.90436532,31.89076068,33.9031772,223,264,259,341,2772
ow,ow-0715.jpg,ow-0715.xml,ow-0715-05-001677,S1_20190914_154754_154934_VV_6,2019-09-14T15:47:54,2019-09-14T15:49:34,S1B_IW_GRDH_1SDV_20190914T154844_20190914T154909_018036_021F43_27F9.SAFE,640,640,31.85740133,33.83426035,31.99300456,33.85538238,31.96693554,33.97091485,31.83133231,33.94979282,31.8923708,33.85521704,31.90105788,33.85657017,31.8989805,33.86577667,31.89029342,33.86442354,181,83,222,134,2091
ow,ow-0715.jpg,ow-0715.xml,ow-0715-06-001678,S1_20190914_154754_154934_VV_6,2019-09-14T15:47:54,2019-09-14T15:49:34,S1B_IW_GRDH_1SDV_20190914T154844_20190914T154909_018036_021F43_27F9.SAFE,640,640,31.85740133,33.83426035,31.99300456,33.85538238,31.96693554,33.97091485,31.83133231,33.94979282,31.93799073,33.86979753,31.94116893,33.87029258,31.94043574,33.87354193,31.93725754,33.87304688,404,123,419,141,270
ow,ow-0715.jpg,ow-0715.xml,ow-0715-07-001679,S1_20190914_154754_154934_VV_6,2019-09-14T15:47:54,2019-09-14T15:49:34,S1B_IW_GRDH_1SDV_20190914T154844_20190914T154909_018036_021F43_27F9.SAFE,640,640,31.85740133,33.83426035,31.99300456,33.85538238,31.96693554,33.97091485,31.83133231,33.94979282,31.91462745,33.87419354,31.93517982,33.87739485,31.93126946,33.89472472,31.9107171,33.89152341,302,166,399,262,9312
ow,ow-0715.jpg,ow-0715.xml,ow-0715-08-001680,S1_20190914_154754_154934_VV_6,2019-09-14T15:47:54,2019-09-14T15:49:34,S1B_IW_GRDH_1SDV_20190914T154844_20190914T154909_018036_021F43_27F9.SAFE,640,640,31.85740133,33.83426035,31.99300456,33.85538238,31.96693554,33.97091485,31.83133231,33.94979282,31.91757051,33.89128288,31.94087732,33.89491323,31.93065337,33.94022362,31.90734657,33.93659327,333,255,443,506,27610
ow,ow-0716.jpg,ow-0716.xml,ow-0716-01-001681,S1_20190914_154754_154934_VV_7,2019-09-14T15:47:54,2019-09-14T15:49:34,S1B_IW_GRDH_1SDV_20190914T154844_20190914T154909_018036_021F43_27F9.SAFE,640,640,33.3880991,34.26104171,33.52541255,34.28039989,33.50133521,34.3958228,33.36402176,34.37646462,33.43971428,34.32382827,33.45451839,34.32591532,33.45293831,34.33348995,33.43813421,34.3314029,293,299,362,341,2898
ow,ow-0717.jpg,ow-0717.xml,ow-0717-01-001682,S1_20190919_155649_155743_VV_0,2019-09-19T15:56:49,2019-09-19T15:57:43,S1B_IW_GRDH_1SDV_20190919T155649_20190919T155718_018109_02218C_A4C0.SAFE,640,640,30.7155169,32.83029919,30.85001739,32.85071029,30.82508426,32.96628812,30.69058376,32.94587701,30.76748348,32.89525511,30.77294756,32.89608431,30.77099966,32.90511383,30.76553558,32.90428463,304,306,330,356,1300
ow,ow-0718.jpg,ow-0718.xml,ow-0718-01-001683,S1_20190921_153951_154106_VV_0,2019-09-21T15:39:51,2019-09-21T15:41:06,S1B_IW_GRDH_1SDV_20190921T154041_20190921T154106_018138_022283_3509.SAFE,640,640,33.7168152,33.76230487,33.85249285,33.78358754,33.82624006,33.8989329,33.69056241,33.87765023,33.79644047,33.83210016,33.80237637,33.83303128,33.80065353,33.84060082,33.79471763,33.8396697,435,307,463,349,1176
ow,ow-0718.jpg,ow-0718.xml,ow-0718-02-001684,S1_20190921_153951_154106_VV_0,2019-09-21T15:39:51,2019-09-21T15:41:06,S1B_IW_GRDH_1SDV_20190921T154041_20190921T154106_018138_022283_3509.SAFE,640,640,33.7168152,33.76230487,33.85249285,33.78358754,33.82624006,33.8989329,33.69056241,33.87765023,33.77264243,33.83247371,33.78133428,33.83383713,33.7797345,33.84086599,33.77104265,33.83950257,327,329,368,368,1599
ow,ow-0718.jpg,ow-0718.xml,ow-0718-03-001685,S1_20190921_153951_154106_VV_0,2019-09-21T15:39:51,2019-09-21T15:41:06,S1B_IW_GRDH_1SDV_20190921T154041_20190921T154106_018138_022283_3509.SAFE,640,640,33.7168152,33.76230487,33.85249285,33.78358754,33.82624006,33.8989329,33.69056241,33.87765023,33.74246309,33.81747333,33.75687884,33.81973461,33.753105,33.83631551,33.73868925,33.83405422,174,274,242,366,6256
ow,ow-0719.jpg,ow-0719.xml,ow-0719-01-001686,S1_20190921_153951_154106_VV_1,2019-09-21T15:39:51,2019-09-21T15:41:06,S1B_IW_GRDH_1SDV_20190921T154041_20190921T154106_018138_022283_3509.SAFE,640,640,35.01886255,34.05158762,35.15586371,34.07147046,35.13119403,34.18674225,34.99419286,34.16685942,35.01446266,34.08864747,35.13412462,34.10601388,35.1241411,34.15266294,35.00447915,34.13529652,16,203,575,462,144781
ow,ow-0719.jpg,ow-0719.xml,ow-0719-02-001687,S1_20190921_153951_154106_VV_1,2019-09-21T15:39:51,2019-09-21T15:41:06,S1B_IW_GRDH_1SDV_20190921T154041_20190921T154106_018138_022283_3509.SAFE,640,640,35.01886255,34.05158762,35.15586371,34.07147046,35.13119403,34.18674225,34.99419286,34.16685942,35.02391402,34.05789193,35.03932665,34.06012875,35.03597312,34.07579851,35.02056049,34.07356169,29,30,101,117,6264
ow,ow-0720.jpg,ow-0720.xml,ow-0720-01-001688,S1_20190925_155647_155827_VV_1,2019-09-25T15:56:47,2019-09-25T15:58:27,S1A_IW_GRDH_1SDV_20190925T155712_20190925T155737_029180_035045_0057.SAFE,640,640,32.29855362,31.28506329,32.4310555,31.30447731,32.40775646,31.4199382,32.27525458,31.40052418,32.34847997,31.33658495,32.36939042,31.33964872,32.36600478,31.35642663,32.34509432,31.35336286,283,238,384,331,9393
ow,ow-0720.jpg,ow-0720.xml,ow-0720-02-001689,S1_20190925_155647_155827_VV_1,2019-09-25T15:56:47,2019-09-25T15:58:27,S1A_IW_GRDH_1SDV_20190925T155712_20190925T155737_029180_035045_0057.SAFE,640,640,32.29855362,31.28506329,32.4310555,31.30447731,32.40775646,31.4199382,32.27525458,31.40052418,32.338203,31.35476779,32.34399996,31.35561715,32.34170646,31.36698283,32.3359095,31.36613347,252,344,280,407,1764
ow,ow-0721.jpg,ow-0721.xml,ow-0721-01-001690,S1_20190925_155647_155827_VV_3,2019-09-25T15:56:47,2019-09-25T15:58:27,S1A_IW_GRDH_1SDV_20190925T155712_20190925T155737_029180_035045_0057.SAFE,640,640,32.09975819,31.44301661,32.2322027,31.46257154,32.20873349,31.57804615,32.07628899,31.55849121,32.21618974,31.48157927,32.21639668,31.48160983,32.21636001,31.48179026,32.21615307,31.4817597,583,115,584,116,1
ow,ow-0721.jpg,ow-0721.xml,ow-0721-02-001691,S1_20190925_155647_155827_VV_3,2019-09-25T15:56:47,2019-09-25T15:58:27,S1A_IW_GRDH_1SDV_20190925T155712_20190925T155737_029180_035045_0057.SAFE,640,640,32.09975819,31.44301661,32.2322027,31.46257154,32.20873349,31.57804615,32.07628899,31.55849121,32.17776675,31.5112165,32.18294036,31.51198037,32.18154688,31.51883667,32.17637326,31.51807281,431,305,456,343,950
ow,ow-0721.jpg,ow-0721.xml,ow-0721-03-001692,S1_20190925_155647_155827_VV_3,2019-09-25T15:56:47,2019-09-25T15:58:27,S1A_IW_GRDH_1SDV_20190925T155712_20190925T155737_029180_035045_0057.SAFE,640,640,32.09975819,31.44301661,32.2322027,31.46257154,32.20873349,31.57804615,32.07628899,31.55849121,32.09226504,31.52498225,32.09640393,31.52559334,32.09559717,31.52956278,32.09145828,31.52895169,43,447,63,469,440
ow,ow-0721.jpg,ow-0721.xml,ow-0721-04-001693,S1_20190925_155647_155827_VV_3,2019-09-25T15:56:47,2019-09-25T15:58:27,S1A_IW_GRDH_1SDV_20190925T155712_20190925T155737_029180_035045_0057.SAFE,640,640,32.09975819,31.44301661,32.2322027,31.46257154,32.20873349,31.57804615,32.07628899,31.55849121,32.08587848,31.51864984,32.09125904,31.51944426,32.09034227,31.52395499,32.08496172,31.52316057,7,418,33,443,650
ow,ow-0721.jpg,ow-0721.xml,ow-0721-05-001694,S1_20190925_155647_155827_VV_3,2019-09-25T15:56:47,2019-09-25T15:58:27,S1A_IW_GRDH_1SDV_20190925T155712_20190925T155737_029180_035045_0057.SAFE,640,640,32.09975819,31.44301661,32.2322027,31.46257154,32.20873349,31.57804615,32.07628899,31.55849121,32.11386904,31.56236718,32.12131905,31.56346714,32.12098901,31.565091,32.11353901,31.56399104,180,631,216,640,324
ow,ow-0721.jpg,ow-0721.xml,ow-0721-06-001695,S1_20190925_155647_155827_VV_3,2019-09-25T15:56:47,2019-09-25T15:58:27,S1A_IW_GRDH_1SDV_20190925T155712_20190925T155737_029180_035045_0057.SAFE,640,640,32.09975819,31.44301661,32.2322027,31.46257154,32.20873349,31.57804615,32.07628899,31.55849121,32.0851502,31.51594051,32.08680576,31.51618494,32.08621903,31.51907181,32.08456347,31.51882737,1,404,9,420,128
ow,ow-0722.jpg,ow-0722.xml,ow-0722-01-001696,S1_20190925_155647_155827_VV_7,2019-09-25T15:56:47,2019-09-25T15:58:27,S1A_IW_GRDH_1SDV_20190925T155712_20190925T155737_029180_035045_0057.SAFE,640,640,31.50231105,31.46220665,31.63538601,31.4822704,31.6111881,31.59778477,31.47811314,31.57772102,31.54735497,31.52671736,31.54860255,31.52690546,31.54780856,31.53069578,31.54656098,31.53050768,273,310,279,331,126
ow,ow-0722.jpg,ow-0722.xml,ow-0722-02-001697,S1_20190925_155647_155827_VV_7,2019-09-25T15:56:47,2019-09-25T15:58:27,S1A_IW_GRDH_1SDV_20190925T155712_20190925T155737_029180_035045_0057.SAFE,640,640,31.50231105,31.46220665,31.63538601,31.4822704,31.6111881,31.59778477,31.47811314,31.57772102,31.56476433,31.53064552,31.56663569,31.53092767,31.56629541,31.53255209,31.56442404,31.53226994,358,317,367,326,81
ow,ow-0723.jpg,ow-0723.xml,ow-0723-01-001698,S1_20190925_155647_155827_VV_11,2019-09-25T15:56:47,2019-09-25T15:58:27,S1A_IW_GRDH_1SDV_20190925T155712_20190925T155737_029180_035045_0057.SAFE,640,640,31.03536136,31.60120308,31.1682557,31.621699,31.14353699,31.73724386,31.01064266,31.71674795,31.06433184,31.63122101,31.06786184,31.63176543,31.06743699,31.63375136,31.06390698,31.63320693,165,137,182,148,187
ow,ow-0723.jpg,ow-0723.xml,ow-0723-02-001699,S1_20190925_155647_155827_VV_11,2019-09-25T15:56:47,2019-09-25T15:58:27,S1A_IW_GRDH_1SDV_20190925T155712_20190925T155737_029180_035045_0057.SAFE,640,640,31.03536136,31.60120308,31.1682557,31.621699,31.14353699,31.73724386,31.01064266,31.71674795,31.03911355,31.60271425,31.04845768,31.60415537,31.0476466,31.60794668,31.03830247,31.60650556,19,5,64,26,945
ow,ow-0723.jpg,ow-0723.xml,ow-0723-03-001700,S1_20190925_155647_155827_VV_11,2019-09-25T15:56:47,2019-09-25T15:58:27,S1A_IW_GRDH_1SDV_20190925T155712_20190925T155737_029180_035045_0057.SAFE,640,640,31.03536136,31.60120308,31.1682557,31.621699,31.14353699,31.73724386,31.01064266,31.71674795,31.01945445,31.69460852,31.07718043,31.70351144,31.0752879,31.71235784,31.01756193,31.70345493,19,514,297,563,13622
ow,ow-0724.jpg,ow-0724.xml,ow-0724-01-001701,S1_20190925_155647_155827_VV_12,2019-09-25T15:56:47,2019-09-25T15:58:27,S1A_IW_GRDH_1SDV_20190925T155712_20190925T155737_029180_035045_0057.SAFE,640,640,30.87009091,31.62476222,31.00298525,31.64525814,30.97826654,31.760803,30.8453722,31.74030709,30.90534055,31.68558786,30.94458591,31.69164056,30.94161194,31.70554205,30.90236658,31.69948935,225,297,414,374,14553
ow,ow-0725.jpg,ow-0725.xml,ow-0725-01-001702,S1_20190925_155647_155827_VV_14,2019-09-25T15:56:47,2019-09-25T15:58:27,S1A_IW_GRDH_1SDV_20190925T155712_20190925T155737_029180_035045_0057.SAFE,640,640,29.9694368,31.57606279,30.1018354,31.59770166,30.07574332,31.71329666,29.94334472,31.69165779,30.02593171,31.64222939,30.04889459,31.64598238,30.0471823,31.6535683,30.02421942,31.64981531,333,304,444,346,4662
ow,ow-0725.jpg,ow-0725.xml,ow-0725-02-001703,S1_20190925_155647_155827_VV_14,2019-09-25T15:56:47,2019-09-25T15:58:27,S1A_IW_GRDH_1SDV_20190925T155712_20190925T155737_029180_035045_0057.SAFE,640,640,29.9694368,31.57606279,30.1018354,31.59770166,30.07574332,31.71329666,29.94334472,31.69165779,29.96307709,31.62989652,30.0207946,31.63932971,30.01896,31.64745749,29.96124249,31.63802429,27,293,306,338,12555
ow,ow-0726.jpg,ow-0726.xml,ow-0726-01-001704,S1_20190925_155647_155827_VV_16,2019-09-25T15:56:47,2019-09-25T15:58:27,S1A_IW_GRDH_1SDV_20190925T155712_20190925T155737_029180_035045_0057.SAFE,640,640,30.35736501,31.7462337,30.49001423,31.76730201,30.46460646,31.88287743,30.33195723,31.86180912,30.40288489,31.81140001,30.42008783,31.81413231,30.41941294,31.81720228,30.40220999,31.81446998,279,310,362,327,1411
ow,ow-0727.jpg,ow-0727.xml,ow-0727-01-001705,S1_20190925_155647_155827_VV_17,2019-09-25T15:56:47,2019-09-25T15:58:27,S1A_IW_GRDH_1SDV_20190925T155712_20190925T155737_029180_035045_0057.SAFE,640,640,30.76195063,31.97444185,30.89566339,31.99503989,30.87065882,32.11057073,30.73694606,32.08997268,30.77179679,32.0237117,30.8660225,32.03822689,30.86102159,32.06133306,30.76679587,32.04681787,95,256,546,384,57728
ow,ow-0728.jpg,ow-0728.xml,ow-0728-01-001706,S1_20190925_155647_155827_VV_18,2019-09-25T15:56:47,2019-09-25T15:58:27,S1A_IW_GRDH_1SDV_20190925T155712_20190925T155737_029180_035045_0057.SAFE,640,640,30.803865,32.18782919,30.93764111,32.20828104,30.91281426,32.32380395,30.77903816,32.3033521,30.85805077,32.26117902,30.86160419,32.26172227,30.86117748,32.26370782,30.85762405,32.26316457,324,349,341,360,187
ow,ow-0728.jpg,ow-0728.xml,ow-0728-02-001707,S1_20190925_155647_155827_VV_18,2019-09-25T15:56:47,2019-09-25T15:58:27,S1A_IW_GRDH_1SDV_20190925T155712_20190925T155737_029180_035045_0057.SAFE,640,640,30.803865,32.18782919,30.93764111,32.20828104,30.91281426,32.32380395,30.77903816,32.3033521,30.85452558,32.24945398,30.85933316,32.25018897,30.85828577,32.25506259,30.8534782,32.2543276,296,289,319,316,621
ow,ow-0729.jpg,ow-0729.xml,ow-0729-01-001708,S1_20190925_155647_155827_VV_19,2019-09-25T15:56:47,2019-09-25T15:58:27,S1A_IW_GRDH_1SDV_20190925T155737_20190925T155802_029180_035045_5FA1.SAFE,640,640,32.11030017,32.97026521,32.24545103,32.98913896,32.22235124,33.10453343,32.08720039,33.08565967,32.14938445,33.01575767,32.19520903,33.02215706,32.18752114,33.06056178,32.14169655,33.05416239,222,216,439,429,46221
ow,ow-0730.jpg,ow-0730.xml,ow-0730-01-001709,S1_20190926_035936_040116_VV_0,2019-09-26T03:59:36,2019-09-26T04:01:16,S1A_IW_GRDH_1SDV_20190926T040026_20190926T040051_029187_035080_F816.SAFE,640,640,30.86999163,32.0767333,30.73653164,32.09792228,30.71085077,31.98252804,30.84431076,31.96133906,30.80919027,32.03635783,30.757266,32.04460166,30.75168843,32.01953948,30.80361271,32.01129564,240,268,489,407,34611
ow,ow-0730.jpg,ow-0730.xml,ow-0730-02-001710,S1_20190926_035936_040116_VV_0,2019-09-26T03:59:36,2019-09-26T04:01:16,S1A_IW_GRDH_1SDV_20190926T040026_20190926T040051_029187_035080_F816.SAFE,640,640,30.86999163,32.0767333,30.73653164,32.09792228,30.71085077,31.98252804,30.84431076,31.96133906,30.81556722,32.04075894,30.80097003,32.04307648,30.79972612,32.03748707,30.8143233,32.03516953,215,239,285,270,2170
ow,ow-0730.jpg,ow-0730.xml,ow-0730-03-001711,S1_20190926_035936_040116_VV_0,2019-09-26T03:59:36,2019-09-26T04:01:16,S1A_IW_GRDH_1SDV_20190926T040026_20190926T040051_029187_035080_F816.SAFE,640,640,30.86999163,32.0767333,30.73653164,32.09792228,30.71085077,31.98252804,30.84431076,31.96133906,30.85215023,32.04895135,30.82420704,32.05338779,30.82135807,32.04058624,30.84930125,32.0361498,54,164,188,235,9514
ow,ow-0731.jpg,ow-0731.xml,ow-0731-01-001712,S1_20190926_035936_040116_VV_2,2019-09-26T03:59:36,2019-09-26T04:01:16,S1A_IW_GRDH_1SDV_20190926T040026_20190926T040051_029187_035080_F816.SAFE,640,640,30.49476612,31.87884707,30.36205722,31.89978514,30.33684337,31.78438408,30.46955227,31.76344602,30.4381496,31.82883625,30.41305932,31.83279485,30.41148346,31.82558229,30.43657373,31.82162368,213,316,334,356,4840
ow,ow-0732.jpg,ow-0732.xml,ow-0732-01-001713,S1_20190926_035936_040116_VV_3,2019-09-26T03:59:36,2019-09-26T04:01:16,S1A_IW_GRDH_1SDV_20190926T040026_20190926T040051_029187_035080_F816.SAFE,640,640,31.12690861,31.76407397,30.99450416,31.78570629,30.96845865,31.67027905,31.10086311,31.64864673,31.08820529,31.71803622,31.05986246,31.72266689,31.05672886,31.70877955,31.08507169,31.70414888,132,280,269,357,10549
ow,ow-0733.jpg,ow-0733.xml,ow-0733-01-001714,S1_20190926_035936_040116_VV_5,2019-09-26T03:59:36,2019-09-26T04:01:16,S1A_IW_GRDH_1SDV_20190926T040051_20190926T040116_029187_035080_972D.SAFE,640,640,30.28269789,31.5326939,30.14992838,31.55349283,30.12488158,31.43809829,30.25765109,31.41729936,30.13736338,31.45310852,30.13549631,31.453401,30.13510495,31.45159796,30.13697202,31.45130548,597,549,606,559,90
ow,ow-0733.jpg,ow-0733.xml,ow-0733-02-001715,S1_20190926_035936_040116_VV_5,2019-09-26T03:59:36,2019-09-26T04:01:16,S1A_IW_GRDH_1SDV_20190926T040051_20190926T040116_029187_035080_972D.SAFE,640,640,30.28269789,31.5326939,30.14992838,31.55349283,30.12488158,31.43809829,30.25765109,31.41729936,30.17109883,31.47709396,30.16943921,31.47735395,30.16896959,31.4751903,30.17062921,31.47493032,464,392,472,404,96
ow,ow-0733.jpg,ow-0733.xml,ow-0733-03-001716,S1_20190926_035936_040116_VV_5,2019-09-26T03:59:36,2019-09-26T04:01:16,S1A_IW_GRDH_1SDV_20190926T040051_20190926T040116_029187_035080_972D.SAFE,640,640,30.28269789,31.5326939,30.14992838,31.55349283,30.12488158,31.43809829,30.25765109,31.41729936,30.16282877,31.45974603,30.15971699,31.46023351,30.15932563,31.45843047,30.16243742,31.45794299,485,492,500,502,150
ow,ow-0733.jpg,ow-0733.xml,ow-0733-04-001717,S1_20190926_035936_040116_VV_5,2019-09-26T03:59:36,2019-09-26T04:01:16,S1A_IW_GRDH_1SDV_20190926T040051_20190926T040116_029187_035080_972D.SAFE,640,640,30.28269789,31.5326939,30.14992838,31.55349283,30.12488158,31.43809829,30.25765109,31.41729936,30.19201754,31.43708931,30.18247473,31.43858424,30.18047882,31.42938873,30.19002162,31.42789381,326,589,372,640,2346
ow,ow-0733.jpg,ow-0733.xml,ow-0733-05-001718,S1_20190926_035936_040116_VV_5,2019-09-26T03:59:36,2019-09-26T04:01:16,S1A_IW_GRDH_1SDV_20190926T040051_20190926T040116_029187_035080_972D.SAFE,640,640,30.28269789,31.5326939,30.14992838,31.55349283,30.12488158,31.43809829,30.25765109,31.41729936,30.22936076,31.49350854,30.22770114,31.49376852,30.22734892,31.49214579,30.22900854,31.4918858,209,255,217,264,72
ow,ow-0733.jpg,ow-0733.xml,ow-0733-06-001719,S1_20190926_035936_040116_VV_5,2019-09-26T03:59:36,2019-09-26T04:01:16,S1A_IW_GRDH_1SDV_20190926T040051_20190926T040116_029187_035080_972D.SAFE,640,640,30.28269789,31.5326939,30.14992838,31.55349283,30.12488158,31.43809829,30.25765109,31.41729936,30.18960022,31.5040252,30.18731825,31.50438268,30.1866138,31.50113721,30.18889578,31.50077973,405,232,416,250,198
ow,ow-0733.jpg,ow-0733.xml,ow-0733-07-001720,S1_20190926_035936_040116_VV_5,2019-09-26T03:59:36,2019-09-26T04:01:16,S1A_IW_GRDH_1SDV_20190926T040051_20190926T040116_029187_035080_972D.SAFE,640,640,30.28269789,31.5326939,30.14992838,31.55349283,30.12488158,31.43809829,30.25765109,31.41729936,30.18184206,31.51176576,30.1803899,31.51199325,30.18007681,31.51055082,30.18152898,31.51032333,449,197,456,205,56
ow,ow-0733.jpg,ow-0733.xml,ow-0733-08-001721,S1_20190926_035936_040116_VV_5,2019-09-26T03:59:36,2019-09-26T04:01:16,S1A_IW_GRDH_1SDV_20190926T040051_20190926T040116_029187_035080_972D.SAFE,640,640,30.28269789,31.5326939,30.14992838,31.55349283,30.12488158,31.43809829,30.25765109,31.41729936,30.16407114,31.5287187,30.16241152,31.52897869,30.16213757,31.52771656,30.16379719,31.52745657,549,121,557,128,56
ow,ow-0733.jpg,ow-0733.xml,ow-0733-09-001722,S1_20190926_035936_040116_VV_5,2019-09-26T03:59:36,2019-09-26T04:01:16,S1A_IW_GRDH_1SDV_20190926T040051_20190926T040116_029187_035080_972D.SAFE,640,640,30.28269789,31.5326939,30.14992838,31.55349283,30.12488158,31.43809829,30.25765109,31.41729936,30.15424709,31.51310568,30.15258747,31.51336567,30.15227438,31.51192324,30.153934,31.51166325,579,213,587,221,64
ow,ow-0733.jpg,ow-0733.xml,ow-0733-10-001723,S1_20190926_035936_040116_VV_5,2019-09-26T03:59:36,2019-09-26T04:01:16,S1A_IW_GRDH_1SDV_20190926T040051_20190926T040116_029187_035080_972D.SAFE,640,640,30.28269789,31.5326939,30.14992838,31.55349283,30.12488158,31.43809829,30.25765109,31.41729936,30.14954913,31.54087468,30.14726716,31.54123216,30.14679753,31.53906851,30.14907951,31.53871103,629,68,640,80,132
ow,ow-0734.jpg,ow-0734.xml,ow-0734-01-001724,S1_20190926_035936_040116_VV_6,2019-09-26T03:59:36,2019-09-26T04:01:16,S1A_IW_GRDH_1SDV_20190926T040051_20190926T040116_029187_035080_972D.SAFE,640,640,30.13657072,31.49082685,30.00374273,31.51148641,29.97886384,31.39609997,30.11169184,31.37544041,30.10460767,31.44306474,30.1019096,31.44348439,30.10144312,31.44132089,30.10414119,31.44090125,101,283,114,295,156
ow,ow-0734.jpg,ow-0734.xml,ow-0734-02-001725,S1_20190926_035936_040116_VV_6,2019-09-26T03:59:36,2019-09-26T04:01:16,S1A_IW_GRDH_1SDV_20190926T040051_20190926T040116_029187_035080_972D.SAFE,640,640,30.13657072,31.49082685,30.00374273,31.51148641,29.97886384,31.39609997,30.11169184,31.37544041,30.04788168,31.45952752,30.0455987,31.45988261,30.0451711,31.45789941,30.04745408,31.45754432,382,242,393,253,121
ow,ow-0734.jpg,ow-0734.xml,ow-0734-03-001726,S1_20190926_035936_040116_VV_6,2019-09-26T03:59:36,2019-09-26T04:01:16,S1A_IW_GRDH_1SDV_20190926T040051_20190926T040116_029187_035080_972D.SAFE,640,640,30.13657072,31.49082685,30.00374273,31.51148641,29.97886384,31.39609997,30.11169184,31.37544041,30.11378967,31.39113914,30.11067652,31.39162335,30.1099768,31.38837811,30.11308995,31.3878939,6,554,21,572,270
ow,ow-0734.jpg,ow-0734.xml,ow-0734-04-001727,S1_20190926_035936_040116_VV_6,2019-09-26T03:59:36,2019-09-26T04:01:16,S1A_IW_GRDH_1SDV_20190926T040051_20190926T040116_029187_035080_972D.SAFE,640,640,30.13657072,31.49082685,30.00374273,31.51148641,29.97886384,31.39609997,30.11169184,31.37544041,30.11942432,31.42622589,30.11651871,31.42667782,30.11578011,31.42325228,30.11868573,31.42280036,15,361,29,380,266
ow,ow-0734.jpg,ow-0734.xml,ow-0734-05-001728,S1_20190926_035936_040116_VV_6,2019-09-26T03:59:36,2019-09-26T04:01:16,S1A_IW_GRDH_1SDV_20190926T040051_20190926T040116_029187_035080_972D.SAFE,640,640,30.13657072,31.49082685,30.00374273,31.51148641,29.97886384,31.39609997,30.11169184,31.37544041,30.07604635,31.49763185,30.06380127,31.4995364,30.06271282,31.49448825,30.0749579,31.49258369,289,14,348,42,1652
ow,ow-0734.jpg,ow-0734.xml,ow-0734-06-001729,S1_20190926_035936_040116_VV_6,2019-09-26T03:59:36,2019-09-26T04:01:16,S1A_IW_GRDH_1SDV_20190926T040051_20190926T040116_029187_035080_972D.SAFE,640,640,30.13657072,31.49082685,30.00374273,31.51148641,29.97886384,31.39609997,30.11169184,31.37544041,30.1040114,31.38259779,30.10110579,31.38304972,30.1003672,31.37962419,30.10327281,31.37917226,43,608,57,627,266
ow,ow-0734.jpg,ow-0734.xml,ow-0734-07-001730,S1_20190926_035936_040116_VV_6,2019-09-26T03:59:36,2019-09-26T04:01:16,S1A_IW_GRDH_1SDV_20190926T040051_20190926T040116_029187_035080_972D.SAFE,640,640,30.13657072,31.49082685,30.00374273,31.51148641,29.97886384,31.39609997,30.11169184,31.37544041,30.07597718,31.39981542,30.07348666,31.40020278,30.07302018,31.39803929,30.0755107,31.39765192,191,539,203,551,144
ow,ow-0734.jpg,ow-0734.xml,ow-0734-08-001731,S1_20190926_035936_040116_VV_6,2019-09-26T03:59:36,2019-09-26T04:01:16,S1A_IW_GRDH_1SDV_20190926T040051_20190926T040116_029187_035080_972D.SAFE,640,640,30.13657072,31.49082685,30.00374273,31.51148641,29.97886384,31.39609997,30.11169184,31.37544041,30.08373602,31.39003711,30.08083041,31.39048904,30.0799752,31.38652263,30.08288081,31.3860707,145,585,159,607,308
ow,ow-0734.jpg,ow-0734.xml,ow-0734-09-001732,S1_20190926_035936_040116_VV_6,2019-09-26T03:59:36,2019-09-26T04:01:16,S1A_IW_GRDH_1SDV_20190926T040051_20190926T040116_029187_035080_972D.SAFE,640,640,30.13657072,31.49082685,30.00374273,31.51148641,29.97886384,31.39609997,30.11169184,31.37544041,30.10052005,31.39227136,30.09678426,31.39285241,30.09612342,31.38978746,30.09985921,31.38920641,69,559,87,576,306
ow,ow-0735.jpg,ow-0735.xml,ow-0735-01-001733,S1_20190926_154755_154935_VV_0,2019-09-26T15:47:55,2019-09-26T15:49:35,S1B_IW_GRDH_1SDV_20190926T154820_20190926T154845_018211_0224A2_1533.SAFE,640,640,32.88112155,31.43322547,33.01338802,31.45388956,32.98848814,31.56945998,32.85622167,31.54879589,32.92492377,31.49961234,32.94331707,31.50248594,32.9409049,31.51368182,32.92251159,31.51080822,272,319,361,381,5518
ow,ow-0735.jpg,ow-0735.xml,ow-0735-02-001734,S1_20190926_154755_154935_VV_0,2019-09-26T15:47:55,2019-09-26T15:49:35,S1B_IW_GRDH_1SDV_20190926T154820_20190926T154845_018211_0224A2_1533.SAFE,640,640,32.88112155,31.43322547,33.01338802,31.45388956,32.98848814,31.56945998,32.85622167,31.54879589,32.97038643,31.46509047,32.97348642,31.46557479,32.97247487,31.47026983,32.96937487,31.46978552,450,96,465,122,390
ow,ow-0735.jpg,ow-0735.xml,ow-0735-03-001735,S1_20190926_154755_154935_VV_0,2019-09-26T15:47:55,2019-09-26T15:49:35,S1B_IW_GRDH_1SDV_20190926T154820_20190926T154845_018211_0224A2_1533.SAFE,640,640,32.88112155,31.43322547,33.01338802,31.45388956,32.98848814,31.56945998,32.85622167,31.54879589,32.93696181,31.48637383,32.95163512,31.48866625,32.94879498,31.5018485,32.93412167,31.49955608,315,238,386,311,5183
ow,ow-0735.jpg,ow-0735.xml,ow-0735-04-001736,S1_20190926_154755_154935_VV_0,2019-09-26T15:47:55,2019-09-26T15:49:35,S1B_IW_GRDH_1SDV_20190926T154820_20190926T154845_018211_0224A2_1533.SAFE,640,640,32.88112155,31.43322547,33.01338802,31.45388956,32.98848814,31.56945998,32.85622167,31.54879589,32.96382594,31.49355734,32.9665126,31.49397708,32.96526761,31.4997556,32.96258094,31.49933586,448,254,461,286,416
ow,ow-0735.jpg,ow-0735.xml,ow-0735-05-001737,S1_20190926_154755_154935_VV_0,2019-09-26T15:47:55,2019-09-26T15:49:35,S1B_IW_GRDH_1SDV_20190926T154820_20190926T154845_018211_0224A2_1533.SAFE,640,640,32.88112155,31.43322547,33.01338802,31.45388956,32.98848814,31.56945998,32.85622167,31.54879589,32.99009469,31.48664856,32.99236802,31.48700373,32.99194006,31.48899009,32.98966673,31.48863493,564,195,575,206,121
ow,ow-0736.jpg,ow-0736.xml,ow-0736-01-001738,S1_20190926_154755_154935_VV_1,2019-09-26T15:47:55,2019-09-26T15:49:35,S1B_IW_GRDH_1SDV_20190926T154820_20190926T154845_018211_0224A2_1533.SAFE,640,640,32.70707572,31.43861522,32.83922252,31.45956007,32.81398495,31.57514598,32.68183815,31.55420113,32.76124178,31.48307617,32.77301111,31.48494157,32.77064509,31.49577775,32.75887576,31.49391235,299,192,356,252,3420
ow,ow-0736.jpg,ow-0736.xml,ow-0736-02-001739,S1_20190926_154755_154935_VV_1,2019-09-26T15:47:55,2019-09-26T15:49:35,S1B_IW_GRDH_1SDV_20190926T154820_20190926T154845_018211_0224A2_1533.SAFE,640,640,32.70707572,31.43861522,32.83922252,31.45956007,32.81398495,31.57514598,32.68183815,31.55420113,32.76012614,31.49112088,32.76735292,31.4922663,32.76514463,31.50238007,32.75791785,31.50123465,302,236,337,292,1960
ow,ow-0736.jpg,ow-0736.xml,ow-0736-03-001740,S1_20190926_154755_154935_VV_1,2019-09-26T15:47:55,2019-09-26T15:49:35,S1B_IW_GRDH_1SDV_20190926T154820_20190926T154845_018211_0224A2_1533.SAFE,640,640,32.70707572,31.43861522,32.83922252,31.45956007,32.81398495,31.57514598,32.68183815,31.55420113,32.7582262,31.49493051,32.76504002,31.49601048,32.7627923,31.50630485,32.75597848,31.50522488,297,258,330,315,1881
ow,ow-0737.jpg,ow-0737.xml,ow-0737-01-001741,S1_20190926_154755_154935_VV_2,2019-09-26T15:47:55,2019-09-26T15:49:35,S1B_IW_GRDH_1SDV_20190926T154820_20190926T154845_018211_0224A2_1533.SAFE,640,640,32.41635032,31.47736943,32.54923262,31.49856696,32.52361245,31.61416006,32.39073015,31.59296253,32.45284322,31.54452685,32.4578263,31.54532175,32.4556646,31.55507492,32.45068152,31.55428002,239,328,263,382,1296
ow,ow-0737.jpg,ow-0737.xml,ow-0737-02-001742,S1_20190926_154755_154935_VV_2,2019-09-26T15:47:55,2019-09-26T15:49:35,S1B_IW_GRDH_1SDV_20190926T154820_20190926T154845_018211_0224A2_1533.SAFE,640,640,32.41635032,31.47736943,32.54923262,31.49856696,32.52361245,31.61416006,32.39073015,31.59296253,32.48158885,31.53994938,32.48844059,31.54104237,32.48711955,31.54700264,32.48026781,31.54590965,368,279,401,312,1089
ow,ow-0738.jpg,ow-0738.xml,ow-0738-01-001743,S1_20190926_154755_154935_VV_3,2019-09-26T15:47:55,2019-09-26T15:49:35,S1B_IW_GRDH_1SDV_20190926T154820_20190926T154845_018211_0224A2_1533.SAFE,640,640,32.13170158,31.59318001,32.26452082,31.61452184,32.23872801,31.73012062,32.10590877,31.70877879,32.18478768,31.6597107,32.18644793,31.65997747,32.185521,31.6641318,32.18386076,31.66386503,316,310,324,333,184
ow,ow-0739.jpg,ow-0739.xml,ow-0739-01-001744,S1_20190926_154755_154935_VV_4,2019-09-26T15:47:55,2019-09-26T15:49:35,S1B_IW_GRDH_1SDV_20190926T154820_20190926T154845_018211_0224A2_1533.SAFE,640,640,32.22153185,31.78984849,32.35435109,31.81119031,32.32855828,31.92678909,32.19573904,31.90544727,32.26779772,31.85322519,32.27962693,31.85512595,32.27636253,31.86975642,32.26453331,31.86785566,281,299,338,380,4617
ow,ow-0740.jpg,ow-0740.xml,ow-0740-01-001745,S1_20190927_035049_035228_VV_3,2019-09-27T03:50:49,2019-09-27T03:52:28,S1B_IW_GRDH_1SDV_20190927T035114_20190927T035139_018218_0224DC_067F.SAFE,640,640,32.11575394,33.96610538,31.97978976,33.98605041,31.95524881,33.87080495,32.09121299,33.85085991,32.03795021,33.92069568,32.03391377,33.9212878,32.03276341,33.91588567,32.03679985,33.91529355,311,306,330,336,570
ow,ow-0741.jpg,ow-0741.xml,ow-0741-01-001746,S1_20190927_035049_035228_VV_4,2019-09-27T03:50:49,2019-09-27T03:52:28,S1B_IW_GRDH_1SDV_20190927T035114_20190927T035139_018218_0224DC_067F.SAFE,640,640,31.69212574,33.82587161,31.55597456,33.84536746,31.53198543,33.73015298,31.66813662,33.71065713,31.65473761,33.78098465,31.54581666,33.79658133,31.54240571,33.78019927,31.65132665,33.76460259,128,271,640,362,46592
ow,ow-0742.jpg,ow-0742.xml,ow-0742-01-001747,S1_20190927_035049_035228_VV_5,2019-09-27T03:50:49,2019-09-27T03:52:28,S1B_IW_GRDH_1SDV_20190927T035139_20190927T035204_018218_0224DC_E6A4.SAFE,640,640,31.27116437,31.70351147,31.13812467,31.72308361,31.1145247,31.6078371,31.24756441,31.58826496,31.19486216,31.67912115,31.19091254,31.67970219,31.1903963,31.67718118,31.19434591,31.67660013,333,192,352,206,266
ow,ow-0742.jpg,ow-0742.xml,ow-0742-02-001748,S1_20190927_035049_035228_VV_5,2019-09-27T03:50:49,2019-09-27T03:52:28,S1B_IW_GRDH_1SDV_20190927T035139_20190927T035204_018218_0224DC_E6A4.SAFE,640,640,31.27116437,31.70351147,31.13812467,31.72308361,31.1145247,31.6078371,31.24756441,31.58826496,31.20619439,31.68635789,31.19580066,31.68788696,31.19163379,31.66753875,31.20202752,31.66600968,287,144,337,257,5650
ow,ow-0742.jpg,ow-0742.xml,ow-0742-03-001749,S1_20190927_035049_035228_VV_5,2019-09-27T03:50:49,2019-09-27T03:52:28,S1B_IW_GRDH_1SDV_20190927T035139_20190927T035204_018218_0224DC_E6A4.SAFE,640,640,31.27116437,31.70351147,31.13812467,31.72308361,31.1145247,31.6078371,31.24756441,31.58826496,31.19830715,31.62797351,31.1945654,31.62852398,31.19353291,31.62348194,31.19727465,31.62293148,268,465,286,493,504
ow,ow-0742.jpg,ow-0742.xml,ow-0742-04-001750,S1_20190927_035049_035228_VV_5,2019-09-27T03:50:49,2019-09-27T03:52:28,S1B_IW_GRDH_1SDV_20190927T035139_20190927T035204_018218_0224DC_E6A4.SAFE,640,640,31.27116437,31.70351147,31.13812467,31.72308361,31.1145247,31.6078371,31.24756441,31.58826496,31.19538353,31.62729063,31.19081029,31.62796343,31.18974091,31.62274132,31.19431415,31.62206853,281,471,303,500,638
ow,ow-0742.jpg,ow-0742.xml,ow-0742-05-001751,S1_20190927_035049_035228_VV_5,2019-09-27T03:50:49,2019-09-27T03:52:28,S1B_IW_GRDH_1SDV_20190927T035139_20190927T035204_018218_0224DC_E6A4.SAFE,640,640,31.27116437,31.70351147,31.13812467,31.72308361,31.1145247,31.6078371,31.24756441,31.58826496,31.18921779,31.62541524,31.18277368,31.62636327,31.18148306,31.62006072,31.18792717,31.6191127,308,486,339,521,1085
ow,ow-0743.jpg,ow-0743.xml,ow-0743-01-001752,S1_20190927_154017_154157_VV_0,2019-09-27T15:40:17,2019-09-27T15:41:57,S1A_IW_GRDH_1SDV_20190927T154107_20190927T154132_029209_035141_8445.SAFE,640,640,34.93041737,33.62377731,35.06637548,33.64386317,35.04164572,33.75912705,34.9056876,33.73904119,34.96755478,33.62944964,35.03829548,33.63990056,35.02562148,33.6989733,34.95488077,33.68852238,175,1,508,329,109224
ow,ow-0744.jpg,ow-0744.xml,ow-0744-01-001753,S1_20190927_154017_154157_VV_1,2019-09-27T15:40:17,2019-09-27T15:41:57,S1A_IW_GRDH_1SDV_20190927T154107_20190927T154132_029209_035141_8445.SAFE,640,640,35.06641668,33.70578571,35.20291575,33.72569558,35.1783132,33.84094171,35.04181413,33.82103184,35.11096457,33.75053341,35.1337855,33.75386209,35.12582812,33.79113702,35.10300718,33.78780833,246,206,353,413,22149
ow,ow-0745.jpg,ow-0745.xml,ow-0745-01-001754,S1_20190927_154017_154157_VV_2,2019-09-27T15:40:17,2019-09-27T15:41:57,S1A_IW_GRDH_1SDV_20190927T154132_20190927T154157_029209_035141_93D0.SAFE,640,640,35.42310731,34.23339999,35.55979894,34.25284988,35.53576332,34.36806509,35.39907169,34.3486152,35.47385439,34.27899189,35.49307665,34.28172704,35.48477685,34.32151229,35.46555459,34.31877715,274,207,364,428,19890
ow,ow-0745.jpg,ow-0745.xml,ow-0745-02-001755,S1_20190927_154017_154157_VV_2,2019-09-27T15:40:17,2019-09-27T15:41:57,S1A_IW_GRDH_1SDV_20190927T154132_20190927T154157_029209_035141_93D0.SAFE,640,640,35.42310731,34.23339999,35.55979894,34.25284988,35.53576332,34.36806509,35.39907169,34.3486152,35.46794383,34.32208299,35.4705068,34.32244768,35.46971813,34.32622818,35.46715516,34.32586349,288,444,300,465,252
ow,ow-0746.jpg,ow-0746.xml,ow-0746-01-001756,S1_20190927_154017_154157_VV_3,2019-09-27T15:40:17,2019-09-27T15:41:57,S1A_IW_GRDH_1SDV_20190927T154132_20190927T154157_029209_035141_93D0.SAFE,640,640,35.52449052,34.49082411,35.66230267,34.50989924,35.63870321,34.62509326,35.50089106,34.60601812,35.60128804,34.54939345,35.6215292,34.55219511,35.60984009,34.60925215,35.58959893,34.60645049,401,259,495,576,29798
ow,ow-0746.jpg,ow-0746.xml,ow-0746-02-001757,S1_20190927_154017_154157_VV_3,2019-09-27T15:40:17,2019-09-27T15:41:57,S1A_IW_GRDH_1SDV_20190927T154132_20190927T154157_029209_035141_93D0.SAFE,640,640,35.52449052,34.49082411,35.66230267,34.50989924,35.63870321,34.62509326,35.50089106,34.60601812,35.54886264,34.50696907,35.57341043,34.51036683,35.56400752,34.55626445,35.53945973,34.55286669,125,69,239,324,29070
ow,ow-0746.jpg,ow-0746.xml,ow-0746-03-001758,S1_20190927_154017_154157_VV_3,2019-09-27T15:40:17,2019-09-27T15:41:57,S1A_IW_GRDH_1SDV_20190927T154132_20190927T154157_029209_035141_93D0.SAFE,640,640,35.52449052,34.49082411,35.66230267,34.50989924,35.63870321,34.62509326,35.50089106,34.60601812,35.50958432,34.57871683,35.51712093,34.57976,35.51590408,34.5856997,35.50836748,34.58465652,14,486,49,519,1155
ow,ow-0747.jpg,ow-0747.xml,ow-0747-01-001759,S1_20190928_034306_034446_VV_0,2019-09-28T03:43:06,2019-09-28T03:44:46,S1A_IW_GRDH_1SDV_20190928T034331_20190928T034356_029216_035188_442B.SAFE,640,640,35.42701378,34.61202002,35.28958495,34.6331104,35.26323106,34.51776759,35.40065988,34.49667721,35.33613374,34.5313898,35.32582658,34.53297158,35.32034992,34.5090019,35.33065708,34.50742012,326,507,374,640,6384
ow,ow-0747.jpg,ow-0747.xml,ow-0747-02-001760,S1_20190928_034306_034446_VV_0,2019-09-28T03:43:06,2019-09-28T03:44:46,S1A_IW_GRDH_1SDV_20190928T034331_20190928T034356_029216_035188_442B.SAFE,640,640,35.42701378,34.61202002,35.28958495,34.6331104,35.26323106,34.51776759,35.40065988,34.49667721,35.28796516,34.58224634,35.27830219,34.58372926,35.27064309,34.55020775,35.28030606,34.54872483,595,274,640,460,8370
ow,ow-0747.jpg,ow-0747.xml,ow-0747-03-001761,S1_20190928_034306_034446_VV_0,2019-09-28T03:43:06,2019-09-28T03:44:46,S1A_IW_GRDH_1SDV_20190928T034331_20190928T034356_029216_035188_442B.SAFE,640,640,35.42701378,34.61202002,35.28958495,34.6331104,35.26323106,34.51776759,35.40065988,34.49667721,35.39208061,34.58753421,35.3577234,34.5928068,35.34466999,34.53567607,35.3790272,34.53040347,132,160,292,477,50720
ow,ow-0748.jpg,ow-0748.xml,ow-0748-01-001762,S1_20190928_034306_034446_VV_1,2019-09-28T03:43:06,2019-09-28T03:44:46,S1A_IW_GRDH_1SDV_20190928T034331_20190928T034356_029216_035188_442B.SAFE,640,640,35.63486542,34.5791286,35.49750886,34.60037524,35.47096074,34.48502841,35.6083173,34.46378177,35.5481716,34.52982559,35.54409383,34.53045635,35.54313976,34.52631108,35.54721753,34.52568032,339,336,358,359,437
ow,ow-0748.jpg,ow-0748.xml,ow-0748-02-001763,S1_20190928_034306_034446_VV_1,2019-09-28T03:43:06,2019-09-28T03:44:46,S1A_IW_GRDH_1SDV_20190928T034331_20190928T034356_029216_035188_442B.SAFE,640,640,35.63486542,34.5791286,35.49750886,34.60037524,35.47096074,34.48502841,35.6083173,34.46378177,35.56157182,34.53783169,35.55706481,34.53852885,35.55391222,34.52483141,35.55841923,34.52413426,287,282,308,358,1596
ow,ow-0749.jpg,ow-0749.xml,ow-0749-01-001764,S1_20190928_034306_034446_VV_2,2019-09-28T03:43:06,2019-09-28T03:44:46,S1A_IW_GRDH_1SDV_20190928T034331_20190928T034356_029216_035188_442B.SAFE,640,640,35.36954471,34.50149367,35.23310131,34.52260234,35.20632777,34.40732923,35.34277117,34.38622055,35.30197148,34.4901171,35.29024588,34.49193112,35.27673361,34.43375422,35.28845921,34.4319402,294,117,349,440,17765
ow,ow-0750.jpg,ow-0750.xml,ow-0750-01-001765,S1_20190928_034306_034446_VV_4,2019-09-28T03:43:06,2019-09-28T03:44:46,S1A_IW_GRDH_1SDV_20190928T034331_20190928T034356_029216_035188_442B.SAFE,640,640,34.10811587,34.61114766,33.97100566,34.63070735,33.9461488,34.51550052,34.083259,34.49594083,34.03470698,34.56465568,34.02035326,34.56670334,34.01934345,34.56202306,34.03369717,34.5599754,287,307,354,333,1742
ow,ow-0751.jpg,ow-0751.xml,ow-0751-01-001766,S1_20190928_034306_034446_VV_7,2019-09-28T03:43:06,2019-09-28T03:44:46,S1A_IW_GRDH_1SDV_20190928T034331_20190928T034356_029216_035188_442B.SAFE,640,640,35.08199544,33.72892103,34.94644455,33.74989738,34.92043963,33.63454762,35.05599052,33.61357127,35.05652481,33.69760995,34.95189646,33.71380107,34.94011299,33.66153321,35.04474133,33.64534209,84,189,578,479,143260
ow,ow-0752.jpg,ow-0752.xml,ow-0752-01-001767,S1_20190928_153137_153317_VV_1,2019-09-28T15:31:37,2019-09-28T15:33:17,S1B_IW_GRDH_1SDV_20190928T153227_20190928T153252_018240_022588_126E.SAFE,640,640,35.48300111,34.38684145,35.62034201,34.40823677,35.59305885,34.5234774,35.45571796,34.50208208,35.53077493,34.45290899,35.53506683,34.45357759,35.53378794,34.4589795,35.52949603,34.45831089,285,314,305,344,600
ow,ow-0752.jpg,ow-0752.xml,ow-0752-02-001768,S1_20190928_153137_153317_VV_1,2019-09-28T15:31:37,2019-09-28T15:33:17,S1B_IW_GRDH_1SDV_20190928T153227_20190928T153252_018240_022588_126E.SAFE,640,640,35.48300111,34.38684145,35.62034201,34.40823677,35.59305885,34.5234774,35.45571796,34.50208208,35.53995411,34.45079156,35.54703575,34.45189476,35.54618315,34.45549603,35.53910151,34.45439283,324,295,357,315,660
ow,ow-0753.jpg,ow-0753.xml,ow-0753-01-001769,S1_20190928_153137_153317_VV_2,2019-09-28T15:31:37,2019-09-28T15:33:17,S1B_IW_GRDH_1SDV_20190928T153227_20190928T153252_018240_022588_126E.SAFE,640,640,35.43129603,34.53131275,35.56856524,34.55286417,35.54108718,34.66810663,35.40381797,34.64655521,35.43257517,34.56980903,35.46646351,34.57512954,35.46165485,34.59529697,35.42776651,34.58997646,47,205,205,317,17696
ow,ow-0753.jpg,ow-0753.xml,ow-0753-02-001770,S1_20190928_153137_153317_VV_2,2019-09-28T15:31:37,2019-09-28T15:33:17,S1B_IW_GRDH_1SDV_20190928T153227_20190928T153252_018240_022588_126E.SAFE,640,640,35.43129603,34.53131275,35.56856524,34.55286417,35.54108718,34.66810663,35.40381797,34.64655521,35.4918947,34.61125309,35.5478748,34.62004203,35.5440107,34.636248,35.4880306,34.62745906,358,377,619,467,23490
ow,ow-0753.jpg,ow-0753.xml,ow-0753-03-001771,S1_20190928_153137_153317_VV_2,2019-09-28T15:31:37,2019-09-28T15:33:17,S1B_IW_GRDH_1SDV_20190928T153227_20190928T153252_018240_022588_126E.SAFE,640,640,35.43129603,34.53131275,35.56856524,34.55286417,35.54108718,34.66810663,35.40381797,34.64655521,35.44273721,34.59344772,35.46096827,34.59631002,35.45822047,34.60783427,35.4399894,34.60497197,118,323,203,387,5440
ow,ow-0754.jpg,ow-0754.xml,ow-0754-01-001772,S1_20191001_155619_155644_VV_6,2019-10-01T15:56:19,2019-10-01T15:56:44,S1B_IW_GRDH_1SDV_20191001T155619_20191001T155644_018284_0226F2_D309.SAFE,640,640,30.13660654,31.33835719,30.2688173,31.35974019,30.24317848,31.47489835,30.11096772,31.45351535,30.17880146,31.42664438,30.18128041,31.42704531,30.18039908,31.43100388,30.17792012,31.43060294,289,437,301,459,264
ow,ow-0754.jpg,ow-0754.xml,ow-0754-02-001773,S1_20191001_155619_155644_VV_6,2019-10-01T15:56:19,2019-10-01T15:56:44,S1B_IW_GRDH_1SDV_20191001T155619_20191001T155644_018284_0226F2_D309.SAFE,640,640,30.13660654,31.33835719,30.2688173,31.35974019,30.24317848,31.47489835,30.11096772,31.45351535,30.16520781,31.45501769,30.18462627,31.45815832,30.18310396,31.46499583,30.16368551,31.4618552,255,601,349,639,3572
ow,ow-0754.jpg,ow-0754.xml,ow-0754-03-001774,S1_20191001_155619_155644_VV_6,2019-10-01T15:56:19,2019-10-01T15:56:44,S1B_IW_GRDH_1SDV_20191001T155619_20191001T155644_018284_0226F2_D309.SAFE,640,640,30.13660654,31.33835719,30.2688173,31.35974019,30.24317848,31.47489835,30.11096772,31.45351535,30.1799675,31.37911104,30.18306619,31.3796122,30.18218485,31.38357077,30.17908616,31.3830696,245,181,260,203,330
ow,ow-0754.jpg,ow-0754.xml,ow-0754-04-001775,S1_20191001_155619_155644_VV_6,2019-10-01T15:56:19,2019-10-01T15:56:44,S1B_IW_GRDH_1SDV_20191001T155619_20191001T155644_018284_0226F2_D309.SAFE,640,640,30.13660654,31.33835719,30.2688173,31.35974019,30.24317848,31.47489835,30.11096772,31.45351535,30.12462319,31.45274128,30.1275153,31.45320904,30.12687433,31.45608799,30.12398222,31.45562024,63,624,77,640,224
ow,ow-0754.jpg,ow-0754.xml,ow-0754-05-001776,S1_20191001_155619_155644_VV_6,2019-10-01T15:56:19,2019-10-01T15:56:44,S1B_IW_GRDH_1SDV_20191001T155619_20191001T155644_018284_0226F2_D309.SAFE,640,640,30.13660654,31.33835719,30.2688173,31.35974019,30.24317848,31.47489835,30.11096772,31.45351535,30.13861011,31.36011883,30.16546542,31.36446225,30.15745329,31.40044917,30.13059798,31.39610575,32,115,162,315,26000
ow,ow-0754.jpg,ow-0754.xml,ow-0754-06-001777,S1_20191001_155619_155644_VV_6,2019-10-01T15:56:19,2019-10-01T15:56:44,S1B_IW_GRDH_1SDV_20191001T155619_20191001T155644_018284_0226F2_D309.SAFE,640,640,30.13660654,31.33835719,30.2688173,31.35974019,30.24317848,31.47489835,30.11096772,31.45351535,30.24176609,31.39376633,30.24817005,31.39480207,30.24716853,31.39930043,30.24076457,31.3982647,549,206,580,231,775
ow,ow-0755.jpg,ow-0755.xml,ow-0755-01-001778,S1_20191001_155619_155644_VV_7,2019-10-01T15:56:19,2019-10-01T15:56:44,S1B_IW_GRDH_1SDV_20191001T155619_20191001T155644_018284_0226F2_D309.SAFE,640,640,31.37501605,31.54351345,31.50720728,31.56397066,31.48271658,31.67906152,31.35052535,31.65860431,31.42869111,31.60308731,31.43509412,31.6040782,31.43268332,31.61540746,31.42628031,31.61441656,311,276,342,339,1953
ow,ow-0756.jpg,ow-0756.xml,ow-0756-01-001779,S1_20191001_155619_155644_VV_8,2019-10-01T15:56:19,2019-10-01T15:56:44,S1B_IW_GRDH_1SDV_20191001T155619_20191001T155644_018284_0226F2_D309.SAFE,640,640,30.80004329,31.56152657,30.93223452,31.58198377,30.90774383,31.69707463,30.7755526,31.67661742,30.85209594,31.62772215,30.85560727,31.62826554,30.85495673,31.63132264,30.8514454,31.63077925,310,313,327,330,289
ow,ow-0757.jpg,ow-0757.xml,ow-0757-01-001780,S1_20191001_155619_155644_VV_9,2019-10-01T15:56:19,2019-10-01T15:56:44,S1B_IW_GRDH_1SDV_20191001T155619_20191001T155644_018284_0226F2_D309.SAFE,640,640,30.63632103,31.55077977,30.76897745,31.57161348,30.7439652,31.68674178,30.61130878,31.66590807,30.68391994,31.61090047,30.70962212,31.614937,30.70743355,31.62501073,30.68173137,31.6209742,283,283,407,339,6944
ow,ow-0757.jpg,ow-0757.xml,ow-0757-02-001781,S1_20191001_155619_155644_VV_9,2019-10-01T15:56:19,2019-10-01T15:56:44,S1B_IW_GRDH_1SDV_20191001T155619_20191001T155644_018284_0226F2_D309.SAFE,640,640,30.63632103,31.55077977,30.76897745,31.57161348,30.7439652,31.68674178,30.61130878,31.66590807,30.67399935,31.61808565,30.67710849,31.61857394,30.67636594,31.62199181,30.6732568,31.62150352,244,330,259,349,285
ow,ow-0758.jpg,ow-0758.xml,ow-0758-01-001782,S1_20191001_155619_155644_VV_10,2019-10-01T15:56:19,2019-10-01T15:56:44,S1B_IW_GRDH_1SDV_20191001T155619_20191001T155644_018284_0226F2_D309.SAFE,640,640,30.02103579,31.4946537,30.15322702,31.51511091,30.12873632,31.63020177,29.99654509,31.60974456,30.08027063,31.57422035,30.08316231,31.57466786,30.08220564,31.57916359,30.07931396,31.57871609,357,379,371,404,350
ow,ow-0758.jpg,ow-0758.xml,ow-0758-02-001783,S1_20191001_155619_155644_VV_10,2019-10-01T15:56:19,2019-10-01T15:56:44,S1B_IW_GRDH_1SDV_20191001T155619_20191001T155644_018284_0226F2_D309.SAFE,640,640,30.02103579,31.4946537,30.15322702,31.51511091,30.12873632,31.63020177,29.99654509,31.60974456,30.12750389,31.55478172,30.13039557,31.55522922,30.12913277,31.56116359,30.12624109,31.56071609,559,235,573,268,462
ow,ow-0759.jpg,ow-0759.xml,ow-0759-01-001784,S1_20191001_155619_155644_VV_11,2019-10-01T15:56:19,2019-10-01T15:56:44,S1B_IW_GRDH_1SDV_20191001T155619_20191001T155644_018284_0226F2_D309.SAFE,640,640,31.39408508,31.79170535,31.52730235,31.81170484,31.50327491,31.92667466,31.37005765,31.90667516,31.44915761,31.86204085,31.45456957,31.86285333,31.45336819,31.86860182,31.44795624,31.86778934,325,335,351,367,832
ow,ow-0759.jpg,ow-0759.xml,ow-0759-02-001785,S1_20191001_155619_155644_VV_11,2019-10-01T15:56:19,2019-10-01T15:56:44,S1B_IW_GRDH_1SDV_20191001T155619_20191001T155644_018284_0226F2_D309.SAFE,640,640,31.39408508,31.79170535,31.52730235,31.81170484,31.50327491,31.92667466,31.37005765,31.90667516,31.44116231,31.86639884,31.45198622,31.8680238,31.45044696,31.87538905,31.43962306,31.87376409,292,365,344,406,2132
ow,ow-0760.jpg,ow-0760.xml,ow-0760-01-001786,S1_20191001_155650_155744_VV_0,2019-10-01T15:56:50,2019-10-01T15:57:44,S1B_IW_GRDH_1SDV_20191001T155650_20191001T155719_018284_0226F3_A521.SAFE,2902,2902,30.78112787,32.37865463,31.39018167,32.47058625,31.27809575,32.99463653,30.66904196,32.90270491,30.9217047,32.40005995,30.99893826,32.41171771,30.96958427,32.54896038,30.89235071,32.53730261,670,1,1038,761,279680
ow,ow-0760.jpg,ow-0760.xml,ow-0760-02-001787,S1_20191001_155650_155744_VV_0,2019-10-01T15:56:50,2019-10-01T15:57:44,S1B_IW_GRDH_1SDV_20191001T155650_20191001T155719_018284_0226F3_A521.SAFE,2902,2902,30.78112787,32.37865463,31.39018167,32.47058625,31.27809575,32.99463653,30.66904196,32.90270491,30.87556505,32.55601997,30.90746587,32.56083513,30.89166879,32.63469336,30.85976797,32.62987819,611,875,763,1284,62168
ow,ow-0760.jpg,ow-0760.xml,ow-0760-03-001788,S1_20191001_155650_155744_VV_0,2019-10-01T15:56:50,2019-10-01T15:57:44,S1B_IW_GRDH_1SDV_20191001T155650_20191001T155719_018284_0226F3_A521.SAFE,2902,2902,30.78112787,32.37865463,31.39018167,32.47058625,31.27809575,32.99463653,30.66904196,32.90270491,30.84947115,32.48049896,30.93090219,32.4927903,30.85786481,32.83427172,30.77643378,32.82198038,416,491,804,2382,733708
ow,ow-0760.jpg,ow-0760.xml,ow-0760-04-001789,S1_20191001_155650_155744_VV_0,2019-10-01T15:56:50,2019-10-01T15:57:44,S1B_IW_GRDH_1SDV_20191001T155650_20191001T155719_018284_0226F3_A521.SAFE,2902,2902,30.78112787,32.37865463,31.39018167,32.47058625,31.27809575,32.99463653,30.66904196,32.90270491,30.9120505,32.39860273,30.96430908,32.40649073,30.94611733,32.49154506,30.89385875,32.48365706,624,1,873,472,117279
ow,ow-0761.jpg,ow-0761.xml,ow-0761-01-001790,S1_20191001_155650_155744_VV_1,2019-10-01T15:56:50,2019-10-01T15:57:44,S1B_IW_GRDH_1SDV_20191001T155650_20191001T155719_018284_0226F3_A521.SAFE,640,640,31.40696647,33.93171403,31.54337569,33.95112918,31.51938412,34.06660573,31.3829749,34.04719058,31.45338052,33.99349313,31.47639958,33.99676944,31.47445026,34.00615191,31.45143121,34.0028756,270,297,378,349,5616
ow,ow-0762.jpg,ow-0762.xml,ow-0762-01-001791,S1_20191002_035859_040038_VV_0,2019-10-02T03:58:59,2019-10-02T04:00:38,S1B_IW_GRDH_1SDV_20191002T035949_20191002T040014_018291_022738_5054.SAFE,4130,4130,31.33316516,32.68651082,30.46864794,32.82316476,30.30243138,32.07886088,31.1669486,31.94220694,31.13286774,32.64260664,30.88565349,32.68168371,30.78813709,32.24501342,31.03535134,32.20593635,879,405,2060,2828,2861563
ow,ow-0762.jpg,ow-0762.xml,ow-0762-02-001792,S1_20191002_035859_040038_VV_0,2019-10-02T03:58:59,2019-10-02T04:00:38,S1B_IW_GRDH_1SDV_20191002T035949_20191002T040014_018291_022738_5054.SAFE,4130,4130,31.33316516,32.68651082,30.46864794,32.82316476,30.30243138,32.07886088,31.1669486,31.94220694,31.19728679,32.23332815,31.04531596,32.25735012,31.02740643,32.17715273,31.17937725,32.15313075,160,2544,886,2989,323070
ow,ow-0763.jpg,ow-0763.xml,ow-0763-01-001793,S1_20191002_035859_040038_VV_1,2019-10-02T03:58:59,2019-10-02T04:00:38,S1B_IW_GRDH_1SDV_20191002T035924_20191002T035949_018291_022738_4C40.SAFE,640,640,31.15256921,34.27622963,31.01573949,34.29718629,30.9896957,34.18191336,31.12652542,34.1609567,31.09175771,34.23224834,31.05177778,34.23837161,31.04909201,34.22648409,31.08907195,34.22036082,230,286,417,352,12342
ow,ow-0764.jpg,ow-0764.xml,ow-0764-01-001794,S1_20191002_035859_040038_VV_2,2019-10-02T03:58:59,2019-10-02T04:00:38,S1B_IW_GRDH_1SDV_20191002T035924_20191002T035949_018291_022738_4C40.SAFE,640,640,30.11019615,33.43880246,29.97487816,33.45892926,29.95022192,33.34366076,30.08553992,33.32353395,30.03622688,33.39386744,30.02311795,33.39581722,30.02115316,33.38663176,30.03426209,33.38468198,295,301,357,352,3162
ow,ow-0765.jpg,ow-0765.xml,ow-0765-01-001795,S1_20191002_154845_155025_VV_2,2019-10-02T15:48:45,2019-10-02T15:50:25,S1A_IW_GRDH_1SDV_20191002T154845_20191002T154910_029282_0353D1_FBA2.SAFE,640,640,33.11920966,31.32201684,33.25140937,31.34257721,33.22664354,31.45790568,33.09444383,31.4373453,33.17283505,31.38342935,33.17985815,31.38452162,33.17831029,31.39172965,33.17128718,31.39063738,313,285,347,325,1360
ow,ow-0766.jpg,ow-0766.xml,ow-0766-01-001796,S1_20191002_154845_155025_VV_3,2019-10-02T15:48:45,2019-10-02T15:50:25,S1A_IW_GRDH_1SDV_20191002T154845_20191002T154910_029282_0353D1_FBA2.SAFE,640,640,32.56994339,31.28472716,32.70190785,31.30583611,32.67648598,31.4211938,32.54452151,31.40008484,32.62432689,31.34791358,32.62721361,31.34837534,32.62558502,31.35576544,32.6226983,31.35530368,320,292,334,333,574
ow,ow-0767.jpg,ow-0767.xml,ow-0767-01-001797,S1_20191002_154845_155025_VV_4,2019-10-02T15:48:45,2019-10-02T15:50:25,S1A_IW_GRDH_1SDV_20191002T154845_20191002T154910_029282_0353D1_FBA2.SAFE,640,640,32.32816768,31.30565702,32.46007145,31.32690241,32.43448629,31.44226564,32.30258252,31.42102025,32.35701344,31.37097868,32.36051714,31.37154301,32.35891806,31.37875322,32.35541437,31.37818889,203,325,220,365,680
ow,ow-0767.jpg,ow-0767.xml,ow-0767-02-001798,S1_20191002_154845_155025_VV_4,2019-10-02T15:48:45,2019-10-02T15:50:25,S1A_IW_GRDH_1SDV_20191002T154845_20191002T154910_029282_0353D1_FBA2.SAFE,640,640,32.32816768,31.30565702,32.46007145,31.32690241,32.43448629,31.44226564,32.30258252,31.42102025,32.4019272,31.3696249,32.4054309,31.37018923,32.40479127,31.37307331,32.40128757,31.37250898,412,279,429,295,272
ow,ow-0767.jpg,ow-0767.xml,ow-0767-03-001799,S1_20191002_154845_155025_VV_4,2019-10-02T15:48:45,2019-10-02T15:50:25,S1A_IW_GRDH_1SDV_20191002T154845_20191002T154910_029282_0353D1_FBA2.SAFE,640,640,32.32816768,31.30565702,32.46007145,31.32690241,32.43448629,31.44226564,32.30258252,31.42102025,32.40805778,31.36893209,32.41011878,31.36926405,32.4095591,31.37178762,32.40749811,31.37145566,440,270,450,284,140
ow,ow-0767.jpg,ow-0767.xml,ow-0767-04-001800,S1_20191002_154845_155025_VV_4,2019-10-02T15:48:45,2019-10-02T15:50:25,S1A_IW_GRDH_1SDV_20191002T154845_20191002T154910_029282_0353D1_FBA2.SAFE,640,640,32.32816768,31.30565702,32.46007145,31.32690241,32.43448629,31.44226564,32.30258252,31.42102025,32.33895408,31.33017103,32.34142728,31.33056938,32.34006806,31.33669805,32.33759487,31.3362997,76,122,88,156,408
ow,ow-0768.jpg,ow-0768.xml,ow-0768-01-001801,S1_20191002_154845_155025_VV_5,2019-10-02T15:48:45,2019-10-02T15:50:25,S1A_IW_GRDH_1SDV_20191002T154845_20191002T154910_029282_0353D1_FBA2.SAFE,640,640,32.72313646,31.41849922,32.8560146,31.43943691,32.83078255,31.55479344,32.69790441,31.53385575,32.71918733,31.51707197,32.72313215,31.51769356,32.7221071,31.52237992,32.71816228,31.52175833,82,532,101,558,494
ow,ow-0768.jpg,ow-0768.xml,ow-0768-02-001802,S1_20191002_154845_155025_VV_5,2019-10-02T15:48:45,2019-10-02T15:50:25,S1A_IW_GRDH_1SDV_20191002T154845_20191002T154910_029282_0353D1_FBA2.SAFE,640,640,32.72313646,31.41849922,32.8560146,31.43943691,32.83078255,31.55479344,32.69790441,31.53385575,32.81262133,31.4473295,32.83462927,31.4507973,32.83151469,31.46503662,32.80950675,31.46156882,446,79,552,158,8374
ow,ow-0768.jpg,ow-0768.xml,ow-0768-03-001803,S1_20191002_154845_155025_VV_5,2019-10-02T15:48:45,2019-10-02T15:50:25,S1A_IW_GRDH_1SDV_20191002T154845_20191002T154910_029282_0353D1_FBA2.SAFE,640,640,32.72313646,31.41849922,32.8560146,31.43943691,32.83078255,31.55479344,32.69790441,31.53385575,32.81658358,31.50482316,32.82073603,31.50547746,32.8200658,31.50854162,32.81591336,31.50788732,523,384,543,401,340
ow,ow-0768.jpg,ow-0768.xml,ow-0768-04-001804,S1_20191002_154845_155025_VV_5,2019-10-02T15:48:45,2019-10-02T15:50:25,S1A_IW_GRDH_1SDV_20191002T154845_20191002T154910_029282_0353D1_FBA2.SAFE,640,640,32.72313646,31.41849922,32.8560146,31.43943691,32.83078255,31.55479344,32.69790441,31.53385575,32.76422083,31.49284319,32.78394493,31.49595113,32.7810669,31.50910898,32.7613428,31.50600104,267,364,362,437,6935
ow,ow-0769.jpg,ow-0769.xml,ow-0769-01-001805,S1_20191002_154845_155025_VV_6,2019-10-02T15:48:45,2019-10-02T15:50:25,S1A_IW_GRDH_1SDV_20191002T154845_20191002T154910_029282_0353D1_FBA2.SAFE,640,640,32.40475023,31.47933209,32.53750651,31.50054925,32.5119384,31.61591783,32.37918212,31.59470067,32.44351063,31.55253352,32.45388221,31.55419111,32.45320306,31.55725559,32.44283148,31.555598,256,359,306,376,850
ow,ow-0769.jpg,ow-0769.xml,ow-0769-02-001806,S1_20191002_154845_155025_VV_6,2019-10-02T15:48:45,2019-10-02T15:50:25,S1A_IW_GRDH_1SDV_20191002T154845_20191002T154910_029282_0353D1_FBA2.SAFE,640,640,32.40475023,31.47933209,32.53750651,31.50054925,32.5119384,31.61591783,32.37918212,31.59470067,32.45994536,31.55590672,32.46492372,31.55670236,32.46448427,31.55868526,32.45950591,31.55788962,336,363,360,374,264
ow,ow-0769.jpg,ow-0769.xml,ow-0769-03-001807,S1_20191002_154845_155025_VV_6,2019-10-02T15:48:45,2019-10-02T15:50:25,S1A_IW_GRDH_1SDV_20191002T154845_20191002T154910_029282_0353D1_FBA2.SAFE,640,640,32.40475023,31.47933209,32.53750651,31.50054925,32.5119384,31.61591783,32.37918212,31.59470067,32.46531555,31.55396526,32.47693172,31.55582176,32.47541361,31.56267177,32.46379744,31.56081527,359,348,415,386,2128
ow,ow-0770.jpg,ow-0770.xml,ow-0770-01-001808,S1_20191002_154845_155025_VV_7,2019-10-02T15:48:45,2019-10-02T15:50:25,S1A_IW_GRDH_1SDV_20191002T154845_20191002T154910_029282_0353D1_FBA2.SAFE,640,640,32.38450958,31.59581297,32.51732844,31.61689087,32.49192774,31.7322544,32.35910889,31.7111765,32.41735668,31.64952972,32.42441268,31.65064948,32.42274576,31.65822021,32.41568976,31.65710045,208,260,242,302,1428
ow,ow-0770.jpg,ow-0770.xml,ow-0770-02-001809,S1_20191002_154845_155025_VV_7,2019-10-02T15:48:45,2019-10-02T15:50:25,S1A_IW_GRDH_1SDV_20191002T154845_20191002T154910_029282_0353D1_FBA2.SAFE,640,640,32.38450958,31.59581297,32.51732844,31.61689087,32.49192774,31.7322544,32.35910889,31.7111765,32.41570511,31.69702543,32.42545899,31.69857334,32.42426834,31.70398101,32.41451445,31.7024331,249,516,296,546,1410
ow,ow-0770.jpg,ow-0770.xml,ow-0770-03-001810,S1_20191002_154845_155025_VV_7,2019-10-02T15:48:45,2019-10-02T15:50:25,S1A_IW_GRDH_1SDV_20191002T154845_20191002T154910_029282_0353D1_FBA2.SAFE,640,640,32.38450958,31.59581297,32.51732844,31.61689087,32.49192774,31.7322544,32.35910889,31.7111765,32.44957544,31.69829635,32.45331097,31.69888917,32.45263627,31.70195351,32.44890074,31.7013607,408,494,426,511,306
ow,ow-0770.jpg,ow-0770.xml,ow-0770-04-001811,S1_20191002_154845_155025_VV_7,2019-10-02T15:48:45,2019-10-02T15:50:25,S1A_IW_GRDH_1SDV_20191002T154845_20191002T154910_029282_0353D1_FBA2.SAFE,640,640,32.38450958,31.59581297,32.51732844,31.61689087,32.49192774,31.7322544,32.35910889,31.7111765,32.47352071,31.70172328,32.47601106,31.70211849,32.47529667,31.70536309,32.47280631,31.70496788,523,492,535,510,216
ow,ow-0770.jpg,ow-0770.xml,ow-0770-05-001812,S1_20191002_154845_155025_VV_7,2019-10-02T15:48:45,2019-10-02T15:50:25,S1A_IW_GRDH_1SDV_20191002T154845_20191002T154910_029282_0353D1_FBA2.SAFE,640,640,32.38450958,31.59581297,32.51732844,31.61689087,32.49192774,31.7322544,32.35910889,31.7111765,32.39057201,31.66094962,32.40406142,31.66309034,32.40211668,31.67192286,32.38862727,31.66978214,95,344,160,393,3185
ow,ow-0770.jpg,ow-0770.xml,ow-0770-06-001813,S1_20191002_154845_155025_VV_7,2019-10-02T15:48:45,2019-10-02T15:50:25,S1A_IW_GRDH_1SDV_20191002T154845_20191002T154910_029282_0353D1_FBA2.SAFE,640,640,32.38450958,31.59581297,32.51732844,31.61689087,32.49192774,31.7322544,32.35910889,31.7111765,32.49103486,31.63193322,32.51261792,31.63535838,32.50908564,31.65140112,32.48750258,31.64797597,533,103,637,192,9256
ow,ow-0770.jpg,ow-0770.xml,ow-0770-07-001814,S1_20191002_154845_155025_VV_7,2019-10-02T15:48:45,2019-10-02T15:50:25,S1A_IW_GRDH_1SDV_20191002T154845_20191002T154910_029282_0353D1_FBA2.SAFE,640,640,32.38450958,31.59581297,32.51732844,31.61689087,32.49192774,31.7322544,32.35910889,31.7111765,32.39662817,31.68709549,32.39974111,31.68758951,32.39898703,31.69101436,32.39587409,31.69052035,150,479,165,498,285
ow,ow-0771.jpg,ow-0771.xml,ow-0771-01-001815,S1_20191002_154845_155025_VV_8,2019-10-02T15:48:45,2019-10-02T15:50:25,S1A_IW_GRDH_1SDV_20191002T154845_20191002T154910_029282_0353D1_FBA2.SAFE,640,640,32.64942876,31.63761284,32.78236618,31.65841033,32.75730228,31.77376035,32.62436486,31.75296285,32.70125266,31.70256063,32.70810725,31.703633,32.70693238,31.70904003,32.70007779,31.70796766,307,305,340,335,990
ow,ow-0772.jpg,ow-0772.xml,ow-0772-01-001816,S1_20191002_154845_155025_VV_9,2019-10-02T15:48:45,2019-10-02T15:50:25,S1A_IW_GRDH_1SDV_20191002T154910_20191002T154935_029282_0353D1_55BD.SAFE;S1A_IW_GRDH_1SDV_20191002T154845_20191002T154910_029282_0353D1_FBA2.SAFE,640,640,32.50192927,31.68683001,32.63474812,31.70790791,32.60934743,31.82327144,32.47652857,31.80219354,32.54472911,31.69436841,32.54970982,31.69515883,32.54832072,31.70146778,32.54334001,31.70067736,207,4,231,39,840
ow,ow-0772.jpg,ow-0772.xml,ow-0772-02-001817,S1_20191002_154845_155025_VV_9,2019-10-02T15:48:45,2019-10-02T15:50:25,S1A_IW_GRDH_1SDV_20191002T154910_20191002T154935_029282_0353D1_55BD.SAFE;S1A_IW_GRDH_1SDV_20191002T154845_20191002T154910_029282_0353D1_FBA2.SAFE,640,640,32.50192927,31.68683001,32.63474812,31.70790791,32.60934743,31.82327144,32.47652857,31.80219354,32.53646428,31.69678789,32.54186004,31.69764418,32.54110596,31.70106904,32.53571019,31.70021275,171,24,197,43,494
ow,ow-0772.jpg,ow-0772.xml,ow-0772-03-001818,S1_20191002_154845_155025_VV_9,2019-10-02T15:48:45,2019-10-02T15:50:25,S1A_IW_GRDH_1SDV_20191002T154910_20191002T154935_029282_0353D1_55BD.SAFE;S1A_IW_GRDH_1SDV_20191002T154845_20191002T154910_029282_0353D1_FBA2.SAFE,640,640,32.50192927,31.68683001,32.63474812,31.70790791,32.60934743,31.82327144,32.47652857,31.80219354,32.5343331,31.75036378,32.54761499,31.75247157,32.54590838,31.76022255,32.53262649,31.75811476,216,313,280,356,2752
ow,ow-0773.jpg,ow-0773.xml,ow-0773-01-001819,S1_20191002_154845_155025_VV_10,2019-10-02T15:48:45,2019-10-02T15:50:25,S1A_IW_GRDH_1SDV_20191002T154910_20191002T154935_029282_0353D1_55BD.SAFE,640,640,32.28678037,31.71012521,32.41947408,31.73148164,32.39373843,31.84685576,32.26104472,31.82549934,32.37345593,31.73173174,32.38465196,31.73353368,32.38296306,31.74110511,32.37176703,31.73930316,426,41,480,83,2268
ow,ow-0773.jpg,ow-0773.xml,ow-0773-02-001820,S1_20191002_154845_155025_VV_10,2019-10-02T15:48:45,2019-10-02T15:50:25,S1A_IW_GRDH_1SDV_20191002T154910_20191002T154935_029282_0353D1_55BD.SAFE,640,640,32.28678037,31.71012521,32.41947408,31.73148164,32.39373843,31.84685576,32.26104472,31.82549934,32.36512264,31.8355274,32.36802531,31.83599457,32.36738192,31.83887892,32.36447925,31.83841175,495,604,509,620,224
ow,ow-0773.jpg,ow-0773.xml,ow-0773-03-001821,S1_20191002_154845_155025_VV_10,2019-10-02T15:48:45,2019-10-02T15:50:25,S1A_IW_GRDH_1SDV_20191002T154910_20191002T154935_029282_0353D1_55BD.SAFE,640,640,32.28678037,31.71012521,32.41947408,31.73148164,32.39373843,31.84685576,32.26104472,31.82549934,32.34166881,31.82801774,32.34519349,31.82858502,32.34434903,31.83237073,32.34082436,31.83180345,378,584,395,605,357
ow,ow-0773.jpg,ow-0773.xml,ow-0773-04-001822,S1_20191002_154845_155025_VV_10,2019-10-02T15:48:45,2019-10-02T15:50:25,S1A_IW_GRDH_1SDV_20191002T154910_20191002T154935_029282_0353D1_55BD.SAFE,640,640,32.28678037,31.71012521,32.41947408,31.73148164,32.39373843,31.84685576,32.26104472,31.82549934,32.30130657,31.8192807,32.30566058,31.81998146,32.30457486,31.8248488,32.30022085,31.82414804,181,572,202,599,567
ow,ow-0774.jpg,ow-0774.xml,ow-0774-01-001823,S1_20191002_154845_155025_VV_11,2019-10-02T15:48:45,2019-10-02T15:50:25,S1A_IW_GRDH_1SDV_20191002T154910_20191002T154935_029282_0353D1_55BD.SAFE,640,640,31.94819392,32.18826829,32.08176366,32.20960165,32.05587787,32.32495514,31.92230813,32.30362177,31.9998696,32.25085142,32.01134825,32.25268476,32.0090428,32.26295843,31.99756415,32.26112509,304,291,359,348,3135
ow,ow-0775.jpg,ow-0775.xml,ow-0775-01-001824,S1_20191002_154845_155025_VV_12,2019-10-02T15:48:45,2019-10-02T15:50:25,S1A_IW_GRDH_1SDV_20191002T154935_20191002T155000_029282_0353D1_AD9D.SAFE,640,640,32.5753844,34.02423606,32.71221267,34.04443322,32.6871691,34.15968297,32.55034083,34.1394858,32.59683384,34.07479491,32.67422734,34.08621893,32.66796644,34.11503137,32.59057295,34.10360735,147,255,509,415,57920
ow,ow-0776.jpg,ow-0776.xml,ow-0776-01-001825,S1_20191002_154845_155025_VV_13,2019-10-02T15:48:45,2019-10-02T15:50:25,S1A_IW_GRDH_1SDV_20191002T154935_20191002T155000_029282_0353D1_AD9D.SAFE,640,640,32.3328709,34.13388371,32.46949875,34.15454429,32.44388473,34.26981559,32.30725689,34.249155,32.32624231,34.21833036,32.33371414,34.21946024,32.33307379,34.22234202,32.32560196,34.22121214,55,459,90,475,560
ow,ow-0776.jpg,ow-0776.xml,ow-0776-02-001826,S1_20191002_154845_155025_VV_13,2019-10-02T15:48:45,2019-10-02T15:50:25,S1A_IW_GRDH_1SDV_20191002T154935_20191002T155000_029282_0353D1_AD9D.SAFE,640,640,32.3328709,34.13388371,32.46949875,34.15454429,32.44388473,34.26981559,32.30725689,34.249155,32.35093943,34.22336815,32.35414165,34.22385239,32.35354132,34.22655406,32.3503391,34.22606982,172,466,187,481,225
ow,ow-0776.jpg,ow-0776.xml,ow-0776-03-001827,S1_20191002_154845_155025_VV_13,2019-10-02T15:48:45,2019-10-02T15:50:25,S1A_IW_GRDH_1SDV_20191002T154935_20191002T155000_029282_0353D1_AD9D.SAFE,640,640,32.3328709,34.13388371,32.46949875,34.15454429,32.44388473,34.26981559,32.30725689,34.249155,32.34304054,34.21919508,32.34901801,34.22009898,32.34793742,34.22496199,32.34195995,34.22405809,132,450,160,477,756
ow,ow-0776.jpg,ow-0776.xml,ow-0776-04-001828,S1_20191002_154845_155025_VV_13,2019-10-02T15:48:45,2019-10-02T15:50:25,S1A_IW_GRDH_1SDV_20191002T154935_20191002T155000_029282_0353D1_AD9D.SAFE,640,640,32.3328709,34.13388371,32.46949875,34.15454429,32.44388473,34.26981559,32.30725689,34.249155,32.42773754,34.18062168,32.44993956,34.18397903,32.44853879,34.19028293,32.42633677,34.18692558,477,174,581,209,3640
ow,ow-0777.jpg,ow-0777.xml,ow-0777-01-001829,S1_20191003_035126_035307_VV_2,2019-10-03T03:51:26,2019-10-03T03:53:07,S1A_IW_GRDH_1SDV_20191003T035151_20191003T035216_029289_035408_EF44.SAFE,640,640,32.54974665,34.15932781,32.41350187,34.17954851,32.38853398,34.06424056,32.52477876,34.04401986,32.47931195,34.11715504,32.47633159,34.11759737,32.47574641,34.11489484,32.47872676,34.11445251,279,283,293,298,210
ow,ow-0777.jpg,ow-0777.xml,ow-0777-02-001830,S1_20191003_035126_035307_VV_2,2019-10-03T03:51:26,2019-10-03T03:53:07,S1A_IW_GRDH_1SDV_20191003T035151_20191003T035216_029289_035408_EF44.SAFE,640,640,32.54974665,34.15932781,32.41350187,34.17954851,32.38853398,34.06424056,32.52477876,34.04401986,32.47589909,34.11357047,32.45929426,34.11603486,32.45714858,34.10612559,32.47375341,34.10366119,291,305,369,360,4290
ow,ow-0778.jpg,ow-0778.xml,ow-0778-01-001831,S1_20191003_035126_035307_VV_3,2019-10-03T03:51:26,2019-10-03T03:53:07,S1A_IW_GRDH_1SDV_20191003T035151_20191003T035216_029289_035408_EF44.SAFE,640,640,32.74202061,34.09125434,32.60590601,34.11177802,32.58056618,33.99645515,32.71668078,33.97593147,32.67483238,34.05447232,32.63421068,34.06059735,32.62898434,34.03681201,32.66960604,34.03068698,269,252,460,384,25212
ow,ow-0778.jpg,ow-0778.xml,ow-0778-02-001832,S1_20191003_035126_035307_VV_3,2019-10-03T03:51:26,2019-10-03T03:53:07,S1A_IW_GRDH_1SDV_20191003T035151_20191003T035216_029289_035408_EF44.SAFE,640,640,32.74202061,34.09125434,32.60590601,34.11177802,32.58056618,33.99645515,32.71668078,33.97593147,32.69527682,34.03351811,32.67571035,34.03646839,32.67448295,34.03088243,32.69404942,34.02793215,155,348,247,379,2852
ow,ow-0779.jpg,ow-0779.xml,ow-0779-01-001833,S1_20191003_153951_154106_VV_0,2019-10-03T15:39:51,2019-10-03T15:41:06,S1B_IW_GRDH_1SDV_20191003T154016_20191003T154041_018313_0227F5_C52B.SAFE,640,640,34.51849671,31.85661197,34.6515689,31.87767582,34.62590368,31.99304432,34.4928315,31.97198048,34.53927989,31.90058291,34.55425051,31.90295259,34.55232562,31.91160523,34.537355,31.90923555,142,218,214,266,3456
ow,ow-0779.jpg,ow-0779.xml,ow-0779-02-001834,S1_20191003_153951_154106_VV_0,2019-10-03T15:39:51,2019-10-03T15:41:06,S1B_IW_GRDH_1SDV_20191003T154016_20191003T154041_018313_0227F5_C52B.SAFE,640,640,34.51849671,31.85661197,34.6515689,31.87767582,34.62590368,31.99304432,34.4928315,31.97198048,34.60305911,31.94576131,34.60576214,31.94618917,34.60512051,31.94907338,34.60241748,31.94864552,485,406,498,422,208
ow,ow-0779.jpg,ow-0779.xml,ow-0779-03-001835,S1_20191003_153951_154106_VV_0,2019-10-03T15:39:51,2019-10-03T15:41:06,S1B_IW_GRDH_1SDV_20191003T154016_20191003T154041_018313_0227F5_C52B.SAFE,640,640,34.51849671,31.85661197,34.6515689,31.87767582,34.62590368,31.99304432,34.4928315,31.97198048,34.60012591,31.94249785,34.60386856,31.94309027,34.60318683,31.94615475,34.59944418,31.94556233,468,391,486,408,306
ow,ow-0779.jpg,ow-0779.xml,ow-0779-04-001836,S1_20191003_153951_154106_VV_0,2019-10-03T15:39:51,2019-10-03T15:41:06,S1B_IW_GRDH_1SDV_20191003T154016_20191003T154041_018313_0227F5_C52B.SAFE,640,640,34.51849671,31.85661197,34.6515689,31.87767582,34.62590368,31.99304432,34.4928315,31.97198048,34.59713036,31.93661197,34.60087301,31.93720439,34.59995067,31.94135045,34.59620801,31.94075803,448,362,466,385,414
ow,ow-0780.jpg,ow-0780.xml,ow-0780-01-001837,S1_20191003_153951_154106_VV_1,2019-10-03T15:39:51,2019-10-03T15:41:06,S1B_IW_GRDH_1SDV_20191003T154016_20191003T154041_018313_0227F5_C52B.SAFE,640,640,34.59009619,32.82156453,34.72463548,32.84229245,34.69933226,32.95764804,34.56479297,32.93692012,34.64173357,32.88635205,34.6493014,32.887518,34.64807578,32.89310553,34.64050794,32.89193959,303,305,339,336,1116
ow,ow-0781.jpg,ow-0781.xml,ow-0781-01-001838,S1_20191003_153951_154106_VV_2,2019-10-03T15:39:51,2019-10-03T15:41:06,S1B_IW_GRDH_1SDV_20191003T154016_20191003T154041_018313_0227F5_C52B.SAFE,640,640,33.92385162,32.72587119,34.05813462,32.74718331,34.03212397,32.86256132,33.89784097,32.84124919,33.97465913,32.78584537,33.98494017,32.78747708,33.98160756,32.80225988,33.97132652,32.80062817,296,278,345,360,4018
ow,ow-0782.jpg,ow-0782.xml,ow-0782-01-001839,S1_20191003_153951_154106_VV_3,2019-10-03T15:39:51,2019-10-03T15:41:06,S1B_IW_GRDH_1SDV_20191003T154041_20191003T154106_018313_0227F5_FA2A.SAFE,640,640,34.79262857,33.52073798,34.928055,33.54099431,34.90319661,33.65631287,34.76777017,33.63605655,34.83851099,33.58451526,34.85861335,33.58752206,34.85740927,33.5931078,34.83730691,33.590101,273,306,368,337,2945
ow,ow-0783.jpg,ow-0783.xml,ow-0783-01-001840,S1_20191004_034227_034407_VV_2,2019-10-04T03:42:27,2019-10-04T03:44:07,S1B_IW_GRDH_1SDV_20191004T034252_20191004T034317_018320_02282B_B1FB.SAFE,640,640,33.51549563,34.41436169,33.37842142,34.43348437,33.35442567,34.31833282,33.49149988,34.29921014,33.44859357,34.37148127,33.42332051,34.37500701,33.4194587,34.35647481,33.44473175,34.35294906,263,282,381,385,12154
ow,ow-0784.jpg,ow-0784.xml,ow-0784-01-001841,S1_20191007_155647_155827_VV_2,2019-10-07T15:56:47,2019-10-07T15:58:27,S1A_IW_GRDH_1SDV_20191007T155712_20191007T155737_029355_035652_8FCF.SAFE,640,640,32.20688807,31.61575546,32.34023775,31.63494319,32.31708695,31.75037905,32.18373727,31.73119133,32.260338,31.68060303,32.26429682,31.68117266,32.26350101,31.68514077,32.25954219,31.68457114,310,308,329,330,418
ow,ow-0785.jpg,ow-0785.xml,ow-0785-01-001842,S1_20191007_155647_155827_VV_3,2019-10-07T15:56:47,2019-10-07T15:58:27,S1A_IW_GRDH_1SDV_20191007T155712_20191007T155737_029355_035652_8FCF.SAFE,640,640,32.21660908,31.75118346,32.34997758,31.77052633,32.32665076,31.88597732,32.19328226,31.86663445,32.26568967,31.80657815,32.28486139,31.80935869,32.28005023,31.83317046,32.26087851,31.83038992,281,260,373,392,12144
ow,ow-0786.jpg,ow-0786.xml,ow-0786-01-001843,S1_20191007_155647_155827_VV_4,2019-10-07T15:56:47,2019-10-07T15:58:27,S1A_IW_GRDH_1SDV_20191007T155712_20191007T155737_029355_035652_8FCF.SAFE,640,640,31.13798374,31.60982677,31.27087854,31.6303236,31.24615671,31.74586791,31.11326191,31.72537107,31.13119975,31.64253617,31.2638869,31.66300097,31.25291659,31.71427376,31.12022944,31.69380895,1,181,640,465,181476
ow,ow-0787.jpg,ow-0787.xml,ow-0787-01-001844,S1_20191007_155647_155827_VV_5,2019-10-07T15:56:47,2019-10-07T15:58:27,S1A_IW_GRDH_1SDV_20191007T155712_20191007T155737_029355_035652_8FCF.SAFE,1109,1109,30.341187,31.50468845,30.57104323,31.54119826,30.5270112,31.74146815,30.29715497,31.70495833,30.32517198,31.58923659,30.55254104,31.62535134,30.54630747,31.65370334,30.31893841,31.61758859,12,466,1109,623,172229
ow,ow-0788.jpg,ow-0788.xml,ow-0788-01-001845,S1_20191007_155647_155827_VV_6,2019-10-07T15:56:47,2019-10-07T15:58:27,S1A_IW_GRDH_1SDV_20191007T155712_20191007T155737_029355_035652_8FCF.SAFE,640,640,31.12747212,31.83329171,31.26042704,31.85364556,31.2358788,31.96918011,31.10292387,31.94882626,31.19443984,31.92798049,31.19921791,31.92871195,31.19764529,31.93611338,31.19286722,31.93538192,406,453,429,494,943
ow,ow-0788.jpg,ow-0788.xml,ow-0788-02-001846,S1_20191007_155647_155827_VV_6,2019-10-07T15:56:47,2019-10-07T15:58:27,S1A_IW_GRDH_1SDV_20191007T155712_20191007T155737_029355_035652_8FCF.SAFE,640,640,31.12747212,31.83329171,31.26042704,31.85364556,31.2358788,31.96918011,31.10292387,31.94882626,31.12896329,31.89391187,31.13581877,31.89496137,31.13447629,31.90127966,31.1276208,31.90023017,67,324,100,359,1155
ow,ow-0788.jpg,ow-0788.xml,ow-0788-03-001847,S1_20191007_155647_155827_VV_6,2019-10-07T15:56:47,2019-10-07T15:58:27,S1A_IW_GRDH_1SDV_20191007T155712_20191007T155737_029355_035652_8FCF.SAFE,640,640,31.12747212,31.83329171,31.26042704,31.85364556,31.2358788,31.96918011,31.10292387,31.94882626,31.17544572,31.92954618,31.18458637,31.93094551,31.18374253,31.93491701,31.17460188,31.93351768,319,477,363,499,968
ow,ow-0788.jpg,ow-0788.xml,ow-0788-04-001848,S1_20191007_155647_155827_VV_6,2019-10-07T15:56:47,2019-10-07T15:58:27,S1A_IW_GRDH_1SDV_20191007T155712_20191007T155737_029355_035652_8FCF.SAFE,640,640,31.12747212,31.83329171,31.26042704,31.85364556,31.2358788,31.96918011,31.10292387,31.94882626,31.16626502,31.86271618,31.1691734,31.86316143,31.16817613,31.86785502,31.16526774,31.86740978,210,126,224,152,364
ow,ow-0789.jpg,ow-0789.xml,ow-0789-01-001849,S1_20191008_035936_040116_VV_0,2019-10-08T03:59:36,2019-10-08T04:01:16,S1A_IW_GRDH_1SDV_20191008T040026_20191008T040051_029362_03568A_5355.SAFE,640,640,30.80576399,32.98380178,30.67134185,33.00482122,30.64568736,32.88945537,30.78010949,32.86843592,30.79821837,32.9508472,30.78372598,32.95311335,30.77755287,32.92535345,30.79204525,32.92308729,1,183,70,337,10626
ow,ow-0789.jpg,ow-0789.xml,ow-0789-02-001850,S1_20191008_035936_040116_VV_0,2019-10-08T03:59:36,2019-10-08T04:01:16,S1A_IW_GRDH_1SDV_20191008T040026_20191008T040051_029362_03568A_5355.SAFE,640,640,30.80576399,32.98380178,30.67134185,33.00482122,30.64568736,32.88945537,30.78010949,32.86843592,30.67997851,32.9684036,30.66632626,32.97053839,30.66360047,32.95828077,30.67725272,32.95614598,563,188,628,256,4420
ow,ow-0789.jpg,ow-0789.xml,ow-0789-03-001851,S1_20191008_035936_040116_VV_0,2019-10-08T03:59:36,2019-10-08T04:01:16,S1A_IW_GRDH_1SDV_20191008T040026_20191008T040051_029362_03568A_5355.SAFE,640,640,30.80576399,32.98380178,30.67134185,33.00482122,30.64568736,32.88945537,30.78010949,32.86843592,30.65166936,32.89094482,30.65040915,32.89114188,30.64988805,32.88879851,30.65114825,32.88860145,614,627,620,640,78
ow,ow-0790.jpg,ow-0790.xml,ow-0790-01-001852,S1_20191008_035936_040116_VV_1,2019-10-08T03:59:36,2019-10-08T04:01:16,S1A_IW_GRDH_1SDV_20191008T040026_20191008T040051_029362_03568A_5355.SAFE,640,640,31.12225422,32.91606435,30.9879613,32.9373762,30.96195417,32.82200084,31.09624708,32.800689,31.0407632,32.86308356,31.03677638,32.86371625,31.03523221,32.85686584,31.03921903,32.85623314,320,353,339,391,722
ow,ow-0790.jpg,ow-0790.xml,ow-0790-02-001853,S1_20191008_035936_040116_VV_1,2019-10-08T03:59:36,2019-10-08T04:01:16,S1A_IW_GRDH_1SDV_20191008T040026_20191008T040051_029362_03568A_5355.SAFE,640,640,31.12225422,32.91606435,30.9879613,32.9373762,30.96195417,32.82200084,31.09624708,32.800689,31.04798096,32.87967679,31.0437843,32.88034278,31.04215886,32.87313182,31.04635551,32.87246583,304,258,324,298,800
ow,ow-0791.jpg,ow-0791.xml,ow-0791-01-001854,S1_20191008_035936_040116_VV_2,2019-10-08T03:59:36,2019-10-08T04:01:16,S1A_IW_GRDH_1SDV_20191008T040026_20191008T040051_029362_03568A_5355.SAFE,640,640,30.78620049,32.86748348,30.65177836,32.88850293,30.62612386,32.77313707,30.76054599,32.75211762,30.74369333,32.87375722,30.7149186,32.8782567,30.69912505,32.80723459,30.72789978,32.80273512,202,2,339,396,53978
ow,ow-0791.jpg,ow-0791.xml,ow-0791-02-001855,S1_20191008_035936_040116_VV_2,2019-10-08T03:59:36,2019-10-08T04:01:16,S1A_IW_GRDH_1SDV_20191008T040026_20191008T040051_029362_03568A_5355.SAFE,640,640,30.78620049,32.86748348,30.65177836,32.88850293,30.62612386,32.77313707,30.76054599,32.75211762,30.7386626,32.77978804,30.7332017,32.78064196,30.73151812,32.77307108,30.73697902,32.77221716,129,510,155,552,1092
ow,ow-0791.jpg,ow-0791.xml,ow-0791-03-001856,S1_20191008_035936_040116_VV_2,2019-10-08T03:59:36,2019-10-08T04:01:16,S1A_IW_GRDH_1SDV_20191008T040026_20191008T040051_029362_03568A_5355.SAFE,640,640,30.78620049,32.86748348,30.65177836,32.88850293,30.62612386,32.77313707,30.76054599,32.75211762,30.71425802,32.87724083,30.66342965,32.88518881,30.6619465,32.87851922,30.71277487,32.87057124,341,8,583,45,8954
ow,ow-0792.jpg,ow-0792.xml,ow-0792-01-001857,S1_20191008_035936_040116_VV_3,2019-10-08T03:59:36,2019-10-08T04:01:16,S1A_IW_GRDH_1SDV_20191008T040026_20191008T040051_029362_03568A_5355.SAFE,640,640,31.00043858,32.7921797,30.86614566,32.81349154,30.84013853,32.69811618,30.97443144,32.67680434,30.91109135,32.75930466,30.89850139,32.76130264,30.89642894,32.75210867,30.90901891,32.75011068,377,252,437,303,3060
ow,ow-0792.jpg,ow-0792.xml,ow-0792-02-001858,S1_20191008_035936_040116_VV_3,2019-10-08T03:59:36,2019-10-08T04:01:16,S1A_IW_GRDH_1SDV_20191008T040026_20191008T040051_029362_03568A_5355.SAFE,640,640,31.00043858,32.7921797,30.86614566,32.81349154,30.84013853,32.69811618,30.97443144,32.67680434,30.90583223,32.76200649,30.90142574,32.76270578,30.90032857,32.75783839,30.90473505,32.75713909,404,242,425,269,567
ow,ow-0792.jpg,ow-0792.xml,ow-0792-03-001859,S1_20191008_035936_040116_VV_3,2019-10-08T03:59:36,2019-10-08T04:01:16,S1A_IW_GRDH_1SDV_20191008T040026_20191008T040051_029362_03568A_5355.SAFE,640,640,31.00043858,32.7921797,30.86614566,32.81349154,30.84013853,32.69811618,30.97443144,32.67680434,30.95200872,32.7528112,30.94277608,32.75427639,30.94054109,32.74436132,30.94977373,32.74289613,182,252,226,307,2420
ow,ow-0792.jpg,ow-0792.xml,ow-0792-04-001860,S1_20191008_035936_040116_VV_3,2019-10-08T03:59:36,2019-10-08T04:01:16,S1A_IW_GRDH_1SDV_20191008T040026_20191008T040051_029362_03568A_5355.SAFE,640,640,31.00043858,32.7921797,30.86614566,32.81349154,30.84013853,32.69811618,30.97443144,32.67680434,30.94689001,32.74167327,30.93807704,32.74307186,30.93482615,32.72864994,30.94363912,32.72725135,194,316,236,396,3360
ow,ow-0793.jpg,ow-0793.xml,ow-0793-01-001861,S1_20191008_035936_040116_VV_4,2019-10-08T03:59:36,2019-10-08T04:01:16,S1A_IW_GRDH_1SDV_20191008T040026_20191008T040051_029362_03568A_5355.SAFE,640,640,31.08563681,31.76328463,30.95317113,31.78478064,30.92728855,31.66935887,31.05975422,31.64786287,31.01041661,31.71960522,30.99986075,31.72131818,30.99715117,31.70923496,31.00770703,31.707522,305,299,356,366,3417
ow,ow-0794.jpg,ow-0794.xml,ow-0794-01-001862,S1_20191008_035936_040116_VV_5,2019-10-08T03:59:36,2019-10-08T04:01:16,S1A_IW_GRDH_1SDV_20191008T040026_20191008T040051_029362_03568A_5355.SAFE,640,640,30.34901396,31.81750613,30.21624528,31.83830628,30.19119556,31.72291283,30.32396424,31.70211268,30.2785515,31.77354703,30.26320012,31.77595205,30.26112569,31.76639603,30.27647707,31.76399101,284,295,358,348,3922
ow,ow-0795.jpg,ow-0795.xml,ow-0795-01-001863,S1_20191008_154754_154934_VV_1,2019-10-08T15:47:54,2019-10-08T15:49:34,S1B_IW_GRDH_1SDV_20191008T154819_20191008T154844_018386_022A2C_14D5.SAFE,640,640,32.28919305,31.31892618,32.42115805,31.3402947,32.39541355,31.45589897,32.26344855,31.43453045,32.28711236,31.35321113,32.30030886,31.35534799,32.29861938,31.36293452,32.28542288,31.36079766,26,185,90,227,2688
ow,ow-0795.jpg,ow-0795.xml,ow-0795-02-001864,S1_20191008_154754_154934_VV_1,2019-10-08T15:47:54,2019-10-08T15:49:34,S1B_IW_GRDH_1SDV_20191008T154819_20191008T154844_018386_022A2C_14D5.SAFE,640,640,32.28919305,31.31892618,32.42115805,31.3402947,32.39541355,31.45589897,32.26344855,31.43453045,32.35324777,31.41501081,32.37737262,31.41891724,32.37335004,31.43698041,32.34922519,31.43307398,400,458,517,558,11700
ow,ow-0795.jpg,ow-0795.xml,ow-0795-03-001865,S1_20191008_154754_154934_VV_1,2019-10-08T15:47:54,2019-10-08T15:49:34,S1B_IW_GRDH_1SDV_20191008T154819_20191008T154844_018386_022A2C_14D5.SAFE,640,640,32.28919305,31.31892618,32.42115805,31.3402947,32.39541355,31.45589897,32.26344855,31.43453045,32.3074041,31.33403946,32.32101299,31.33624309,32.31908215,31.34491341,32.30547326,31.34270978,101,65,167,113,3168
ow,ow-0795.jpg,ow-0795.xml,ow-0795-04-001866,S1_20191008_154754_154934_VV_1,2019-10-08T15:47:54,2019-10-08T15:49:34,S1B_IW_GRDH_1SDV_20191008T154819_20191008T154844_018386_022A2C_14D5.SAFE,640,640,32.28919305,31.31892618,32.42115805,31.3402947,32.39541355,31.45589897,32.26344855,31.43453045,32.3599515,31.4127277,32.37252941,31.41476439,32.37015609,31.42542166,32.35757818,31.42338497,429,440,490,499,3599
ow,ow-0796.jpg,ow-0796.xml,ow-0796-01-001867,S1_20191008_154754_154934_VV_2,2019-10-08T15:47:54,2019-10-08T15:49:34,S1B_IW_GRDH_1SDV_20191008T154819_20191008T154844_018386_022A2C_14D5.SAFE,640,640,31.96004129,32.50558078,32.09373871,32.52689913,32.06779657,32.6424732,31.93409915,32.62115485,32.00113852,32.56637769,32.03101153,32.57114101,32.0288632,32.58071199,31.99899018,32.57594867,253,290,396,343,7579
ow,ow-0797.jpg,ow-0797.xml,ow-0797-01-001868,S1_20191008_154754_154934_VV_3,2019-10-08T15:47:54,2019-10-08T15:49:34,S1B_IW_GRDH_1SDV_20191008T154844_20191008T154909_018386_022A2C_1FB0.SAFE,640,640,33.66399005,32.94840399,33.79943001,32.96773494,33.77573454,33.08318469,33.64029458,33.06385374,33.72386637,32.99946944,33.72831049,33.00010374,33.72516344,33.01543691,33.72071931,33.01480261,323,229,344,314,1785
ow,ow-0797.jpg,ow-0797.xml,ow-0797-02-001869,S1_20191008_154754_154934_VV_3,2019-10-08T15:47:54,2019-10-08T15:49:34,S1B_IW_GRDH_1SDV_20191008T154844_20191008T154909_018386_022A2C_1FB0.SAFE,640,640,33.66399005,32.94840399,33.79943001,32.96773494,33.77573454,33.08318469,33.64029458,33.06385374,33.71295859,33.0250211,33.71549809,33.02538355,33.7141282,33.03205799,33.7115887,33.03169554,297,375,309,412,444
ow,ow-0798.jpg,ow-0798.xml,ow-0798-01-001870,S1_20191008_154754_154934_VV_4,2019-10-08T15:47:54,2019-10-08T15:49:34,S1B_IW_GRDH_1SDV_20191008T154844_20191008T154909_018386_022A2C_1FB0.SAFE,640,640,33.36718462,33.45873594,33.50345122,33.47831358,33.47928067,33.59376553,33.34301408,33.57418789,33.42069461,33.52161224,33.42772086,33.52262171,33.42605913,33.53055903,33.41903289,33.52954956,304,297,337,341,1452
ow,ow-0799.jpg,ow-0799.xml,ow-0799-01-001871,S1_20191008_154754_154934_VV_5,2019-10-08T15:47:54,2019-10-08T15:49:34,S1B_IW_GRDH_1SDV_20191008T154909_20191008T154934_018386_022A2C_AF1F.SAFE,640,640,31.46652653,34.31094898,31.60294915,34.33236537,31.5763249,34.44788295,31.43990228,34.42646657,31.47713579,34.35787499,31.56239993,34.37126023,31.55320624,34.4111499,31.4679421,34.39776466,97,242,497,463,88400
ow,ow-0799.jpg,ow-0799.xml,ow-0799-02-001872,S1_20191008_154754_154934_VV_5,2019-10-08T15:47:54,2019-10-08T15:49:34,S1B_IW_GRDH_1SDV_20191008T154909_20191008T154934_018386_022A2C_AF1F.SAFE,640,640,31.46652653,34.31094898,31.60294915,34.33236537,31.5763249,34.44788295,31.43990228,34.42646657,31.52678152,34.36192811,31.53083156,34.36256391,31.52979155,34.36707632,31.52574151,34.36644052,326,222,345,247,475
ow,ow-0799.jpg,ow-0799.xml,ow-0799-03-001873,S1_20191008_154754_154934_VV_5,2019-10-08T15:47:54,2019-10-08T15:49:34,S1B_IW_GRDH_1SDV_20191008T154909_20191008T154934_018386_022A2C_AF1F.SAFE,640,640,31.46652653,34.31094898,31.60294915,34.33236537,31.5763249,34.44788295,31.43990228,34.42646657,31.52207102,34.3651162,31.52548159,34.36565161,31.52460798,34.36944203,31.52119742,34.36890662,308,243,324,264,336
ow,ow-0799.jpg,ow-0799.xml,ow-0799-04-001874,S1_20191008_154754_154934_VV_5,2019-10-08T15:47:54,2019-10-08T15:49:34,S1B_IW_GRDH_1SDV_20191008T154909_20191008T154934_018386_022A2C_AF1F.SAFE,640,640,31.46652653,34.31094898,31.60294915,34.33236537,31.5763249,34.44788295,31.43990228,34.42646657,31.49625799,34.35732339,31.51863982,34.36083701,31.51680941,34.36877885,31.49442757,34.36526522,183,223,288,267,4620
ow,ow-0800.jpg,ow-0800.xml,ow-0800-01-001875,S1_20191009_035049_035228_VV_1,2019-10-09T03:50:49,2019-10-09T03:52:28,S1B_IW_GRDH_1SDV_20191009T035139_20191009T035204_018393_022A5F_383D.SAFE;S1B_IW_GRDH_1SDV_20191009T035114_20191009T035139_018393_022A5F_B79F.SAFE,640,640,33.34647277,32.58207726,33.21296389,32.60354663,33.18692001,32.48819366,33.32042889,32.46672429,33.25457447,32.57911092,33.2529056,32.57937929,33.2522952,32.5766757,33.25396406,32.57640734,422,95,430,110,120
ow,ow-0800.jpg,ow-0800.xml,ow-0800-02-001876,S1_20191009_035049_035228_VV_1,2019-10-09T03:50:49,2019-10-09T03:52:28,S1B_IW_GRDH_1SDV_20191009T035139_20191009T035204_018393_022A5F_383D.SAFE;S1B_IW_GRDH_1SDV_20191009T035114_20191009T035139_018393_022A5F_B79F.SAFE,640,640,33.34647277,32.58207726,33.21296389,32.60354663,33.18692001,32.48819366,33.32042889,32.46672429,33.28215561,32.49828144,33.27777485,32.4989859,33.27602503,32.49123562,33.28040579,32.49053116,210,504,231,547,903
ow,ow-0801.jpg,ow-0801.xml,ow-0801-01-001877,S1_20191009_035049_035228_VV_2,2019-10-09T03:50:49,2019-10-09T03:52:28,S1B_IW_GRDH_1SDV_20191009T035139_20191009T035204_018393_022A5F_383D.SAFE,640,640,32.12308076,32.1098395,31.98995826,32.13021921,31.96539948,32.01490116,32.09852198,31.99452145,32.06929598,32.08421067,32.05515171,32.08637602,32.04851317,32.05520411,32.06265743,32.05303876,225,182,293,355,11764
ow,ow-0801.jpg,ow-0801.xml,ow-0801-02-001878,S1_20191009_035049_035228_VV_2,2019-10-09T03:50:49,2019-10-09T03:52:28,S1B_IW_GRDH_1SDV_20191009T035139_20191009T035204_018393_022A5F_383D.SAFE,640,640,32.12308076,32.1098395,31.98995826,32.13021921,31.96539948,32.01490116,32.09852198,31.99452145,32.0593595,32.04461281,32.05582343,32.04515415,32.05463386,32.03956843,32.05816993,32.03902709,232,403,249,434,527
ow,ow-0801.jpg,ow-0801.xml,ow-0801-03-001879,S1_20191009_035049_035228_VV_2,2019-10-09T03:50:49,2019-10-09T03:52:28,S1B_IW_GRDH_1SDV_20191009T035139_20191009T035204_018393_022A5F_383D.SAFE,640,640,32.12308076,32.1098395,31.98995826,32.13021921,31.96539948,32.01490116,32.09852198,31.99452145,32.03934126,32.0817262,32.03039709,32.08309546,32.02805634,32.07210421,32.0370005,32.07073494,362,220,405,281,2623
ow,ow-0802.jpg,ow-0802.xml,ow-0802-01-001880,S1_20191009_035049_035228_VV_3,2019-10-09T03:50:49,2019-10-09T03:52:28,S1B_IW_GRDH_1SDV_20191009T035139_20191009T035204_018393_022A5F_383D.SAFE,640,640,32.41052041,31.46231778,32.27848233,31.48328823,32.25318845,31.36795087,32.38522652,31.34698042,32.34563041,31.43122257,32.32231744,31.43492517,32.31508497,31.40194589,32.33839794,31.3982433,272,222,385,405,20679
ow,ow-0803.jpg,ow-0803.xml,ow-0803-01-001881,S1_20191009_154016_154156_VV_0,2019-10-09T15:40:16,2019-10-09T15:41:56,S1A_IW_GRDH_1SDV_20191009T154106_20191009T154131_029384_035749_F128.SAFE,640,640,34.21477651,33.31865218,34.34986923,33.33965788,34.3241054,33.45497537,34.18901269,33.43396967,34.20628146,33.36058606,34.21451367,33.36186609,34.21185677,33.37375821,34.20362456,33.37247817,4,232,43,298,2574
ow,ow-0803.jpg,ow-0803.xml,ow-0803-02-001882,S1_20191009_154016_154156_VV_0,2019-10-09T15:40:16,2019-10-09T15:41:56,S1A_IW_GRDH_1SDV_20191009T154106_20191009T154131_029384_035749_F128.SAFE,640,640,34.21477651,33.31865218,34.34986923,33.33965788,34.3241054,33.45497537,34.18901269,33.43396967,34.32524722,33.39511826,34.33706783,33.39695626,34.33348505,33.41299259,34.32166443,33.4111546,584,318,640,407,4984
ow,ow-0803.jpg,ow-0803.xml,ow-0803-03-001883,S1_20191009_154016_154156_VV_0,2019-10-09T15:40:16,2019-10-09T15:41:56,S1A_IW_GRDH_1SDV_20191009T154106_20191009T154131_029384_035749_F128.SAFE,640,640,34.21477651,33.31865218,34.34986923,33.33965788,34.3241054,33.45497537,34.18901269,33.43396967,34.29670104,33.38993381,34.30387784,33.39104974,34.3008989,33.40438333,34.29372209,33.4032674,448,314,482,388,2516
ow,ow-0804.jpg,ow-0804.xml,ow-0804-01-001884,S1_20191009_154016_154156_VV_1,2019-10-09T15:40:16,2019-10-09T15:41:56,S1A_IW_GRDH_1SDV_20191009T154106_20191009T154131_029384_035749_F128.SAFE,640,640,34.4870655,33.44734443,34.62235076,33.46790384,34.59713159,33.58320184,34.46184633,33.56264243,34.48323685,33.49180884,34.50944837,33.49579222,34.50527144,33.51488846,34.47905992,33.51090507,27,242,151,348,13144
ow,ow-0804.jpg,ow-0804.xml,ow-0804-02-001885,S1_20191009_154016_154156_VV_1,2019-10-09T15:40:16,2019-10-09T15:41:56,S1A_IW_GRDH_1SDV_20191009T154106_20191009T154131_029384_035749_F128.SAFE,640,640,34.4870655,33.44734443,34.62235076,33.46790384,34.59713159,33.58320184,34.46184633,33.56264243,34.53782877,33.54477918,34.57756882,33.55081851,34.57248558,33.57405827,34.53274554,33.56801894,330,482,518,611,24252
ow,ow-0804.jpg,ow-0804.xml,ow-0804-03-001886,S1_20191009_154016_154156_VV_1,2019-10-09T15:40:16,2019-10-09T15:41:56,S1A_IW_GRDH_1SDV_20191009T154106_20191009T154131_029384_035749_F128.SAFE,640,640,34.4870655,33.44734443,34.62235076,33.46790384,34.59713159,33.58320184,34.46184633,33.56264243,34.5170872,33.50979687,34.54773777,33.51445486,34.54198465,33.54075722,34.51133408,33.53609923,200,311,345,457,21170
ow,ow-0805.jpg,ow-0805.xml,ow-0805-01-001887,S1_20191009_154016_154156_VV_2,2019-10-09T15:40:16,2019-10-09T15:41:56,S1A_IW_GRDH_1SDV_20191009T154106_20191009T154131_029384_035749_F128.SAFE,640,640,34.33228239,33.51300469,34.46743913,33.53386115,34.44185661,33.64917231,34.30669987,33.62831585,34.41623602,33.58055804,34.42109322,33.58130757,34.41793537,33.59554129,34.41307818,33.59479176,453,293,476,372,1817
ow,ow-0806.jpg,ow-0806.xml,ow-0806-01-001888,S1_20191010_034306_034446_VV_1,2019-10-10T03:43:06,2019-10-10T03:44:46,S1A_IW_GRDH_1SDV_20191010T034331_20191010T034356_029391_035788_7CA8.SAFE,640,640,34.50226314,33.57082295,34.36645135,33.59119866,34.34120165,33.47587083,34.47701344,33.45549512,34.47435882,33.48641687,34.46162646,33.48832709,34.456182,33.46345953,34.46891435,33.46154931,43,476,103,614,8280
ow,ow-0807.jpg,ow-0807.xml,ow-0807-01-001889,S1_20191010_034306_034446_VV_2,2019-10-10T03:43:06,2019-10-10T03:44:46,S1A_IW_GRDH_1SDV_20191010T034331_20191010T034356_029391_035788_7CA8.SAFE,640,640,34.53140449,33.44713562,34.39565745,33.46766196,34.37022254,33.35232768,34.50596957,33.33180134,34.45292161,33.39736447,34.4393469,33.39941711,34.4341407,33.37580962,34.4477154,33.37375699,308,331,372,462,8384
ow,ow-0807.jpg,ow-0807.xml,ow-0807-02-001890,S1_20191010_034306_034446_VV_2,2019-10-10T03:43:06,2019-10-10T03:44:46,S1A_IW_GRDH_1SDV_20191010T034331_20191010T034356_029391_035788_7CA8.SAFE,640,640,34.53140449,33.44713562,34.39565745,33.46766196,34.37022254,33.35232768,34.50596957,33.33180134,34.48184116,33.43507709,34.4614791,33.43815604,34.45380888,33.40337554,34.47417094,33.40029659,214,105,310,298,18528
ow,ow-0808.jpg,ow-0808.xml,ow-0808-01-001891,S1_20191010_034306_034446_VV_3,2019-10-10T03:43:06,2019-10-10T03:44:46,S1A_IW_GRDH_1SDV_20191010T034356_20191010T034421_029391_035788_FA04.SAFE,640,640,34.35112823,33.27995383,34.21619159,33.30022302,34.19201416,33.18476177,34.3269508,33.16449258,34.30086496,33.26424366,34.25363713,33.27133787,34.23965956,33.20458684,34.28688738,33.19749262,216,125,440,495,82880
ow,ow-0809.jpg,ow-0809.xml,ow-0809-01-001892,S1_20191012_160458_160638_VV_0,2019-10-12T16:04:58,2019-10-12T16:06:38,S1A_IW_GRDH_1SDV_20191012T160523_20191012T160548_029428_0358E2_98C4.SAFE,640,640,30.13591254,31.30704661,30.26819455,31.32647971,30.24465171,31.44194317,30.11236971,31.42251008,30.18857963,31.36718379,30.19643387,31.36833763,30.19371173,31.38168809,30.18585748,31.38053425,305,282,343,356,2812
ow,ow-0810.jpg,ow-0810.xml,ow-0810-01-001893,S1_20191013_155650_155744_VV_0,2019-10-13T15:56:50,2019-10-13T15:57:44,S1B_IW_GRDH_1SDV_20191013T155650_20191013T155719_018459_022C6B_606D.SAFE,640,640,30.63209336,32.84567624,30.76684476,32.86607437,30.74187907,32.98164676,30.60712767,32.96124862,30.68716576,32.91182381,30.68885015,32.91207878,30.68806997,32.91569042,30.68638558,32.91543544,319,310,327,330,160
ow,ow-0810.jpg,ow-0810.xml,ow-0810-02-001894,S1_20191013_155650_155744_VV_0,2019-10-13T15:56:50,2019-10-13T15:57:44,S1B_IW_GRDH_1SDV_20191013T155650_20191013T155719_018459_022C6B_606D.SAFE,640,640,30.63209336,32.84567624,30.76684476,32.86607437,30.74187907,32.98164676,30.60712767,32.96124862,30.6856294,32.91289665,30.68773489,32.91321537,30.68707174,32.91628526,30.68496625,32.91596654,313,317,323,334,170
ow,ow-0811.jpg,ow-0811.xml,ow-0811-01-001895,S1_20191013_155650_155744_VV_1,2019-10-13T15:56:50,2019-10-13T15:57:44,S1B_IW_GRDH_1SDV_20191013T155650_20191013T155719_018459_022C6B_606D.SAFE,640,640,30.1224472,32.93603573,30.25718749,32.95702212,30.2314567,33.07261653,30.09671641,33.05163014,30.17801628,33.00150186,30.18370064,33.00238722,30.18040388,33.01719775,30.17471952,33.01631239,322,304,349,386,2214
ow,ow-0811.jpg,ow-0811.xml,ow-0811-02-001896,S1_20191013_155650_155744_VV_1,2019-10-13T15:56:50,2019-10-13T15:57:44,S1B_IW_GRDH_1SDV_20191013T155650_20191013T155719_018459_022C6B_606D.SAFE,640,640,30.1224472,32.93603573,30.25718749,32.95702212,30.2314567,33.07261653,30.09671641,33.05163014,30.17261552,32.99542807,30.18082626,32.99670693,30.17765011,33.01097562,30.16943938,33.00969676,291,276,330,355,3081
ow,ow-0812.jpg,ow-0812.xml,ow-0812-01-001897,S1_20191013_155650_155744_VV_2,2019-10-13T15:56:50,2019-10-13T15:57:44,S1B_IW_GRDH_1SDV_20191013T155650_20191013T155719_018459_022C6B_606D.SAFE,640,640,30.04773997,33.44209974,30.1829821,33.46307132,30.15716998,33.57865624,30.02192786,33.55768467,30.1005855,33.505043,30.10777024,33.50615712,30.10567301,33.51554839,30.09848827,33.51443428,306,293,340,345,1768
ow,ow-0813.jpg,ow-0813.xml,ow-0813-01-001898,S1_20191014_035859_040038_VV_0,2019-10-14T03:58:59,2019-10-14T04:00:38,S1B_IW_GRDH_1SDV_20191014T035949_20191014T040014_018466_022CAA_1046.SAFE,640,640,30.91190551,32.63026805,30.7778732,32.6513011,30.7522882,32.53596431,30.8863205,32.51493126,30.86652207,32.59860054,30.80620753,32.60806542,30.79717283,32.56733711,30.85748736,32.55787224,177,208,465,434,65088
ow,ow-0814.jpg,ow-0814.xml,ow-0814-01-001899,S1_20191014_035859_040038_VV_1,2019-10-14T03:58:59,2019-10-14T04:00:38,S1B_IW_GRDH_1SDV_20191014T035949_20191014T040014_018466_022CAA_1046.SAFE,640,640,30.12018391,32.34436574,29.98673184,32.3647265,29.96213039,32.24941024,30.09558246,32.22904949,30.09172675,32.31391677,29.9795436,32.33103253,29.96943395,32.28364476,30.08161709,32.266529,102,187,640,450,141494
ow,ow-0815.jpg,ow-0815.xml,ow-0815-01-001900,S1_20191014_154845_155025_VV_0,2019-10-14T15:48:45,2019-10-14T15:50:25,S1A_IW_GRDH_1SDV_20191014T154845_20191014T154910_029457_0359DE_D1AE.SAFE,640,640,33.42795014,31.18178699,33.56026464,31.20207072,33.53582903,31.31738092,33.40351453,31.29709719,33.47160087,31.23870544,33.47552896,31.23930761,33.47312358,31.25065846,33.46919549,31.25005629,261,270,280,333,1197
ow,ow-0815.jpg,ow-0815.xml,ow-0815-02-001901,S1_20191014_154845_155025_VV_0,2019-10-14T15:48:45,2019-10-14T15:50:25,S1A_IW_GRDH_1SDV_20191014T154845_20191014T154910_029457_0359DE_D1AE.SAFE,640,640,33.42795014,31.18178699,33.56026464,31.20207072,33.53582903,31.31738092,33.40351453,31.29709719,33.48817102,31.25519753,33.49333955,31.25598986,33.49242322,31.26031399,33.48725468,31.25952166,355,345,380,369,600
ow,ow-0816.jpg,ow-0816.xml,ow-0816-01-001902,S1_20191014_154845_155025_VV_1,2019-10-14T15:48:45,2019-10-14T15:50:25,S1A_IW_GRDH_1SDV_20191014T154845_20191014T154910_029457_0359DE_D1AE.SAFE,640,640,33.90120866,31.27858488,34.03374711,31.29831627,34.00997558,31.41358154,33.87743713,31.39385015,33.95372269,31.34376296,33.95807161,31.34441039,33.95695731,31.34981345,33.9526084,31.34916602,309,309,330,339,630
ow,ow-0817.jpg,ow-0817.xml,ow-0817-01-001903,S1_20191014_154845_155025_VV_2,2019-10-14T15:48:45,2019-10-14T15:50:25,S1A_IW_GRDH_1SDV_20191014T154845_20191014T154910_029457_0359DE_D1AE.SAFE,640,640,33.34436443,31.33044327,33.47667894,31.35072701,33.45224332,31.46603721,33.31992882,31.44575347,33.43763932,31.35162519,33.4405337,31.3520689,33.43957918,31.3565732,33.4366848,31.3561295,458,37,472,62,350
ow,ow-0817.jpg,ow-0817.xml,ow-0817-02-001904,S1_20191014_154845_155025_VV_2,2019-10-14T15:48:45,2019-10-14T15:50:25,S1A_IW_GRDH_1SDV_20191014T154845_20191014T154910_029457_0359DE_D1AE.SAFE,640,640,33.34436443,31.33044327,33.47667894,31.35072701,33.45224332,31.46603721,33.31992882,31.44575347,33.43019295,31.35755263,33.43288059,31.35796464,33.43230788,31.36066722,33.42962024,31.36025521,429,75,442,90,195
ow,ow-0817.jpg,ow-0817.xml,ow-0817-03-001905,S1_20191014_154845_155025_VV_2,2019-10-14T15:48:45,2019-10-14T15:50:25,S1A_IW_GRDH_1SDV_20191014T154845_20191014T154910_029457_0359DE_D1AE.SAFE,640,640,33.34436443,31.33044327,33.47667894,31.35072701,33.45224332,31.46603721,33.31992882,31.44575347,33.35630965,31.44128527,33.35961751,31.44179236,33.35908298,31.44431477,33.35577512,31.44380768,166,586,182,600,224
ow,ow-0817.jpg,ow-0817.xml,ow-0817-04-001906,S1_20191014_154845_155025_VV_2,2019-10-14T15:48:45,2019-10-14T15:50:25,S1A_IW_GRDH_1SDV_20191014T154845_20191014T154910_029457_0359DE_D1AE.SAFE,640,640,33.34436443,31.33044327,33.47667894,31.35072701,33.45224332,31.46603721,33.31992882,31.44575347,33.4152943,31.45404808,33.42170329,31.45503058,33.42135966,31.45665213,33.41495068,31.45566963,455,606,486,615,279
ow,ow-0818.jpg,ow-0818.xml,ow-0818-01-001907,S1_20191014_154845_155025_VV_3,2019-10-14T15:48:45,2019-10-14T15:50:25,S1A_IW_GRDH_1SDV_20191014T154845_20191014T154910_029457_0359DE_D1AE.SAFE,640,640,32.72755492,31.41117405,32.86043259,31.4321101,32.835202,31.54746639,32.70232433,31.52653034,32.7847004,31.47984362,32.79072142,31.48079228,32.78827721,31.49196742,32.78225619,31.49101876,336,320,365,382,1798
ow,ow-0818.jpg,ow-0818.xml,ow-0818-02-001908,S1_20191014_154845_155025_VV_3,2019-10-14T15:48:45,2019-10-14T15:50:25,S1A_IW_GRDH_1SDV_20191014T154845_20191014T154910_029457_0359DE_D1AE.SAFE,640,640,32.72755492,31.41117405,32.86043259,31.4321101,32.835202,31.54746639,32.70232433,31.52653034,32.7622325,31.49811891,32.77988031,31.50089948,32.77617457,31.51784243,32.75852676,31.51506186,250,437,335,531,7990
ow,ow-0818.jpg,ow-0818.xml,ow-0818-03-001909,S1_20191014_154845_155025_VV_3,2019-10-14T15:48:45,2019-10-14T15:50:25,S1A_IW_GRDH_1SDV_20191014T154845_20191014T154910_029457_0359DE_D1AE.SAFE,640,640,32.72755492,31.41117405,32.86043259,31.4321101,32.835202,31.54746639,32.70232433,31.52653034,32.77914741,31.43944011,32.80551532,31.4435946,32.79707884,31.48216686,32.77071093,31.47801236,269,108,396,322,27178
ow,ow-0819.jpg,ow-0819.xml,ow-0819-01-001910,S1_20191014_154845_155025_VV_4,2019-10-14T15:48:45,2019-10-14T15:50:25,S1A_IW_GRDH_1SDV_20191014T154845_20191014T154910_029457_0359DE_D1AE.SAFE,640,640,32.4150947,31.36395311,32.54785145,31.38516839,32.5222848,31.50053673,32.38952804,31.47932145,32.43980752,31.43173561,32.45660954,31.43442067,32.45409283,31.44577724,32.4372908,31.44309218,185,342,266,405,5103
ow,ow-0819.jpg,ow-0819.xml,ow-0819-02-001911,S1_20191014_154845_155025_VV_4,2019-10-14T15:48:45,2019-10-14T15:50:25,S1A_IW_GRDH_1SDV_20191014T154845_20191014T154910_029457_0359DE_D1AE.SAFE,640,640,32.4150947,31.36395311,32.54785145,31.38516839,32.5222848,31.50053673,32.38952804,31.47932145,32.41284899,31.42836072,32.42778413,31.43074744,32.42598647,31.43885927,32.41105134,31.43647255,56,347,128,392,3240
ow,ow-0819.jpg,ow-0819.xml,ow-0819-03-001912,S1_20191014_154845_155025_VV_4,2019-10-14T15:48:45,2019-10-14T15:50:25,S1A_IW_GRDH_1SDV_20191014T154845_20191014T154910_029457_0359DE_D1AE.SAFE,640,640,32.4150947,31.36395311,32.54785145,31.38516839,32.5222848,31.50053673,32.38952804,31.47932145,32.4843762,31.43027218,32.50138566,31.43299038,32.50026712,31.43803775,32.48325766,31.43531954,391,296,473,324,2296
ow,ow-0819.jpg,ow-0819.xml,ow-0819-04-001913,S1_20191014_154845_155025_VV_4,2019-10-14T15:48:45,2019-10-14T15:50:25,S1A_IW_GRDH_1SDV_20191014T154845_20191014T154910_029457_0359DE_D1AE.SAFE,640,640,32.4150947,31.36395311,32.54785145,31.38516839,32.5222848,31.50053673,32.38952804,31.47932145,32.50943085,31.42382382,32.52478085,31.42627684,32.5229033,31.4347492,32.5075533,31.43229618,501,240,575,287,3478
ow,ow-0820.jpg,ow-0820.xml,ow-0820-01-001914,S1_20191014_154845_155025_VV_5,2019-10-14T15:48:45,2019-10-14T15:50:25,S1A_IW_GRDH_1SDV_20191014T154845_20191014T154910_029457_0359DE_D1AE.SAFE,640,640,34.24220897,31.66363057,34.37571237,31.68286114,34.35252517,31.79809176,34.21902177,31.7788612,34.29566094,31.72653954,34.30004152,31.72717054,34.29870101,31.73383231,34.29432043,31.73320131,308,298,329,335,777
ow,ow-0821.jpg,ow-0821.xml,ow-0821-01-001915,S1_20191014_154845_155025_VV_6,2019-10-14T15:48:45,2019-10-14T15:50:25,S1A_IW_GRDH_1SDV_20191014T154910_20191014T154935_029457_0359DE_77C2.SAFE;S1A_IW_GRDH_1SDV_20191014T154845_20191014T154910_029457_0359DE_D1AE.SAFE,640,640,32.04982415,31.55893885,32.18239459,31.58057285,32.15632616,31.69595538,32.02375572,31.67432137,32.05792149,31.65428713,32.06040719,31.65469277,32.05947036,31.65883933,32.05698466,31.65843369,138,503,150,526,276
ow,ow-0821.jpg,ow-0821.xml,ow-0821-02-001916,S1_20191014_154845_155025_VV_6,2019-10-14T15:48:45,2019-10-14T15:50:25,S1A_IW_GRDH_1SDV_20191014T154910_20191014T154935_029457_0359DE_77C2.SAFE;S1A_IW_GRDH_1SDV_20191014T154845_20191014T154910_029457_0359DE_D1AE.SAFE,640,640,32.04982415,31.55893885,32.18239459,31.58057285,32.15632616,31.69595538,32.02375572,31.67432137,32.08564743,31.61712581,32.08689028,31.61732863,32.08644223,31.61931177,32.08519938,31.61910895,228,280,234,291,66
ow,ow-0821.jpg,ow-0821.xml,ow-0821-03-001917,S1_20191014_154845_155025_VV_6,2019-10-14T15:48:45,2019-10-14T15:50:25,S1A_IW_GRDH_1SDV_20191014T154910_20191014T154935_029457_0359DE_77C2.SAFE;S1A_IW_GRDH_1SDV_20191014T154845_20191014T154910_029457_0359DE_D1AE.SAFE,640,640,32.04982415,31.55893885,32.18239459,31.58057285,32.15632616,31.69595538,32.02375572,31.67432137,32.10324052,31.61625816,32.10469051,31.61649479,32.10428319,31.61829764,32.1028332,31.61806102,309,260,316,270,70
ow,ow-0821.jpg,ow-0821.xml,ow-0821-04-001918,S1_20191014_154845_155025_VV_6,2019-10-14T15:48:45,2019-10-14T15:50:25,S1A_IW_GRDH_1SDV_20191014T154910_20191014T154935_029457_0359DE_77C2.SAFE;S1A_IW_GRDH_1SDV_20191014T154845_20191014T154910_029457_0359DE_D1AE.SAFE,640,640,32.04982415,31.55893885,32.18239459,31.58057285,32.15632616,31.69595538,32.02375572,31.67432137,32.12630212,31.59403799,32.14349485,31.59684365,32.1381997,31.62028072,32.12100697,31.61747506,393,121,476,251,10790
ow,ow-0822.jpg,ow-0822.xml,ow-0822-01-001919,S1_20191015_035126_035307_VV_2,2019-10-15T03:51:26,2019-10-15T03:53:07,S1A_IW_GRDH_1SDV_20191015T035151_20191015T035216_029464_035A19_9D38.SAFE;S1A_IW_GRDH_1SDV_20191015T035126_20191015T035151_029464_035A19_9F94.SAFE,640,640,31.64119884,34.68025976,31.50350715,34.69934472,31.48022928,34.58406267,31.61792097,34.5649777,31.56375076,34.64062845,31.56052361,34.64107575,31.55790485,34.62810652,31.561132,34.62765922,314,272,329,344,1080
ow,ow-0823.jpg,ow-0823.xml,ow-0823-01-001920,S1_20191015_035126_035307_VV_3,2019-10-15T03:51:26,2019-10-15T03:53:07,S1A_IW_GRDH_1SDV_20191015T035151_20191015T035216_029464_035A19_9D38.SAFE,640,640,33.04234991,34.17234107,32.90587302,34.19314938,32.88032475,34.0777883,33.01680164,34.05697998,32.98341928,34.12821973,32.93821131,34.13511249,32.93537705,34.12231462,32.98058502,34.11542186,223,285,435,356,15052
ow,ow-0824.jpg,ow-0824.xml,ow-0824-01-001921,S1_20191015_035126_035307_VV_4,2019-10-15T03:51:26,2019-10-15T03:53:07,S1A_IW_GRDH_1SDV_20191015T035216_20191015T035241_029464_035A19_207B.SAFE,640,640,32.87831828,31.51614496,32.7461739,31.53750963,32.7204784,31.42208467,32.85262278,31.40072,32.83889252,31.46011373,32.78975133,31.46805871,32.78437133,31.44389161,32.83351252,31.43594663,126,334,364,468,31892
ow,ow-0824.jpg,ow-0824.xml,ow-0824-02-001922,S1_20191015_035126_035307_VV_4,2019-10-15T03:51:26,2019-10-15T03:53:07,S1A_IW_GRDH_1SDV_20191015T035216_20191015T035241_029464_035A19_207B.SAFE,640,640,32.87831828,31.51614496,32.7461739,31.53750963,32.7204784,31.42208467,32.85262278,31.40072,32.82582705,31.43793656,32.8109608,31.44034008,32.80782916,31.42627267,32.82269541,31.42386914,164,464,236,542,5616
ow,ow-0824.jpg,ow-0824.xml,ow-0824-03-001923,S1_20191015_035126_035307_VV_4,2019-10-15T03:51:26,2019-10-15T03:53:07,S1A_IW_GRDH_1SDV_20191015T035216_20191015T035241_029464_035A19_207B.SAFE,640,640,32.87831828,31.51614496,32.7461739,31.53750963,32.7204784,31.42208467,32.85262278,31.40072,32.81427053,31.4994078,32.76099983,31.50802043,32.75778789,31.49359231,32.81105859,31.48497968,282,145,540,225,20640
ow,ow-0825.jpg,ow-0825.xml,ow-0825-01-001924,S1_20191015_035126_035307_VV_5,2019-10-15T03:51:26,2019-10-15T03:53:07,S1A_IW_GRDH_1SDV_20191015T035216_20191015T035241_029464_035A19_207B.SAFE,640,640,31.25846307,31.73094516,31.12562237,31.75065496,31.10191002,31.63533357,31.23475071,31.61562377,31.18331433,31.68898865,31.17957819,31.68954299,31.1770217,31.6771099,31.18075784,31.67655556,311,286,329,355,1242
ow,ow-0826.jpg,ow-0826.xml,ow-0826-01-001925,S1_20191015_035126_035307_VV_6,2019-10-15T03:51:26,2019-10-15T03:53:07,S1A_IW_GRDH_1SDV_20191015T035216_20191015T035241_029464_035A19_207B.SAFE,640,640,32.73735649,31.49914307,32.60515295,31.52037047,32.57962116,31.40495104,32.71182471,31.38372365,32.66070698,31.45337163,32.65678219,31.45400182,32.65606411,31.45075565,32.6599889,31.45012546,311,311,330,329,342
ow,ow-0826.jpg,ow-0826.xml,ow-0826-02-001926,S1_20191015_035126_035307_VV_6,2019-10-15T03:51:26,2019-10-15T03:53:07,S1A_IW_GRDH_1SDV_20191015T035216_20191015T035241_029464_035A19_207B.SAFE,640,640,32.73735649,31.49914307,32.60515295,31.52037047,32.57962116,31.40495104,32.71182471,31.38372365,32.66132397,31.45906176,32.65863859,31.45949295,32.65756146,31.45462369,32.66024685,31.45419251,314,280,327,307,351
ow,ow-0826.jpg,ow-0826.xml,ow-0826-03-001927,S1_20191015_035126_035307_VV_6,2019-10-15T03:51:26,2019-10-15T03:53:07,S1A_IW_GRDH_1SDV_20191015T035216_20191015T035241_029464_035A19_207B.SAFE,640,640,32.73735649,31.49914307,32.60515295,31.52037047,32.57962116,31.40495104,32.71182471,31.38372365,32.69287646,31.4663209,32.68440717,31.46768078,32.68253218,31.45920466,32.69100147,31.45784478,174,214,215,261,1927
ow,ow-0827.jpg,ow-0827.xml,ow-0827-01-001928,S1_20191019_155647_155827_VV_0,2019-10-19T15:56:47,2019-10-19T15:58:27,S1A_IW_GRDH_1SDV_20191019T155737_20191019T155802_029530_035C5B_E72A.SAFE;S1A_IW_GRDH_1SDV_20191019T155712_20191019T155737_029530_035C5B_D123.SAFE,2954,2954,29.98548945,32.30445828,30.60588734,32.40153094,30.48761929,32.93480804,29.8672214,32.83773538,29.98565943,32.30467167,30.42523045,32.37345064,30.33522822,32.7792756,29.89565721,32.71049663,1,1,2094,2249,4705064
ow,ow-0828.jpg,ow-0828.xml,ow-0828-01-001929,S1_20191019_155647_155827_VV_3,2019-10-19T15:56:47,2019-10-19T15:58:27,S1A_IW_GRDH_1SDV_20191019T155712_20191019T155737_029530_035C5B_D123.SAFE,640,640,31.65727591,31.51830998,31.79046891,31.53808742,31.76661695,31.65357818,31.63342395,31.63380073,31.71130327,31.57971096,31.71546555,31.58032901,31.71240952,31.59512626,31.70824724,31.59450822,311,287,331,369,1640
ow,ow-0829.jpg,ow-0829.xml,ow-0829-01-001930,S1_20191019_155647_155827_VV_4,2019-10-19T15:56:47,2019-10-19T15:58:27,S1A_IW_GRDH_1SDV_20191019T155712_20191019T155737_029530_035C5B_D123.SAFE,640,640,31.77340908,31.64314231,31.90666106,31.66277564,31.88298365,31.77825444,31.74973168,31.75862111,31.82758552,31.70949305,31.8302922,31.70989185,31.82966327,31.71295926,31.82695659,31.71256046,316,314,329,331,221
ow,ow-0830.jpg,ow-0830.xml,ow-0830-01-001931,S1_20191019_155647_155827_VV_5,2019-10-19T15:56:47,2019-10-19T15:58:27,S1A_IW_GRDH_1SDV_20191019T155712_20191019T155737_029530_035C5B_D123.SAFE,640,640,32.17734289,31.73535464,32.31071282,31.75469651,32.28738655,31.87014805,32.15401661,31.85080617,32.24403931,31.80017383,32.25008264,31.80105026,32.24636501,31.81945035,32.24032169,31.81857392,372,297,401,399,2958
ow,ow-0830.jpg,ow-0830.xml,ow-0830-02-001932,S1_20191019_155647_155827_VV_5,2019-10-19T15:56:47,2019-10-19T15:58:27,S1A_IW_GRDH_1SDV_20191019T155712_20191019T155737_029530_035C5B_D123.SAFE,640,640,32.17734289,31.73535464,32.31071282,31.75469651,32.28738655,31.87014805,32.15401661,31.85080617,32.21703646,31.79050172,32.22828955,31.79213369,32.22650363,31.80097295,32.21525054,31.79934098,237,266,291,315,2646
ow,ow-0831.jpg,ow-0831.xml,ow-0831-01-001933,S1_20191019_155647_155827_VV_6,2019-10-19T15:56:47,2019-10-19T15:58:27,S1A_IW_GRDH_1SDV_20191019T155712_20191019T155737_029530_035C5B_D123.SAFE,640,640,31.11921809,31.61334869,31.25211206,31.63384582,31.22739023,31.74939086,31.09449626,31.72889373,31.17499435,31.68349543,31.18475375,31.68500069,31.1834404,31.69113902,31.173681,31.68963376,330,330,377,364,1598
ow,ow-0831.jpg,ow-0831.xml,ow-0831-02-001934,S1_20191019_155647_155827_VV_6,2019-10-19T15:56:47,2019-10-19T15:58:27,S1A_IW_GRDH_1SDV_20191019T155712_20191019T155737_029530_035C5B_D123.SAFE,640,640,31.11921809,31.61334869,31.25211206,31.63384582,31.22739023,31.74939086,31.09449626,31.72889373,31.16610399,31.67391835,31.16859575,31.67430267,31.16817084,31.6762886,31.16567908,31.67590428,279,286,291,297,132
ow,ow-0832.jpg,ow-0832.xml,ow-0832-01-001935,S1_20191019_155647_155827_VV_7,2019-10-19T15:56:47,2019-10-19T15:58:27,S1A_IW_GRDH_1SDV_20191019T155712_20191019T155737_029530_035C5B_D123.SAFE,640,640,32.26998337,31.98956586,32.40331338,32.00859792,32.38033897,32.1240189,32.24700896,32.10498684,32.32107868,32.03747722,32.33628663,32.03964806,32.32921482,32.07517608,32.31400687,32.07300524,283,219,356,416,14381
ow,ow-0833.jpg,ow-0833.xml,ow-0833-01-001936,S1_20191019_155647_155827_VV_8,2019-10-19T15:56:47,2019-10-19T15:58:27,S1A_IW_GRDH_1SDV_20191019T155712_20191019T155737_029530_035C5B_D123.SAFE,640,640,31.09774883,31.85509918,31.23070385,31.87545241,31.2061556,31.99098733,31.07320059,31.97063409,31.14732114,31.92363907,31.16082438,31.9257062,31.15848462,31.93671812,31.14498138,31.934651,299,327,364,388,3965
ow,ow-0833.jpg,ow-0833.xml,ow-0833-02-001937,S1_20191019_155647_155827_VV_8,2019-10-19T15:56:47,2019-10-19T15:58:27,S1A_IW_GRDH_1SDV_20191019T155712_20191019T155737_029530_035C5B_D123.SAFE,640,640,31.09774883,31.85509918,31.23070385,31.87545241,31.2061556,31.99098733,31.07320059,31.97063409,31.14666627,31.90955919,31.15643015,31.91105388,31.15405204,31.92224633,31.14428815,31.92075164,282,252,329,314,2914
ow,ow-0834.jpg,ow-0834.xml,ow-0834-01-001938,S1_20191020_035936_040116_VV_0,2019-10-20T03:59:36,2019-10-20T04:01:16,S1A_IW_GRDH_1SDV_20191020T040026_20191020T040051_029537_035C98_A5AA.SAFE,2090,2090,30.37540008,32.69120719,29.93856576,32.75808066,29.85750264,32.38135903,30.29433696,32.31448556,30.36627025,32.64978179,29.93716935,32.71547137,29.88946235,32.49376438,30.31856325,32.4280748,1,230,2054,1460,2525190
ow,ow-0835.jpg,ow-0835.xml,ow-0835-01-001939,S1_20191020_035936_040116_VV_1,2019-10-20T03:59:36,2019-10-20T04:01:16,S1A_IW_GRDH_1SDV_20191020T040001_20191020T040026_029537_035C98_67D9.SAFE,640,640,30.4580213,34.42931883,30.32138616,34.44952193,30.29636695,34.33422636,30.43300209,34.31402326,30.41623004,34.3667042,30.37438553,34.3728914,30.3729782,34.36640602,30.41482271,34.36021882,128,370,324,406,7056
ow,ow-0835.jpg,ow-0835.xml,ow-0835-02-001940,S1_20191020_035936_040116_VV_1,2019-10-20T03:59:36,2019-10-20T04:01:16,S1A_IW_GRDH_1SDV_20191020T040001_20191020T040026_029537_035C98_67D9.SAFE,640,640,30.4580213,34.42931883,30.32138616,34.44952193,30.29636695,34.33422636,30.43300209,34.31402326,30.35078442,34.40222531,30.33968282,34.40386681,30.33804093,34.39630054,30.34914254,34.39465904,460,231,512,273,2184
ow,ow-0836.jpg,ow-0836.xml,ow-0836-01-001941,S1_20191020_035936_040116_VV_2,2019-10-20T03:59:36,2019-10-20T04:01:16,S1A_IW_GRDH_1SDV_20191020T040001_20191020T040026_029537_035C98_67D9.SAFE,640,640,31.17670909,33.30174973,31.04149325,33.32304082,31.01532368,33.20768739,31.15053953,33.1863963,31.17286526,33.3021683,31.09891909,33.31381187,31.07581627,33.21197642,31.14976244,33.20033285,18,1,368,566,197750
ow,ow-0837.jpg,ow-0837.xml,ow-0837-01-001942,S1_20191020_035936_040116_VV_3,2019-10-20T03:59:36,2019-10-20T04:01:16,S1A_IW_GRDH_1SDV_20191020T040026_20191020T040051_029537_035C98_A5AA.SAFE;S1A_IW_GRDH_1SDV_20191020T040001_20191020T040026_029537_035C98_67D9.SAFE,640,640,31.29801075,33.10961,31.16378268,33.13106616,31.13759716,33.01567947,31.27182523,32.99422332,31.24131863,33.07719547,31.20314752,33.08329707,31.19492363,33.04705844,31.23309474,33.04095684,227,222,409,423,36582
ow,ow-0838.jpg,ow-0838.xml,ow-0838-01-001943,S1_20191020_035936_040116_VV_4,2019-10-20T03:59:36,2019-10-20T04:01:16,S1A_IW_GRDH_1SDV_20191020T040026_20191020T040051_029537_035C98_A5AA.SAFE,640,640,30.54573267,32.14002427,30.41214834,32.16093077,30.38680695,32.04554847,30.52039128,32.02464197,30.47235906,32.09593598,30.46275768,32.09743863,30.46105506,32.08968638,30.47065643,32.08818373,295,298,341,341,1978
ow,ow-0839.jpg,ow-0839.xml,ow-0839-01-001944,S1_20191020_035936_040116_VV_6,2019-10-20T03:59:36,2019-10-20T04:01:16,S1A_IW_GRDH_1SDV_20191020T040051_20191020T040116_029537_035C98_7D16.SAFE,640,640,30.30660862,31.59380687,30.17383946,31.6146075,30.14878883,31.49921423,30.28155798,31.47841361,30.23908508,31.54659102,30.22539326,31.54873609,30.22151824,31.53088619,30.23521006,31.52874113,267,310,333,409,6534
ow,ow-0840.jpg,ow-0840.xml,ow-0840-01-001945,S1_20191020_154755_154935_VV_3,2019-10-20T15:47:55,2019-10-20T15:49:35,S1B_IW_GRDH_1SDV_20191020T154820_20191020T154845_018561_022F8C_E7C6.SAFE,640,640,32.65892302,31.39398478,32.79107045,31.41493289,32.76582872,31.53051831,32.6336813,31.5095702,32.66935838,31.4234803,32.67803056,31.42485501,32.67708399,31.42918947,32.66841182,31.42781475,79,149,121,173,1008
ow,ow-0840.jpg,ow-0840.xml,ow-0840-02-001946,S1_20191020_154755_154935_VV_3,2019-10-20T15:47:55,2019-10-20T15:49:35,S1B_IW_GRDH_1SDV_20191020T154820_20191020T154845_018561_022F8C_E7C6.SAFE,640,640,32.65892302,31.39398478,32.79107045,31.41493289,32.76582872,31.53051831,32.6336813,31.5095702,32.74738472,31.49171852,32.76266426,31.49414065,32.75998233,31.5064216,32.74470278,31.50399947,514,448,588,516,5032
ow,ow-0840.jpg,ow-0840.xml,ow-0840-03-001947,S1_20191020_154755_154935_VV_3,2019-10-20T15:47:55,2019-10-20T15:49:35,S1B_IW_GRDH_1SDV_20191020T154820_20191020T154845_018561_022F8C_E7C6.SAFE,640,640,32.65892302,31.39398478,32.79107045,31.41493289,32.76582872,31.53051831,32.6336813,31.5095702,32.72258388,31.47713638,32.72609405,31.47769282,32.72566021,31.47967944,32.72215004,31.47912301,383,391,400,402,187
ow,ow-0841.jpg,ow-0841.xml,ow-0841-01-001948,S1_20191020_154755_154935_VV_4,2019-10-20T15:47:55,2019-10-20T15:49:35,S1B_IW_GRDH_1SDV_20191020T154820_20191020T154845_018561_022F8C_E7C6.SAFE,640,640,32.04887427,31.39567025,32.1816292,31.41715682,32.15565985,31.53275981,32.02290493,31.51127324,32.1367156,31.51565387,32.13941218,31.51609032,32.13880353,31.51879976,32.13610694,31.51836331,534,565,547,580,195
ow,ow-0841.jpg,ow-0841.xml,ow-0841-02-001949,S1_20191020_154755_154935_VV_4,2019-10-20T15:47:55,2019-10-20T15:49:35,S1B_IW_GRDH_1SDV_20191020T154820_20191020T154845_018561_022F8C_E7C6.SAFE,640,640,32.04887427,31.39567025,32.1816292,31.41715682,32.15565985,31.53275981,32.02290493,31.51127324,32.09640252,31.51998657,32.09847681,31.5203223,32.09803047,31.52230923,32.09595617,31.5219735,351,623,361,634,110
ow,ow-0842.jpg,ow-0842.xml,ow-0842-01-001950,S1_20191020_154755_154935_VV_5,2019-10-20T15:47:55,2019-10-20T15:49:35,S1B_IW_GRDH_1SDV_20191020T154820_20191020T154845_018561_022F8C_E7C6.SAFE,640,640,31.98154843,31.50452924,32.11424077,31.52615801,32.08809952,31.64176539,31.95540719,31.62013662,31.98427277,31.56378373,31.98821207,31.56442584,31.98727262,31.56858048,31.98333332,31.56793837,75,314,94,337,437
ow,ow-0842.jpg,ow-0842.xml,ow-0842-02-001951,S1_20191020_154755_154935_VV_5,2019-10-20T15:47:55,2019-10-20T15:49:35,S1B_IW_GRDH_1SDV_20191020T154820_20191020T154845_018561_022F8C_E7C6.SAFE,640,640,31.98154843,31.50452924,32.11424077,31.52615801,32.08809952,31.64176539,31.95540719,31.62013662,31.98086756,31.56173033,31.98377021,31.56220346,31.98336175,31.56400982,31.98045911,31.56353669,57,306,71,316,140
ow,ow-0842.jpg,ow-0842.xml,ow-0842-03-001952,S1_20191020_154755_154935_VV_5,2019-10-20T15:47:55,2019-10-20T15:49:35,S1B_IW_GRDH_1SDV_20191020T154820_20191020T154845_018561_022F8C_E7C6.SAFE,640,640,31.98154843,31.50452924,32.11424077,31.52615801,32.08809952,31.64176539,31.95540719,31.62013662,32.03511711,31.54903412,32.03864175,31.54960864,32.03802906,31.55231819,32.03450442,31.55174367,296,191,313,206,255
ow,ow-0843.jpg,ow-0843.xml,ow-0843-01-001953,S1_20191020_154755_154935_VV_7,2019-10-20T15:47:55,2019-10-20T15:49:35,S1B_IW_GRDH_1SDV_20191020T154820_20191020T154845_018561_022F8C_E7C6.SAFE,640,640,32.41665775,31.83474028,32.54960228,31.85579745,32.52415022,31.97138544,32.39120569,31.95032826,32.46848541,31.89322681,32.47658671,31.89450998,32.47245075,31.91329302,32.46434945,31.91200985,301,269,340,373,4056
ow,ow-0844.jpg,ow-0844.xml,ow-0844-01-001954,S1_20191020_154755_154935_VV_8,2019-10-20T15:47:55,2019-10-20T15:49:35,S1B_IW_GRDH_1SDV_20191020T154820_20191020T154845_018561_022F8C_E7C6.SAFE,640,640,32.09507943,31.87186359,32.22789695,31.89320795,32.20209938,32.00880691,32.06928187,31.98746255,32.14631699,31.93510544,32.15275034,31.9361393,32.15057367,31.94589296,32.14414033,31.9448591,304,294,335,348,1674
ow,ow-0845.jpg,ow-0845.xml,ow-0845-01-001955,S1_20191020_154755_154935_VV_9,2019-10-20T15:47:55,2019-10-20T15:49:35,S1B_IW_GRDH_1SDV_20191020T154820_20191020T154845_018561_022F8C_E7C6.SAFE,640,640,32.86270626,32.45306652,32.99678755,32.47350331,32.97191488,32.58903786,32.83783359,32.56860106,32.92234329,32.46551248,32.93658943,32.46768389,32.93332489,32.4828478,32.91907876,32.48067639,288,18,356,102,5712
ow,ow-0846.jpg,ow-0846.xml,ow-0846-01-001956,S1_20191020_154755_154935_VV_10,2019-10-20T15:47:55,2019-10-20T15:49:35,S1B_IW_GRDH_1SDV_20191020T154820_20191020T154845_018561_022F8C_E7C6.SAFE,640,640,32.72550794,32.4477944,32.85946221,32.46852666,32.83423085,32.58407694,32.70027658,32.56334469,32.80531834,32.55496445,32.81076023,32.5558067,32.80973521,32.56050093,32.80429332,32.55965868,477,508,503,534,676
ow,ow-0846.jpg,ow-0846.xml,ow-0846-02-001957,S1_20191020_154755_154935_VV_10,2019-10-20T15:47:55,2019-10-20T15:49:35,S1B_IW_GRDH_1SDV_20191020T154820_20191020T154845_018561_022F8C_E7C6.SAFE,640,640,32.72550794,32.4477944,32.85946221,32.46852666,32.83423085,32.58407694,32.70027658,32.56334469,32.74257692,32.45286263,32.74760021,32.45364009,32.74629922,32.45959815,32.74127593,32.45882069,84,13,108,46,792
ow,ow-0846.jpg,ow-0846.xml,ow-0846-03-001958,S1_20191020_154755_154935_VV_10,2019-10-20T15:47:55,2019-10-20T15:49:35,S1B_IW_GRDH_1SDV_20191020T154820_20191020T154845_018561_022F8C_E7C6.SAFE,640,640,32.72550794,32.4477944,32.85946221,32.46852666,32.83423085,32.58407694,32.70027658,32.56334469,32.81161963,32.57367136,32.81748013,32.5745784,32.81653396,32.57891154,32.81067346,32.5780045,525,603,553,627,672
ow,ow-0847.jpg,ow-0847.xml,ow-0847-01-001959,S1_20191020_154755_154935_VV_11,2019-10-20T15:47:55,2019-10-20T15:49:35,S1B_IW_GRDH_1SDV_20191020T154845_20191020T154910_018561_022F8C_7ECC.SAFE,640,640,33.67250418,33.95768258,33.80896024,33.976793,33.78536566,34.09220786,33.64890961,34.07309744,33.72489986,34.02215413,33.73790583,34.02397559,33.73709476,34.02794298,33.72408879,34.02612152,299,308,360,330,1342
ow,ow-0848.jpg,ow-0848.xml,ow-0848-01-001960,S1_20191020_154755_154935_VV_12,2019-10-20T15:47:55,2019-10-20T15:49:35,S1B_IW_GRDH_1SDV_20191020T154845_20191020T154910_018561_022F8C_7ECC.SAFE,640,640,33.49699468,34.08983036,33.63388304,34.10906473,33.61004715,34.22448337,33.47315879,34.205249,33.55229398,34.15457199,33.55571619,34.15505285,33.55463612,34.16028276,33.55121391,34.1598019,312,307,328,336,464
ow,ow-0849.jpg,ow-0849.xml,ow-0849-01-001961,S1_20191021_035049_035228_VV_0,2019-10-21T03:50:49,2019-10-21T03:52:28,S1B_IW_GRDH_1SDV_20191021T035139_20191021T035204_018568_022FC0_7FCF.SAFE,1592,1592,32.15901149,32.394555,31.82568248,32.44514083,31.76430533,32.1583259,32.09763434,32.10774007,32.11322959,32.39982874,32.01314713,32.41501719,31.96318182,32.18152966,32.06326427,32.1663412,217,9,695,1305,619488
ow,ow-0849.jpg,ow-0849.xml,ow-0849-02-001962,S1_20191021_035049_035228_VV_0,2019-10-21T03:50:49,2019-10-21T03:52:28,S1B_IW_GRDH_1SDV_20191021T035139_20191021T035204_018568_022FC0_7FCF.SAFE,1592,1592,32.15901149,32.394555,31.82568248,32.44514083,31.76430533,32.1583259,32.09763434,32.10774007,31.88365522,32.40490706,31.87674576,32.40595563,31.87570481,32.40109131,31.88261427,32.40004273,1284,169,1317,196,891
ow,ow-0849.jpg,ow-0849.xml,ow-0849-03-001963,S1_20191021_035049_035228_VV_0,2019-10-21T03:50:49,2019-10-21T03:52:28,S1B_IW_GRDH_1SDV_20191021T035139_20191021T035204_018568_022FC0_7FCF.SAFE,1592,1592,32.15901149,32.394555,31.82568248,32.44514083,31.76430533,32.1583259,32.09763434,32.10774007,31.93562093,32.25174619,31.93164276,32.25234991,31.93033194,32.24622447,31.93431011,32.24562074,892,950,911,984,646
ow,ow-0849.jpg,ow-0849.xml,ow-0849-04-001964,S1_20191021_035049_035228_VV_0,2019-10-21T03:50:49,2019-10-21T03:52:28,S1B_IW_GRDH_1SDV_20191021T035139_20191021T035204_018568_022FC0_7FCF.SAFE,1592,1592,32.15901149,32.394555,31.82568248,32.44514083,31.76430533,32.1583259,32.09763434,32.10774007,31.92862964,32.24332062,31.92632649,32.24367015,31.92555542,32.24006694,31.92785857,32.23971742,916,1001,927,1021,220
ow,ow-0849.jpg,ow-0849.xml,ow-0849-05-001965,S1_20191021_035049_035228_VV_0,2019-10-21T03:50:49,2019-10-21T03:52:28,S1B_IW_GRDH_1SDV_20191021T035139_20191021T035204_018568_022FC0_7FCF.SAFE,1592,1592,32.15901149,32.394555,31.82568248,32.44514083,31.76430533,32.1583259,32.09763434,32.10774007,31.91862463,32.23293427,31.91548397,32.2334109,31.91401893,32.22656481,31.9171596,32.22608819,952,1065,967,1103,570
ow,ow-0850.jpg,ow-0850.xml,ow-0850-01-001966,S1_20191021_035049_035228_VV_1,2019-10-21T03:50:49,2019-10-21T03:52:28,S1B_IW_GRDH_1SDV_20191021T035139_20191021T035204_018568_022FC0_7FCF.SAFE,3411,3411,33.24958438,32.16085028,32.5422649,32.27455127,32.40485207,31.65968561,33.11217154,31.54598463,33.21761594,32.16486877,33.14649,32.1763022,33.13142333,32.10888509,33.20254927,32.09745166,153,6,496,380,128282
ow,ow-0850.jpg,ow-0850.xml,ow-0850-02-001967,S1_20191021_035049_035228_VV_1,2019-10-21T03:50:49,2019-10-21T03:52:28,S1B_IW_GRDH_1SDV_20191021T035139_20191021T035204_018568_022FC0_7FCF.SAFE,3411,3411,33.24958438,32.16085028,32.5422649,32.27455127,32.40485207,31.65968561,33.11217154,31.54598463,33.03386645,32.02223625,32.78150415,32.06280326,32.70447884,31.71814682,32.95684114,31.6775798,860,928,2077,2840,2326904
ow,ow-0850.jpg,ow-0850.xml,ow-0850-03-001968,S1_20191021_035049_035228_VV_1,2019-10-21T03:50:49,2019-10-21T03:52:28,S1B_IW_GRDH_1SDV_20191021T035139_20191021T035204_018568_022FC0_7FCF.SAFE,3411,3411,33.24958438,32.16085028,32.5422649,32.27455127,32.40485207,31.65968561,33.11217154,31.54598463,33.09799322,32.07560472,33.04677425,32.08383812,33.03255357,32.02020647,33.08377254,32.01197306,617,587,864,940,87191
ow,ow-0851.jpg,ow-0851.xml,ow-0851-01-001969,S1_20191021_035049_035228_VV_5,2019-10-21T03:50:49,2019-10-21T03:52:28,S1B_IW_GRDH_1SDV_20191021T035114_20191021T035139_018568_022FC0_0980.SAFE,640,640,31.15898422,33.6345322,31.02274993,33.65340799,30.99949685,33.53824494,31.13573114,33.51936915,31.10103292,33.63904703,31.03674736,33.64795404,31.01454794,33.53800931,31.07883349,33.5291023,269,19,571,630,184522
ow,ow-0852.jpg,ow-0852.xml,ow-0852-01-001970,S1_20191021_035049_035228_VV_6,2019-10-21T03:50:49,2019-10-21T03:52:28,S1B_IW_GRDH_1SDV_20191021T035114_20191021T035139_018568_022FC0_0980.SAFE,640,640,31.91344867,33.40090572,31.77842005,33.42090439,31.75398533,33.30564494,31.88901395,33.28564627,31.78914316,33.31956982,31.77838307,33.32116346,31.77609231,33.31035789,31.7868524,33.30876424,492,537,543,597,3060
ow,ow-0852.jpg,ow-0852.xml,ow-0852-02-001971,S1_20191021_035049_035228_VV_6,2019-10-21T03:50:49,2019-10-21T03:52:28,S1B_IW_GRDH_1SDV_20191021T035114_20191021T035139_018568_022FC0_0980.SAFE,640,640,31.91344867,33.40090572,31.77842005,33.42090439,31.75398533,33.30564494,31.88901395,33.28564627,31.86022456,33.36848137,31.80790097,33.37623086,31.79740167,33.32670531,31.84972526,33.31895582,213,217,461,492,68200
ow,ow-0853.jpg,ow-0853.xml,ow-0853-01-001972,S1_20191021_035049_035228_VV_7,2019-10-21T03:50:49,2019-10-21T03:52:28,S1B_IW_GRDH_1SDV_20191021T035114_20191021T035139_018568_022FC0_0980.SAFE,640,640,31.19429789,33.28685547,31.05898831,33.3059625,31.03563053,33.19077338,31.17094011,33.17166635,31.12062853,33.23671861,31.10794325,33.2385099,31.10509653,33.22447122,31.1177818,33.22267994,292,327,352,405,4680
ow,ow-0853.jpg,ow-0853.xml,ow-0853-02-001973,S1_20191021_035049_035228_VV_7,2019-10-21T03:50:49,2019-10-21T03:52:28,S1B_IW_GRDH_1SDV_20191021T035114_20191021T035139_018568_022FC0_0980.SAFE,640,640,31.19429789,33.28685547,31.05898831,33.3059625,31.03563053,33.19077338,31.17094011,33.17166635,31.12235272,33.25165635,31.11262734,33.25302966,31.10978061,33.23899099,31.11950599,33.23761767,298,245,344,323,3588
ow,ow-0854.jpg,ow-0854.xml,ow-0854-01-001974,S1_20191021_035049_035228_VV_8,2019-10-21T03:50:49,2019-10-21T03:52:28,S1B_IW_GRDH_1SDV_20191021T035114_20191021T035139_018568_022FC0_0980.SAFE,640,640,31.56833779,33.04835165,31.43312646,33.06790974,31.40922862,32.95268213,31.54443995,32.93312405,31.51832138,33.02962423,31.50458898,33.0316106,31.50055622,33.01216594,31.51428862,33.01017957,212,140,277,248,7020
ow,ow-0854.jpg,ow-0854.xml,ow-0854-02-001975,S1_20191021_035049_035228_VV_8,2019-10-21T03:50:49,2019-10-21T03:52:28,S1B_IW_GRDH_1SDV_20191021T035114_20191021T035139_018568_022FC0_0980.SAFE,640,640,31.56833779,33.04835165,31.43312646,33.06790974,31.40922862,32.95268213,31.54443995,32.93312405,31.46461614,32.9784213,31.45954571,32.97915472,31.45779072,32.9706927,31.46286114,32.96995927,410,458,434,505,1128
ow,ow-0855.jpg,ow-0855.xml,ow-0855-01-001976,S1_20191021_035049_035228_VV_9,2019-10-21T03:50:49,2019-10-21T03:52:28,S1B_IW_GRDH_1SDV_20191021T035114_20191021T035139_018568_022FC0_0980.SAFE,640,640,31.3700043,33.05778799,31.2347335,33.0772,31.21101548,32.96198506,31.34628628,32.94257304,31.29943672,33.027881,31.28823461,33.02948856,31.28000742,32.98952337,31.29120953,32.98791582,296,216,349,438,11766
ow,ow-0855.jpg,ow-0855.xml,ow-0855-02-001977,S1_20191021_035049_035228_VV_9,2019-10-21T03:50:49,2019-10-21T03:52:28,S1B_IW_GRDH_1SDV_20191021T035114_20191021T035139_018568_022FC0_0980.SAFE,640,640,31.3700043,33.05778799,31.2347335,33.0772,31.21101548,32.96198506,31.34628628,32.94257304,31.2805173,33.03745367,31.2536745,33.04130574,31.25000562,33.02348343,31.27684842,33.01963136,392,179,519,278,12573
ow,ow-0856.jpg,ow-0856.xml,ow-0856-01-001978,S1_20191021_035049_035228_VV_10,2019-10-21T03:50:49,2019-10-21T03:52:28,S1B_IW_GRDH_1SDV_20191021T035139_20191021T035204_018568_022FC0_7FCF.SAFE;S1B_IW_GRDH_1SDV_20191021T035114_20191021T035139_018568_022FC0_0980.SAFE,640,640,31.56062346,32.86974528,31.42638442,32.88950843,31.40240377,32.77424628,31.5366428,32.75448313,31.50642765,32.80459244,31.49782796,32.80585852,31.49681628,32.8009959,31.50541597,32.79972982,188,394,229,421,1107
ow,ow-0856.jpg,ow-0856.xml,ow-0856-02-001979,S1_20191021_035049_035228_VV_10,2019-10-21T03:50:49,2019-10-21T03:52:28,S1B_IW_GRDH_1SDV_20191021T035139_20191021T035204_018568_022FC0_7FCF.SAFE;S1B_IW_GRDH_1SDV_20191021T035114_20191021T035139_018568_022FC0_0980.SAFE,640,640,31.56062346,32.86974528,31.42638442,32.88950843,31.40240377,32.77424628,31.5366428,32.75448313,31.4889118,32.78378388,31.47192217,32.78628516,31.4674258,32.7646735,31.48441543,32.76217223,249,520,330,640,9720
ow,ow-0857.jpg,ow-0857.xml,ow-0857-01-001980,S1_20191021_035049_035228_VV_11,2019-10-21T03:50:49,2019-10-21T03:52:28,S1B_IW_GRDH_1SDV_20191021T035139_20191021T035204_018568_022FC0_7FCF.SAFE;S1B_IW_GRDH_1SDV_20191021T035114_20191021T035139_018568_022FC0_0980.SAFE,640,640,31.37876619,32.84884826,31.24441011,32.86832451,31.2207784,32.75308596,31.35513448,32.73360971,31.29866248,32.79871762,31.27913886,32.80154777,31.27662799,32.78930367,31.29615161,32.78647353,323,333,416,401,6324
ow,ow-0857.jpg,ow-0857.xml,ow-0857-02-001981,S1_20191021_035049_035228_VV_11,2019-10-21T03:50:49,2019-10-21T03:52:28,S1B_IW_GRDH_1SDV_20191021T035139_20191021T035204_018568_022FC0_7FCF.SAFE;S1B_IW_GRDH_1SDV_20191021T035114_20191021T035139_018568_022FC0_0980.SAFE,640,640,31.37876619,32.84884826,31.24441011,32.86832451,31.2207784,32.75308596,31.35513448,32.73360971,31.32417826,32.80929564,31.31830018,32.81014773,31.31722937,32.80492598,31.32310745,32.8040739,215,256,243,285,812
ow,ow-0858.jpg,ow-0858.xml,ow-0858-01-001982,S1_20191021_035049_035228_VV_13,2019-10-21T03:50:49,2019-10-21T03:52:28,S1B_IW_GRDH_1SDV_20191021T035139_20191021T035204_018568_022FC0_7FCF.SAFE,1174,1174,31.6485428,32.4434401,31.40229806,32.47969313,31.35830855,32.26825911,31.60455329,32.23200608,31.52837752,32.24823252,31.52061683,32.24937507,31.51982997,32.24559303,31.52759066,32.24445048,368,1147,405,1168,777
ow,ow-0858.jpg,ow-0858.xml,ow-0858-02-001983,S1_20191021_035049_035228_VV_13,2019-10-21T03:50:49,2019-10-21T03:52:28,S1B_IW_GRDH_1SDV_20191021T035139_20191021T035204_018568_022FC0_7FCF.SAFE,1174,1174,31.6485428,32.4434401,31.40229806,32.47969313,31.35830855,32.26825911,31.60455329,32.23200608,31.5068644,32.45446098,31.49532824,32.45615938,31.48138948,32.38916325,31.49292565,32.38746485,666,53,721,425,20460
ow,ow-0858.jpg,ow-0858.xml,ow-0858-03-001984,S1_20191021_035049_035228_VV_13,2019-10-21T03:50:49,2019-10-21T03:52:28,S1B_IW_GRDH_1SDV_20191021T035139_20191021T035204_018568_022FC0_7FCF.SAFE,1174,1174,31.6485428,32.4434401,31.40229806,32.47969313,31.35830855,32.26825911,31.60455329,32.23200608,31.49942826,32.3917047,31.49523329,32.39232229,31.49429655,32.38781987,31.49849152,32.38720227,640,397,660,422,500
ow,ow-0858.jpg,ow-0858.xml,ow-0858-04-001985,S1_20191021_035049_035228_VV_13,2019-10-21T03:50:49,2019-10-21T03:52:28,S1B_IW_GRDH_1SDV_20191021T035139_20191021T035204_018568_022FC0_7FCF.SAFE,1174,1174,31.6485428,32.4434401,31.40229806,32.47969313,31.35830855,32.26825911,31.60455329,32.23200608,31.4833888,32.37903138,31.47332088,32.38051362,31.47051064,32.36700634,31.48057857,32.3655241,702,478,750,553,3600
ow,ow-0858.jpg,ow-0858.xml,ow-0858-05-001986,S1_20191021_035049_035228_VV_13,2019-10-21T03:50:49,2019-10-21T03:52:28,S1B_IW_GRDH_1SDV_20191021T035139_20191021T035204_018568_022FC0_7FCF.SAFE,1174,1174,31.6485428,32.4434401,31.40229806,32.47969313,31.35830855,32.26825911,31.60455329,32.23200608,31.49734461,32.3775336,31.4860182,32.37920112,31.48347025,32.36695451,31.49479667,32.365287,636,475,690,543,3672
ow,ow-0858.jpg,ow-0858.xml,ow-0858-06-001987,S1_20191021_035049_035228_VV_13,2019-10-21T03:50:49,2019-10-21T03:52:28,S1B_IW_GRDH_1SDV_20191021T035139_20191021T035204_018568_022FC0_7FCF.SAFE,1174,1174,31.6485428,32.4434401,31.40229806,32.47969313,31.35830855,32.26825911,31.60455329,32.23200608,31.52619092,32.35305487,31.52010822,32.35395038,31.51905906,32.34890766,31.52514177,32.34801215,479,584,508,612,812
ow,ow-0858.jpg,ow-0858.xml,ow-0858-07-001988,S1_20191021_035049_035228_VV_13,2019-10-21T03:50:49,2019-10-21T03:52:28,S1B_IW_GRDH_1SDV_20191021T035139_20191021T035204_018568_022FC0_7FCF.SAFE,1174,1174,31.6485428,32.4434401,31.40229806,32.47969313,31.35830855,32.26825911,31.60455329,32.23200608,31.54784756,32.35116579,31.49142521,32.35947249,31.47493851,32.28022976,31.53136086,32.27192306,377,577,646,1017,118360
ow,ow-0858.jpg,ow-0858.xml,ow-0858-08-001989,S1_20191021_035049_035228_VV_13,2019-10-21T03:50:49,2019-10-21T03:52:28,S1B_IW_GRDH_1SDV_20191021T035139_20191021T035204_018568_022FC0_7FCF.SAFE,1174,1174,31.6485428,32.4434401,31.40229806,32.47969313,31.35830855,32.26825911,31.60455329,32.23200608,31.50321387,32.32989489,31.47154185,32.33455776,31.46108778,32.28431066,31.49275981,32.2796478,563,727,714,1006,42129
ow,ow-0858.jpg,ow-0858.xml,ow-0858-09-001990,S1_20191021_035049_035228_VV_13,2019-10-21T03:50:49,2019-10-21T03:52:28,S1B_IW_GRDH_1SDV_20191021T035139_20191021T035204_018568_022FC0_7FCF.SAFE,1174,1174,31.6485428,32.4434401,31.40229806,32.47969313,31.35830855,32.26825911,31.60455329,32.23200608,31.51565294,32.28370193,31.49614633,32.28657376,31.49269911,32.27000483,31.51220572,32.26713299,461,966,554,1058,8556
ow,ow-0858.jpg,ow-0858.xml,ow-0858-10-001991,S1_20191021_035049_035228_VV_13,2019-10-21T03:50:49,2019-10-21T03:52:28,S1B_IW_GRDH_1SDV_20191021T035139_20191021T035204_018568_022FC0_7FCF.SAFE,1174,1174,31.6485428,32.4434401,31.40229806,32.47969313,31.35830855,32.26825911,31.60455329,32.23200608,31.49920947,32.27739896,31.48326858,32.27974583,31.477798,32.25345165,31.49373888,32.25110478,531,1013,607,1159,11096
ow,ow-0859.jpg,ow-0859.xml,ow-0859-01-001992,S1_20191021_035049_035228_VV_14,2019-10-21T03:50:49,2019-10-21T03:52:28,S1B_IW_GRDH_1SDV_20191021T035139_20191021T035204_018568_022FC0_7FCF.SAFE,640,640,31.7499605,32.01024646,31.61672135,32.03034886,31.59249676,31.91505031,31.72573591,31.89494791,31.62779354,31.94912824,31.62279707,31.94988208,31.6220022,31.94609885,31.62699867,31.94534501,509,428,533,449,504
ow,ow-0859.jpg,ow-0859.xml,ow-0859-02-001993,S1_20191021_035049_035228_VV_14,2019-10-21T03:50:49,2019-10-21T03:52:28,S1B_IW_GRDH_1SDV_20191021T035139_20191021T035204_018568_022FC0_7FCF.SAFE,640,640,31.7499605,32.01024646,31.61672135,32.03034886,31.59249676,31.91505031,31.72573591,31.89494791,31.62936428,31.96989397,31.62457599,31.9706164,31.62385683,31.96719348,31.62864511,31.96647105,522,315,545,334,437
ow,ow-0859.jpg,ow-0859.xml,ow-0859-03-001994,S1_20191021_035049_035228_VV_14,2019-10-21T03:50:49,2019-10-21T03:52:28,S1B_IW_GRDH_1SDV_20191021T035139_20191021T035204_018568_022FC0_7FCF.SAFE,640,640,31.7499605,32.01024646,31.61672135,32.03034886,31.59249676,31.91505031,31.72573591,31.89494791,31.71430403,31.99183543,31.67370772,31.99796038,31.66534267,31.95814635,31.70593897,31.9520214,148,128,343,349,43095
ow,ow-0859.jpg,ow-0859.xml,ow-0859-04-001995,S1_20191021_035049_035228_VV_14,2019-10-21T03:50:49,2019-10-21T03:52:28,S1B_IW_GRDH_1SDV_20191021T035139_20191021T035204_018568_022FC0_7FCF.SAFE,640,640,31.7499605,32.01024646,31.61672135,32.03034886,31.59249676,31.91505031,31.72573591,31.89494791,31.64721166,31.94136606,31.62306207,31.94500962,31.62007184,31.93077746,31.64422144,31.9271339,411,454,527,533,9164
ow,ow-0860.jpg,ow-0860.xml,ow-0860-01-001996,S1_20191021_035049_035228_VV_15,2019-10-21T03:50:49,2019-10-21T03:52:28,S1B_IW_GRDH_1SDV_20191021T035139_20191021T035204_018568_022FC0_7FCF.SAFE,640,640,32.35800072,31.87596449,32.22505656,31.8967625,32.19999294,31.78142018,32.3329371,31.76062217,32.28163426,31.82995687,32.27394843,31.83115925,32.27277357,31.82575258,32.28045941,31.8245502,309,311,346,341,1110
ow,ow-0861.jpg,ow-0861.xml,ow-0861-01-001997,S1_20191022_034306_034446_VV_0,2019-10-22T03:43:06,2019-10-22T03:44:46,S1A_IW_GRDH_1SDV_20191022T034356_20191022T034421_029566_035D93_FD78.SAFE;S1A_IW_GRDH_1SDV_20191022T034331_20191022T034356_029566_035D93_9262.SAFE,2264,2264,34.03705599,33.69779984,33.55549022,33.76719605,33.46945909,33.35939456,33.95102486,33.28999835,33.63329612,33.59785236,33.62563871,33.59895584,33.62389073,33.59067012,33.63154813,33.58956664,1746,852,1782,898,1656
ow,ow-0861.jpg,ow-0861.xml,ow-0861-02-001998,S1_20191022_034306_034446_VV_0,2019-10-22T03:43:06,2019-10-22T03:44:46,S1A_IW_GRDH_1SDV_20191022T034356_20191022T034421_029566_035D93_FD78.SAFE;S1A_IW_GRDH_1SDV_20191022T034331_20191022T034356_029566_035D93_9262.SAFE,2264,2264,34.03705599,33.69779984,33.55549022,33.76719605,33.46945909,33.35939456,33.95102486,33.28999835,33.67793885,33.56116626,33.65645557,33.56426212,33.64965364,33.53201986,33.67113692,33.528924,1507,1015,1608,1194,18079
ow,ow-0861.jpg,ow-0861.xml,ow-0861-03-001999,S1_20191022_034306_034446_VV_0,2019-10-22T03:43:06,2019-10-22T03:44:46,S1A_IW_GRDH_1SDV_20191022T034356_20191022T034421_029566_035D93_FD78.SAFE;S1A_IW_GRDH_1SDV_20191022T034331_20191022T034356_029566_035D93_9262.SAFE,2264,2264,34.03705599,33.69779984,33.55549022,33.76719605,33.46945909,33.35939456,33.95102486,33.28999835,33.80949757,33.54480635,33.79163029,33.54738112,33.78669034,33.52396495,33.80455762,33.52139018,891,1001,975,1131,10920
ow,ow-0861.jpg,ow-0861.xml,ow-0861-04-002000,S1_20191022_034306_034446_VV_0,2019-10-22T03:43:06,2019-10-22T03:44:46,S1A_IW_GRDH_1SDV_20191022T034356_20191022T034421_029566_035D93_FD78.SAFE;S1A_IW_GRDH_1SDV_20191022T034331_20191022T034356_029566_035D93_9262.SAFE,2264,2264,34.03705599,33.69779984,33.55549022,33.76719605,33.46945909,33.35939456,33.95102486,33.28999835,33.6463445,33.39478132,33.63783627,33.3960074,33.63643028,33.3893428,33.64493851,33.38811672,1491,1936,1531,1973,1480
